include,geographic_scale,study_area,specific_area,taxonomic_resolution,taxonomic_unit_revised,kingdom,phylum,class,order,family,genus,ecosystem,realm,information_source,gradient,position,measurement_type,observation,startperiod_orig,startperiod_startyear,startperiod_endyear,startperiod_midyear,endperiod_orig,endperiod_startyear,endperiod_endyear,endperiod_midyear,n_years,n_years_midyear,number_of_censuses,magnitude_of_shift,unit_of_shift,azimuth_of_shift,shift_tested,shift_significant,data_cleaning,modelling_conducted,other_effects,shift_source,language,reference_no,publication_id,doi,authors,article_title,publication_year,source_title,data_section,notes,lat_mean,comment,edit_info,recorder_name
1,sub_japan,Tohoku,Pacific coast,species,Sardinops sagax,Animalia,Chordata,Teleostei,Clupeiformes,Alosidae,Sardinops,marine,marine,scientific survey,horizontal,centroid,abundance_cpue,abundance,2005,2005,2005,2005,2020,2020,2020,2020,16,15,257,118.25621435067856,km/year,255.47625917534504,NA,NA,NA,NA,NA,NA,en,E2241,Higashiguchi et al. 2025,10.2139/ssrn.5167358,"K Higashiguchi, S Nishijima, Y Kamimura…",Species-Specific Temporal Shifts in Distribution Patterns of Japanese Sardine and Japanese Anchovy in the Western North Pacific in Relation to the Pacific Decadal Oscillation,2025,SSRN,Fig. 4,NA,NA,magnitude and azimuth of the horizontal shift estimated by combining latitude and longitude shift observations,NA,NA
1,sub_japan,Tohoku,Pacific coast,species,Engraulis japonicus,Animalia,Chordata,Teleostei,Clupeiformes,Engraulidae,Engraulis,marine,marine,scientific survey,horizontal,centroid,abundance_cpue,abundance,2005,2005,2005,2005,2020,2020,2020,2020,16,15,285,3.0274992161674907,km/year,240.3722428334836,NA,NA,NA,NA,NA,NA,en,E2241,Higashiguchi et al. 2025,10.2139/ssrn.5167358,"K Higashiguchi, S Nishijima, Y Kamimura…",Species-Specific Temporal Shifts in Distribution Patterns of Japanese Sardine and Japanese Anchovy in the Western North Pacific in Relation to the Pacific Decadal Oscillation,2025,SSRN,Fig. 4,NA,NA,magnitude and azimuth of the horizontal shift estimated by combining latitude and longitude shift observations,NA,NA
1,sub_japan,Tohoku,Pacific coast,species,Sardinops sagax,Animalia,Chordata,Teleostei,Clupeiformes,Alosidae,Sardinops,marine,marine,scientific survey,latitude,centroid,abundance_cpue,abundance,2005,2005,2005,2005,2020,2020,2020,2020,16,15,257,-29.65642823561478,km/year,NA,no,na,no,yes,pacific decadal oscillation,estimated,en,E2241,Higashiguchi et al. 2025,10.2139/ssrn.5167358,"K Higashiguchi, S Nishijima, Y Kamimura…",Species-Specific Temporal Shifts in Distribution Patterns of Japanese Sardine and Japanese Anchovy in the Western North Pacific in Relation to the Pacific Decadal Oscillation,2025,SSRN,Fig. 4,the shift change was estimated from fig. 4 using webplotdigitzer (https://automeris.io/wpd/?v=5_2),NA,na,"changed the gradient column from latitude/longitude to latitude after contacting sueyoshi-san. changed ""number of censuses"" column from 632 to 257 as the study presented the effort per species.",Sueyoshi
1,sub_japan,Tohoku,Pacific coast,species,Engraulis japonicus,Animalia,Chordata,Teleostei,Clupeiformes,Engraulidae,Engraulis,marine,marine,scientific survey,latitude,centroid,abundance_cpue,abundance,2005,2005,2005,2005,2020,2020,2020,2020,16,15,285,-1.4966837126357606,km/year,NA,no,na,no,yes,pacific decadal oscillation,estimated,en,E2241,Higashiguchi et al. 2025,10.2139/ssrn.5167358,"K Higashiguchi, S Nishijima, Y Kamimura…",Species-Specific Temporal Shifts in Distribution Patterns of Japanese Sardine and Japanese Anchovy in the Western North Pacific in Relation to the Pacific Decadal Oscillation,2025,SSRN,Fig. 4,the shift change was estimated from fig. 4 using webplotdigitzer (https://automeris.io/wpd/?v=5_2),NA,na,"changed ""number of censuses"" column from 632 to 285 as the study presented the effort per species.",Sueyoshi
1,sub_japan,Tohoku,Pacific coast,species,Sardinops sagax,Animalia,Chordata,Teleostei,Clupeiformes,Alosidae,Sardinops,marine,marine,scientific survey,longitude,centroid,abundance_cpue,abundance,2005,2005,2005,2005,2020,2020,2020,2020,16,15,257,-114.47719640548272,km/year,NA,no,na,no,yes,pacific decadal oscillation,estimated,en,E2241,Higashiguchi et al. 2025,10.2139/ssrn.5167358,"K Higashiguchi, S Nishijima, Y Kamimura…",Species-Specific Temporal Shifts in Distribution Patterns of Japanese Sardine and Japanese Anchovy in the Western North Pacific in Relation to the Pacific Decadal Oscillation,2025,SSRN,Fig. 4,the shift change was estimated from fig. 4 using webplotdigitzer (https://automeris.io/wpd/?v=5_2),42,na,"changed ""number of censuses"" column from 632 to 257 as the study presented the effort per species.",Sueyoshi
1,sub_japan,Tohoku,Pacific coast,species,Engraulis japonicus,Animalia,Chordata,Teleostei,Clupeiformes,Engraulidae,Engraulis,marine,marine,scientific survey,longitude,centroid,abundance_cpue,abundance,2005,2005,2005,2005,2020,2020,2020,2020,16,15,285,-2.6316704520561855,km/year,NA,no,na,no,yes,pacific decadal oscillation,estimated,en,E2241,Higashiguchi et al. 2025,10.2139/ssrn.5167358,"K Higashiguchi, S Nishijima, Y Kamimura…",Species-Specific Temporal Shifts in Distribution Patterns of Japanese Sardine and Japanese Anchovy in the Western North Pacific in Relation to the Pacific Decadal Oscillation,2025,SSRN,Fig. 4,the shift change was estimated from fig. 4 using webplotdigitzer (https://automeris.io/wpd/?v=5_2),42,na,"changed ""number of censuses"" column from 632 to 285 as the study presented the effort per species.",Sueyoshi
1,entire_japan,Japan,Korea Strait,species,Seriola quinqueradiata,Animalia,Chordata,Teleostei,Carangiformes,Carangidae,Seriola,marine,marine,fishery statistics,latitude,centroid,abundance,abundance,1984,1984,1984,1984,2010,2010,2010,2010,26,26,312,0.8827389172119331,km/year,NA,yes,no,no,no,no,estimated,en,E0009,Jung et al. 2014,10.1007/s11160-013-9310-1,"Jung, S; Pang, IC; Lee, JH; Choi, I; Cha, HK",Latitudinal shifts in the distribution of exploited fishes in korean waters during the last 30 years: a consequence of climate change,2014,Reviews in Fish Biology and Fisheries,Fig. 4,"while the study focuses on the korean waters, this study was included because it mainly focuses on open sea species from the surrounding seas of japan. range shift was estimated by extracting data from the plots. the measurement of fish data was biomass. the latitude represents biomass-weighted monthly mean latitudes.",NA,na,"edited ""position"" column from unknown to centroid. unknown was originally assigned because the study did not explicitly mention the range position being considered. but after comparing the study area with the distribution map based on occurrence records, centroid was assigned for range position because the study area was close to the center of the latitudinal distribution. the comparison work is saved in e0009.distribution_20260626tscheck.pptx.",Sakiyama
1,entire_japan,Japan,Korea Strait,species,Trachurus japonicus,Animalia,Chordata,Teleostei,Carangiformes,Carangidae,Trachurus,marine,marine,fishery statistics,latitude,centroid,abundance,abundance,1987,1987,1987,1987,2010,2010,2010,2010,23,23,276,-0.6516693103145638,km/year,NA,yes,yes,no,no,no,estimated,en,E0009,Jung et al. 2014,10.1007/s11160-013-9310-1,"Jung, S; Pang, IC; Lee, JH; Choi, I; Cha, HK",Latitudinal shifts in the distribution of exploited fishes in korean waters during the last 30 years: a consequence of climate change,2014,Reviews in Fish Biology and Fisheries,Fig. 4,"while the study focuses on the korean waters, this study was included because it mainly focuses on open sea species from the surrounding seas of japan. range shift was estimated by extracting data from the plots. the measurement of fish data was biomass. the latitude represents biomass-weighted monthly mean latitudes.",NA,na,"edited ""position"" column from unknown to centroid. unknown was originally assigned because the study did not explicitly mention the range position being considered. but after comparing the study area with the distribution map based on occurrence records, centroid was assigned for range position because the study area was close to the center of the latitudinal distribution. the comparison work is saved in e0009.distribution_20260626tscheck.pptx.",Sakiyama
1,entire_japan,Japan,Korea Strait,species,Sardinops sagax,Animalia,Chordata,Teleostei,Clupeiformes,Alosidae,Sardinops,marine,marine,fishery statistics,latitude,centroid,abundance,abundance,1984,1984,1984,1984,2010,2010,2010,2010,26,26,312,-3.5795767416576787,km/year,NA,yes,yes,no,no,no,estimated,en,E0009,Jung et al. 2014,10.1007/s11160-013-9310-1,"Jung, S; Pang, IC; Lee, JH; Choi, I; Cha, HK",Latitudinal shifts in the distribution of exploited fishes in korean waters during the last 30 years: a consequence of climate change,2014,Reviews in Fish Biology and Fisheries,Fig. 4,"while the study focuses on the korean waters, this study was included because it mainly focuses on open sea species from the surrounding seas of japan. range shift was estimated by extracting data from the plots. the measurement of fish data was biomass. the latitude represents biomass-weighted monthly mean latitudes.",NA,na,"edited ""position"" column from unknown to centroid. unknown was originally assigned because the study did not explicitly mention the range position being considered. but after comparing the study area with the distribution map based on occurrence records, centroid was assigned for range position because the study area was close to the center of the latitudinal distribution. the comparison work is saved in e0009.distribution_20260626tscheck.pptx.",Sakiyama
1,entire_japan,Japan,Korea Strait,species,Clupea pallasii,Animalia,Chordata,Teleostei,Clupeiformes,Clupeidae,Clupea,marine,marine,fishery statistics,latitude,centroid,abundance,abundance,1999,1999,1999,1999,2010,2010,2010,2010,11,11,132,-7.031191002144511,km/year,NA,yes,yes,no,no,no,estimated,en,E0009,Jung et al. 2014,10.1007/s11160-013-9310-1,"Jung, S; Pang, IC; Lee, JH; Choi, I; Cha, HK",Latitudinal shifts in the distribution of exploited fishes in korean waters during the last 30 years: a consequence of climate change,2014,Reviews in Fish Biology and Fisheries,Fig. 4,"while the study focuses on the korean waters, this study was included because it mainly focuses on open sea species from the surrounding seas of japan. range shift was estimated by extracting data from the plots. the measurement of fish data was biomass. the latitude represents biomass-weighted monthly mean latitudes.",NA,na,"edited ""position"" column from unknown to centroid. unknown was originally assigned because the study did not explicitly mention the range position being considered. but after comparing the study area with the distribution map based on occurrence records, centroid was assigned for range position because the study area was close to the center of the latitudinal distribution. the comparison work is saved in e0009.distribution_20260626tscheck.pptx.",Sakiyama
1,entire_japan,Japan,Korea Strait,species,Engraulis japonicus,Animalia,Chordata,Teleostei,Clupeiformes,Engraulidae,Engraulis,marine,marine,fishery statistics,latitude,centroid,abundance,abundance,1984,1984,1984,1984,2010,2010,2010,2010,26,26,312,-2.0080557230005587,km/year,NA,yes,yes,no,no,no,estimated,en,E0009,Jung et al. 2014,10.1007/s11160-013-9310-1,"Jung, S; Pang, IC; Lee, JH; Choi, I; Cha, HK",Latitudinal shifts in the distribution of exploited fishes in korean waters during the last 30 years: a consequence of climate change,2014,Reviews in Fish Biology and Fisheries,Fig. 4,"while the study focuses on the korean waters, this study was included because it mainly focuses on open sea species from the surrounding seas of japan. range shift was estimated by extracting data from the plots. the measurement of fish data was biomass. the latitude represents biomass-weighted monthly mean latitudes.",NA,na,"edited ""position"" column from unknown to centroid. unknown was originally assigned because the study did not explicitly mention the range position being considered. but after comparing the study area with the distribution map based on occurrence records, centroid was assigned for range position because the study area was close to the center of the latitudinal distribution. the comparison work is saved in e0009.distribution_20260626tscheck.pptx.",Sakiyama
1,entire_japan,Japan,Korea Strait,species,Branchiostegus japonicus,Animalia,Chordata,Teleostei,Eupercaria incertae sedis,Malacanthidae,Branchiostegus,marine,marine,fishery statistics,latitude,centroid,abundance,abundance,1995,1995,1995,1995,2010,2010,2010,2010,15,15,180,4.204930669681211,km/year,NA,yes,yes,no,no,no,estimated,en,E0009,Jung et al. 2014,10.1007/s11160-013-9310-1,"Jung, S; Pang, IC; Lee, JH; Choi, I; Cha, HK",Latitudinal shifts in the distribution of exploited fishes in korean waters during the last 30 years: a consequence of climate change,2014,Reviews in Fish Biology and Fisheries,Fig. 4,"while the study focuses on the korean waters, this study was included because it mainly focuses on open sea species from the surrounding seas of japan. range shift was estimated by extracting data from the plots. the measurement of fish data was biomass. the latitude represents biomass-weighted monthly mean latitudes.",NA,na,"edited ""position"" column from unknown to centroid. unknown was originally assigned because the study did not explicitly mention the range position being considered. but after comparing the study area with the distribution map based on occurrence records, centroid was assigned for range position because the study area was close to the center of the latitudinal distribution. the comparison work is saved in e0009.distribution_20260626tscheck.pptx.",Sakiyama
1,entire_japan,Japan,Korea Strait,species,Larimichthys polyactis,Animalia,Chordata,Teleostei,Eupercaria incertae sedis,Sciaenidae,Larimichthys,marine,marine,fishery statistics,latitude,centroid,abundance,abundance,1987,1987,1987,1987,2010,2010,2010,2010,23,23,276,4.633754781064732,km/year,NA,yes,yes,no,no,no,estimated,en,E0009,Jung et al. 2014,10.1007/s11160-013-9310-1,"Jung, S; Pang, IC; Lee, JH; Choi, I; Cha, HK",Latitudinal shifts in the distribution of exploited fishes in korean waters during the last 30 years: a consequence of climate change,2014,Reviews in Fish Biology and Fisheries,Fig. 4,"while the study focuses on the korean waters, this study was included because it mainly focuses on open sea species from the surrounding seas of japan. range shift was estimated by extracting data from the plots. the measurement of fish data was biomass. the latitude represents biomass-weighted monthly mean latitudes.",NA,na,"edited ""position"" column from unknown to centroid. unknown was originally assigned because the study did not explicitly mention the range position being considered. but after comparing the study area with the distribution map based on occurrence records, centroid was assigned for range position because the study area was close to the center of the latitudinal distribution. the comparison work is saved in e0009.distribution_20260626tscheck.pptx.",Sakiyama
1,entire_japan,Japan,Korea Strait,species,Scomber japonicus,Animalia,Chordata,Teleostei,Scombriformes,Scombridae,Scomber,marine,marine,fishery statistics,latitude,centroid,abundance,abundance,1984,1984,1984,1984,2010,2010,2010,2010,26,26,312,-0.5665099760097534,km/year,NA,yes,no,no,no,no,estimated,en,E0009,Jung et al. 2014,10.1007/s11160-013-9310-1,"Jung, S; Pang, IC; Lee, JH; Choi, I; Cha, HK",Latitudinal shifts in the distribution of exploited fishes in korean waters during the last 30 years: a consequence of climate change,2014,Reviews in Fish Biology and Fisheries,Fig. 4,"while the study focuses on the korean waters, this study was included because it mainly focuses on open sea species from the surrounding seas of japan. range shift was estimated by extracting data from the plots. the measurement of fish data was biomass. the latitude represents biomass-weighted monthly mean latitudes.",NA,na,"edited ""position"" column from unknown to centroid. unknown was originally assigned because the study did not explicitly mention the range position being considered. but after comparing the study area with the distribution map based on occurrence records, centroid was assigned for range position because the study area was close to the center of the latitudinal distribution. the comparison work is saved in e0009.distribution_20260626tscheck.pptx.",Sakiyama
1,entire_japan,Japan,Korea Strait,species,Scomberomorus niphonius,Animalia,Chordata,Teleostei,Scombriformes,Scombridae,Scomberomorus,marine,marine,fishery statistics,latitude,centroid,abundance,abundance,1984,1984,1984,1984,2010,2010,2010,2010,26,26,312,6.095898582981949,km/year,NA,yes,yes,no,no,no,estimated,en,E0009,Jung et al. 2014,10.1007/s11160-013-9310-1,"Jung, S; Pang, IC; Lee, JH; Choi, I; Cha, HK",Latitudinal shifts in the distribution of exploited fishes in korean waters during the last 30 years: a consequence of climate change,2014,Reviews in Fish Biology and Fisheries,Fig. 4,"while the study focuses on the korean waters, this study was included because it mainly focuses on open sea species from the surrounding seas of japan. range shift was estimated by extracting data from the plots. the measurement of fish data was biomass. the latitude represents biomass-weighted monthly mean latitudes.",NA,na,"edited ""position"" column from unknown to centroid. unknown was originally assigned because the study did not explicitly mention the range position being considered. but after comparing the study area with the distribution map based on occurrence records, centroid was assigned for range position because the study area was close to the center of the latitudinal distribution. the comparison work is saved in e0009.distribution_20260626tscheck.pptx.",Sakiyama
1,entire_japan,Japan,Korea Strait,species,Trichiurus lepturus,Animalia,Chordata,Teleostei,Scombriformes,Trichiuridae,Trichiurus,marine,marine,fishery statistics,latitude,centroid,abundance,abundance,1987,1987,1987,1987,2010,2010,2010,2010,23,23,276,3.8144247852556386,km/year,NA,yes,yes,no,no,no,estimated,en,E0009,Jung et al. 2014,10.1007/s11160-013-9310-1,"Jung, S; Pang, IC; Lee, JH; Choi, I; Cha, HK",Latitudinal shifts in the distribution of exploited fishes in korean waters during the last 30 years: a consequence of climate change,2014,Reviews in Fish Biology and Fisheries,Fig. 4,"while the study focuses on the korean waters, this study was included because it mainly focuses on open sea species from the surrounding seas of japan. range shift was estimated by extracting data from the plots. the measurement of fish data was biomass. the latitude represents biomass-weighted monthly mean latitudes.",NA,na,"edited ""position"" column from unknown to centroid. unknown was originally assigned because the study did not explicitly mention the range position being considered. but after comparing the study area with the distribution map based on occurrence records, centroid was assigned for range position because the study area was close to the center of the latitudinal distribution. the comparison work is saved in e0009.distribution_20260626tscheck.pptx.",Sakiyama
1,entire_japan,Japan,Korea Strait,species,Thamnaconus modestus,Animalia,Chordata,Teleostei,Tetraodontiformes,Monacanthidae,Thamnaconus,marine,marine,fishery statistics,latitude,centroid,abundance,abundance,1984,1984,1984,1984,2010,2010,2010,2010,26,26,312,-2.707858617521746,km/year,NA,yes,yes,no,no,no,estimated,en,E0009,Jung et al. 2014,10.1007/s11160-013-9310-1,"Jung, S; Pang, IC; Lee, JH; Choi, I; Cha, HK",Latitudinal shifts in the distribution of exploited fishes in korean waters during the last 30 years: a consequence of climate change,2014,Reviews in Fish Biology and Fisheries,Fig. 4,"while the study focuses on the korean waters, this study was included because it mainly focuses on open sea species from the surrounding seas of japan. range shift was estimated by extracting data from the plots. the measurement of fish data was biomass. the latitude represents biomass-weighted monthly mean latitudes.",NA,na,"edited ""position"" column from unknown to centroid. unknown was originally assigned because the study did not explicitly mention the range position being considered. but after comparing the study area with the distribution map based on occurrence records, centroid was assigned for range position because the study area was close to the center of the latitudinal distribution. the comparison work is saved in e0009.distribution_20260626tscheck.pptx.",Sakiyama
1,entire_japan,Japan,Korea Strait,species,Todarodes pacificus,Animalia,Mollusca,Cephalopoda,Oegopsida,Ommastrephidae,Todarodes,marine,marine,fishery statistics,latitude,centroid,abundance,abundance,1984,1984,1984,1984,2010,2010,2010,2010,26,26,312,-0.658317653564021,km/year,NA,yes,no,no,no,no,estimated,en,E0009,Jung et al. 2014,10.1007/s11160-013-9310-1,"Jung, S; Pang, IC; Lee, JH; Choi, I; Cha, HK",Latitudinal shifts in the distribution of exploited fishes in korean waters during the last 30 years: a consequence of climate change,2014,Reviews in Fish Biology and Fisheries,Fig. 4,"while the study focuses on the korean waters, this study was included because it mainly focuses on open sea species from the surrounding seas of japan. range shift was estimated by extracting data from the plots. the measurement of fish data was biomass. the latitude represents biomass-weighted monthly mean latitudes.",NA,na,"edited ""position"" column from unknown to centroid. unknown was originally assigned because the study did not explicitly mention the range position being considered. but after comparing the study area with the distribution map based on occurrence records, centroid was assigned for range position because the study area was close to the center of the latitudinal distribution. the comparison work is saved in e0009.distribution_20260626tscheck.pptx.",Sakiyama
1,regional,Tohoku,Miyagi,species,Etmopterus lucifer,Animalia,Chordata,Elasmobranchii,Squaliformes,Etmopteridae,Etmopterus,marine,marine,scientific survey,horizontal,centroid,abundance_density,abundance,2003,2003,2003,2003,2019,2019,2019,2019,16,16,17,5.505485285850964,km/year,1.2624657346719346,NA,NA,NA,NA,NA,NA,en,E0406,Kakehi et al. 2021,10.3354/meps13852,"Kakehi, S; Narimatsu, Y; Okamura, Y; Yagura, A; Ito, S",Bottom temperature warming and its impact on demersal fish off the pacific coast of northeastern japan,2021,Marine Ecology Progress Series,"Fig. 5, 6, 7, 8, 9",NA,NA,magnitude and azimuth of the horizontal shift estimated by combining latitude and longitude shift observations,NA,NA
1,regional,Tohoku,Miyagi,species,Pterothrissus gissu,Animalia,Chordata,Teleostei,Albuliformes,Albulidae,Pterothrissus,marine,marine,scientific survey,horizontal,centroid,abundance_density,abundance,2003,2003,2003,2003,2019,2019,2019,2019,16,16,17,1.8652669728706979,km/year,3.112726287748842,NA,NA,NA,NA,NA,NA,en,E0406,Kakehi et al. 2021,10.3354/meps13852,"Kakehi, S; Narimatsu, Y; Okamura, Y; Yagura, A; Ito, S",Bottom temperature warming and its impact on demersal fish off the pacific coast of northeastern japan,2021,Marine Ecology Progress Series,"Fig. 5, 6, 7, 8, 9",NA,NA,magnitude and azimuth of the horizontal shift estimated by combining latitude and longitude shift observations,NA,NA
1,regional,Tohoku,Miyagi,species,Abyssicola macrochir,Animalia,Chordata,Teleostei,Gadiformes,Macrouridae,Abyssicola,marine,marine,scientific survey,horizontal,centroid,abundance_density,abundance,2003,2003,2003,2003,2019,2019,2019,2019,16,16,17,11.615348913466807,km/year,1.171713813794554,NA,NA,NA,NA,NA,NA,en,E0406,Kakehi et al. 2021,10.3354/meps13852,"Kakehi, S; Narimatsu, Y; Okamura, Y; Yagura, A; Ito, S",Bottom temperature warming and its impact on demersal fish off the pacific coast of northeastern japan,2021,Marine Ecology Progress Series,"Fig. 5, 6, 7, 8, 9",NA,NA,magnitude and azimuth of the horizontal shift estimated by combining latitude and longitude shift observations,NA,NA
1,regional,Tohoku,Miyagi,species,Malacocottus zonurus,Animalia,Chordata,Teleostei,Perciformes,Psychrolutidae,Malacocottus,marine,marine,scientific survey,horizontal,centroid,abundance_density,abundance,2003,2003,2003,2003,2019,2019,2019,2019,16,16,17,4.482850776092862,km/year,0.6686876799709012,NA,NA,NA,NA,NA,NA,en,E0406,Kakehi et al. 2021,10.3354/meps13852,"Kakehi, S; Narimatsu, Y; Okamura, Y; Yagura, A; Ito, S",Bottom temperature warming and its impact on demersal fish off the pacific coast of northeastern japan,2021,Marine Ecology Progress Series,"Fig. 5, 6, 7, 8, 9",NA,NA,magnitude and azimuth of the horizontal shift estimated by combining latitude and longitude shift observations,NA,NA
1,regional,Tohoku,Miyagi,species,Bothrocara tanakae,Animalia,Chordata,Teleostei,Perciformes,Zoarcidae,Bothrocara,marine,marine,scientific survey,horizontal,centroid,abundance_density,abundance,2003,2003,2003,2003,2019,2019,2019,2019,16,16,17,6.421981996120642,km/year,0.6968583732833054,NA,NA,NA,NA,NA,NA,en,E0406,Kakehi et al. 2021,10.3354/meps13852,"Kakehi, S; Narimatsu, Y; Okamura, Y; Yagura, A; Ito, S",Bottom temperature warming and its impact on demersal fish off the pacific coast of northeastern japan,2021,Marine Ecology Progress Series,"Fig. 5, 6, 7, 8, 9",NA,NA,magnitude and azimuth of the horizontal shift estimated by combining latitude and longitude shift observations,NA,NA
1,regional,Tohoku,Miyagi,species,Etmopterus lucifer,Animalia,Chordata,Elasmobranchii,Squaliformes,Etmopteridae,Etmopterus,marine,marine,scientific survey,latitude,centroid,abundance_density,abundance,2003,2003,2003,2003,2019,2019,2019,2019,16,16,17,5.5041488689056575,km/year,NA,yes,yes,yes,yes,"fishery pressure, species interaction",estimated,en,E0406,Kakehi et al. 2021,10.3354/meps13852,"Kakehi, S; Narimatsu, Y; Okamura, Y; Yagura, A; Ito, S",Bottom temperature warming and its impact on demersal fish off the pacific coast of northeastern japan,2021,Marine Ecology Progress Series,"Fig. 5, 6, 7, 8, 9","centriod in deapth and temperature gradient were also provided. length of the latitudinal shift was read from the figure showing 16 years regression line (trend analysis). caution is needed since this trend analyses ignores time autocorrelation (e.g., correlation between latitude centroid and calender year).",NA,na,"removed ""north"" in the azimuth column and kept it ""empty"" because the gradient is ""latitude"" for this data, not horizontal. edited the shiftsource column from ""no"" to ""estimated"" because dai estimated the magnitude of shift and its significance by extracting data.",Dai
1,regional,Tohoku,Miyagi,species,Pterothrissus gissu,Animalia,Chordata,Teleostei,Albuliformes,Albulidae,Pterothrissus,marine,marine,scientific survey,latitude,centroid,abundance_density,abundance,2003,2003,2003,2003,2019,2019,2019,2019,16,16,17,1.8625150212963588,km/year,NA,yes,no,yes,yes,"fishery pressure, species interaction",estimated,en,E0406,Kakehi et al. 2021,10.3354/meps13852,"Kakehi, S; Narimatsu, Y; Okamura, Y; Yagura, A; Ito, S",Bottom temperature warming and its impact on demersal fish off the pacific coast of northeastern japan,2021,Marine Ecology Progress Series,"Fig. 5, 6, 7, 8, 9","centriod in deapth and temperature gradient were also provided. length of the latitudinal shift was read from the figure showing 16 years regression line (trend analysis). caution is needed since this trend analyses ignores time autocorrelation (e.g., correlation between latitude centroid and calender year).",NA,na,"removed ""north"" in the azimuth column and kept it ""empty"" because the gradient is ""latitude"" for this data, not horizontal. edited the shiftsource column from ""no"" to ""estimated"" because dai estimated the magnitude of shift and its significance by extracting data.",Dai
1,regional,Tohoku,Miyagi,species,Abyssicola macrochir,Animalia,Chordata,Teleostei,Gadiformes,Macrouridae,Abyssicola,marine,marine,scientific survey,latitude,centroid,abundance_density,abundance,2003,2003,2003,2003,2019,2019,2019,2019,16,16,17,11.612920151441102,km/year,NA,yes,yes,yes,yes,"fishery pressure, species interaction",estimated,en,E0406,Kakehi et al. 2021,10.3354/meps13852,"Kakehi, S; Narimatsu, Y; Okamura, Y; Yagura, A; Ito, S",Bottom temperature warming and its impact on demersal fish off the pacific coast of northeastern japan,2021,Marine Ecology Progress Series,"Fig. 5, 6, 7, 8, 9","centriod in deapth and temperature gradient were also provided. length of the latitudinal shift was read from the figure showing 16 years regression line (trend analysis). caution is needed since this trend analyses ignores time autocorrelation (e.g., correlation between latitude centroid and calender year).",NA,na,"removed ""north"" in the azimuth column and kept it ""empty"" because the gradient is ""latitude"" for this data, not horizontal. edited the shiftsource column from ""no"" to ""estimated"" because dai estimated the magnitude of shift and its significance by extracting data.",Dai
1,regional,Tohoku,Miyagi,species,Malacocottus zonurus,Animalia,Chordata,Teleostei,Perciformes,Psychrolutidae,Malacocottus,marine,marine,scientific survey,latitude,centroid,abundance_density,abundance,2003,2003,2003,2003,2019,2019,2019,2019,16,16,17,4.482545480358774,km/year,NA,yes,yes,yes,yes,"fishery pressure, species interaction",estimated,en,E0406,Kakehi et al. 2021,10.3354/meps13852,"Kakehi, S; Narimatsu, Y; Okamura, Y; Yagura, A; Ito, S",Bottom temperature warming and its impact on demersal fish off the pacific coast of northeastern japan,2021,Marine Ecology Progress Series,"Fig. 5, 6, 7, 8, 9","centriod in deapth and temperature gradient were also provided. length of the latitudinal shift was read from the figure showing 16 years regression line (trend analysis). caution is needed since this trend analyses ignores time autocorrelation (e.g., correlation between latitude centroid and calender year).",NA,na,"removed ""north"" in the azimuth column and kept it ""empty"" because the gradient is ""latitude"" for this data, not horizontal. edited the shiftsource column from ""no"" to ""estimated"" because dai estimated the magnitude of shift and its significance by extracting data.",Dai
1,regional,Tohoku,Miyagi,species,Bothrocara tanakae,Animalia,Chordata,Teleostei,Perciformes,Zoarcidae,Bothrocara,marine,marine,scientific survey,latitude,centroid,abundance_density,abundance,2003,2003,2003,2003,2019,2019,2019,2019,16,16,17,6.421507013723268,km/year,NA,yes,yes,yes,yes,"fishery pressure, species interaction",estimated,en,E0406,Kakehi et al. 2021,10.3354/meps13852,"Kakehi, S; Narimatsu, Y; Okamura, Y; Yagura, A; Ito, S",Bottom temperature warming and its impact on demersal fish off the pacific coast of northeastern japan,2021,Marine Ecology Progress Series,"Fig. 5, 6, 7, 8, 9","centriod in deapth and temperature gradient were also provided. length of the latitudinal shift was read from the figure showing 16 years regression line (trend analysis). caution is needed since this trend analyses ignores time autocorrelation (e.g., correlation between latitude centroid and calender year).",NA,na,"removed ""north"" in the azimuth column and kept it ""empty"" because the gradient is ""latitude"" for this data, not horizontal. edited the shiftsource column from ""no"" to ""estimated"" because dai estimated the magnitude of shift and its significance by extracting data.",Dai
1,regional,Tohoku,Miyagi,species,Etmopterus lucifer,Animalia,Chordata,Elasmobranchii,Squaliformes,Etmopteridae,Etmopterus,marine,marine,scientific survey,longitude,centroid,abundance_density,abundance,2003,2003,2003,2003,2019,2019,2019,2019,16,16,17,0.12129905871871971,km/year,NA,yes,yes,yes,yes,"fishery pressure, species interaction",estimated,en,E0406,Kakehi et al. 2021,10.3354/meps13852,"Kakehi, S; Narimatsu, Y; Okamura, Y; Yagura, A; Ito, S",Bottom temperature warming and its impact on demersal fish off the pacific coast of northeastern japan,2021,Marine Ecology Progress Series,"Fig. 5, 6, 7, 8, 9",longitudinal shift was read from the figure showing 16 years regression line (trend analysis) by hayashi.,36,added this new range shift result for longitude. calculation by hayashi.,na,Sakiyama
1,regional,Tohoku,Miyagi,species,Pterothrissus gissu,Animalia,Chordata,Teleostei,Albuliformes,Albulidae,Pterothrissus,marine,marine,scientific survey,longitude,centroid,abundance_density,abundance,2003,2003,2003,2003,2019,2019,2019,2019,16,16,17,0.10128511997149914,km/year,NA,yes,no,yes,yes,"fishery pressure, species interaction",estimated,en,E0406,Kakehi et al. 2021,10.3354/meps13852,"Kakehi, S; Narimatsu, Y; Okamura, Y; Yagura, A; Ito, S",Bottom temperature warming and its impact on demersal fish off the pacific coast of northeastern japan,2021,Marine Ecology Progress Series,"Fig. 5, 6, 7, 8, 9",longitudinal shift was read from the figure showing 16 years regression line (trend analysis) by hayashi.,36,added this new range shift result for longitude. calculation by hayashi.,na,Sakiyama
1,regional,Tohoku,Miyagi,species,Abyssicola macrochir,Animalia,Chordata,Teleostei,Gadiformes,Macrouridae,Abyssicola,marine,marine,scientific survey,longitude,centroid,abundance_density,abundance,2003,2003,2003,2003,2019,2019,2019,2019,16,16,17,0.23752039455103985,km/year,NA,yes,yes,yes,yes,"fishery pressure, species interaction",estimated,en,E0406,Kakehi et al. 2021,10.3354/meps13852,"Kakehi, S; Narimatsu, Y; Okamura, Y; Yagura, A; Ito, S",Bottom temperature warming and its impact on demersal fish off the pacific coast of northeastern japan,2021,Marine Ecology Progress Series,"Fig. 5, 6, 7, 8, 9",longitudinal shift was read from the figure showing 16 years regression line (trend analysis) by hayashi.,36,added this new range shift result for longitude. calculation by hayashi.,na,Sakiyama
1,regional,Tohoku,Miyagi,species,Malacocottus zonurus,Animalia,Chordata,Teleostei,Perciformes,Psychrolutidae,Malacocottus,marine,marine,scientific survey,longitude,centroid,abundance_density,abundance,2003,2003,2003,2003,2019,2019,2019,2019,16,16,17,0.05231727469494705,km/year,NA,yes,yes,yes,yes,"fishery pressure, species interaction",estimated,en,E0406,Kakehi et al. 2021,10.3354/meps13852,"Kakehi, S; Narimatsu, Y; Okamura, Y; Yagura, A; Ito, S",Bottom temperature warming and its impact on demersal fish off the pacific coast of northeastern japan,2021,Marine Ecology Progress Series,"Fig. 5, 6, 7, 8, 9",longitudinal shift was read from the figure showing 16 years regression line (trend analysis) by hayashi.,36,added this new range shift result for longitude. calculation by hayashi.,na,Sakiyama
1,regional,Tohoku,Miyagi,species,Bothrocara tanakae,Animalia,Chordata,Teleostei,Perciformes,Zoarcidae,Bothrocara,marine,marine,scientific survey,longitude,centroid,abundance_density,abundance,2003,2003,2003,2003,2019,2019,2019,2019,16,16,17,0.0781052571888861,km/year,NA,yes,yes,yes,yes,"fishery pressure, species interaction",estimated,en,E0406,Kakehi et al. 2021,10.3354/meps13852,"Kakehi, S; Narimatsu, Y; Okamura, Y; Yagura, A; Ito, S",Bottom temperature warming and its impact on demersal fish off the pacific coast of northeastern japan,2021,Marine Ecology Progress Series,"Fig. 5, 6, 7, 8, 9",longitudinal shift was read from the figure showing 16 years regression line (trend analysis) by hayashi.,36,added this new range shift result for longitude. calculation by hayashi.,na,Sakiyama
1,entire_japan,Japan,Japan,species,Cheilomenes sexmaculata,Animalia,Arthropoda,Insecta,Coleoptera,Coccinellidae,Cheilomenes,terrestrial,terrestrial,literature and specimens,horizontal,leading edge,occurrence,occurrence,1910-1939,1910,1939,1924.5,1991,1991,1991,1991,81,66.5,39,19.07096400997642,km/year,54.09568165758037,NA,NA,NA,NA,NA,NA,en,E2247,Kawakami et al. 2014,10.1007/s13355-013-0224-0,"Y Kawakami, K Yamazaki, K Ohashi",Northward expansion and climatic factors affecting the distribution limits of cheilomenes sexmaculata (coleoptera: coccinellidae) in japan,2014,Applied Entomology and Zoology,Table 1,NA,NA,magnitude and azimuth of the horizontal shift estimated by combining latitude and longitude shift observations,NA,NA
1,entire_japan,Japan,Japan,species,Cheilomenes sexmaculata,Animalia,Arthropoda,Insecta,Coleoptera,Coccinellidae,Cheilomenes,terrestrial,terrestrial,literature and specimens,latitude,leading edge,occurrence,occurrence,1910-1939,1910,1939,1924.5,1991,1991,1991,1991,81,66.5,39,11.183850405560039,km/year,NA,yes,yes,yes,no,na,stated,en,E2247,Kawakami et al. 2014,10.1007/s13355-013-0224-0,"Y Kawakami, K Yamazaki, K Ohashi",Northward expansion and climatic factors affecting the distribution limits of cheilomenes sexmaculata (coleoptera: coccinellidae) in japan,2014,Applied Entomology and Zoology,Table 1,"changes in the leading edge can be visually inferred from the maps of japan in figures 1 and 3; however, these estimates are imprecise because latitude, longitude, and the coordinate system are not provided. quantitatively, the results section only indicates the post-shift latitude as ""approximately 36°n"" and the discussion states that ""the range shifted northward from 33°n to 36°n"".",NA,na,"edited the entry for magnitude after recalculation. shift was computable for both latitude and longitude so the row was duplicated. the shift was calculated using the latitude and longitude coordinates of the cities based on table 1 and figure 1, of which the error is marginal considering thelarge extent of the study (western japan was the study area and sampling locations were indicated by city names). information on number of censuses was not provided in the literature. we assigned 39 for this column to present the number of studies that this e2247 study referred to build the species distribution records, based on the table 1, considering that one set of distribution survey (census) was conducted per study.",Sueyoshi
1,entire_japan,Japan,Japan,species,Cheilomenes sexmaculata,Animalia,Arthropoda,Insecta,Coleoptera,Coccinellidae,Cheilomenes,terrestrial,terrestrial,literature and specimens,longitude,leading edge,occurrence,occurrence,1910-1939,1910,1939,1924.5,1991,1991,1991,1991,81,66.5,39,15.447432096496508,km/year,NA,yes,yes,yes,no,na,stated,en,E2247,Kawakami et al. 2014,10.1007/s13355-013-0224-0,"Y Kawakami, K Yamazaki, K Ohashi",Northward expansion and climatic factors affecting the distribution limits of cheilomenes sexmaculata (coleoptera: coccinellidae) in japan,2014,Applied Entomology and Zoology,Table 1,"changes in the leading edge can be visually inferred from the maps of japan in figures 1 and 3; however, these estimates are imprecise because latitude, longitude, and the coordinate system are not provided. quantitatively, the results section only indicates the post-shift latitude as ""approximately 36°n"" and the discussion states that ""the range shifted northward from 33°n to 36°n"".",24,na,"edited the entry for magnitude after recalculation. shift was computable for both latitude and longitude so the row was duplicated. the shift was calculated using the latitude and longitude coordinates of the cities based on table 1 and figure 1, of which the error is marginal considering thelarge extent of the study (western japan was the study area and sampling locations were indicated by city names). information on number of censuses was not provided in the literature. we assigned 39 for this column to present the number of studies that this e2247 study referred to build the species distribution records, based on the table 1, considering that one set of distribution survey (census) was conducted per study.",Sueyoshi
1,sub_japan,Sea of Japan,central-western sector,species,Chionoecetes opilio,Animalia,Arthropoda,Malacostraca,Decapoda,Oregoniidae,Chionoecetes,marine,marine,fishery statistics,horizontal,centroid,abundance_cpue,abundance,1982,1982,1982,1982,2020,2020,2020,2020,39,38,NA,1.0986680566595721,km/year,264.19121452740984,NA,NA,NA,NA,NA,NA,en,E1991,Kawauchi et al. 2023,10.1016/j.rsma.2023.102899,"Y Kawauchi, Y Yagi, T Yano, K Fujiwara",Multi-decadal distribution changes of commercially important demersal species in the central-western sea of japan based on a multi-species spatiotemporal model,2023,Regional Studies in Marine Science,Fig. 6b,NA,NA,magnitude and azimuth of the horizontal shift estimated by combining latitude and longitude shift observations,NA,NA
1,sub_japan,Sea of Japan,central-western sector,species,Doederleinia berycoides,Animalia,Chordata,Teleostei,Acropomatiformes,Acropomatidae,Doederleinia,marine,marine,fishery statistics,horizontal,centroid,abundance_cpue,abundance,1982,1982,1982,1982,2020,2020,2020,2020,39,38,NA,5.660887803925634,km/year,251.68248646728094,NA,NA,NA,NA,NA,NA,en,E1991,Kawauchi et al. 2023,10.1016/j.rsma.2023.102899,"Y Kawauchi, Y Yagi, T Yano, K Fujiwara",Multi-decadal distribution changes of commercially important demersal species in the central-western sea of japan based on a multi-species spatiotemporal model,2023,Regional Studies in Marine Science,Fig. 6b,NA,NA,magnitude and azimuth of the horizontal shift estimated by combining latitude and longitude shift observations,NA,NA
1,sub_japan,Sea of Japan,central-western sector,species,Gadus macrocephalus,Animalia,Chordata,Teleostei,Gadiformes,Gadidae,Gadus,marine,marine,fishery statistics,horizontal,centroid,abundance_cpue,abundance,1982,1982,1982,1982,2020,2020,2020,2020,39,38,NA,6.9995561002691655,km/year,249.54375742456128,NA,NA,NA,NA,NA,NA,en,E1991,Kawauchi et al. 2023,10.1016/j.rsma.2023.102899,"Y Kawauchi, Y Yagi, T Yano, K Fujiwara",Multi-decadal distribution changes of commercially important demersal species in the central-western sea of japan based on a multi-species spatiotemporal model,2023,Regional Studies in Marine Science,Fig. 6b,NA,NA,magnitude and azimuth of the horizontal shift estimated by combining latitude and longitude shift observations,NA,NA
1,sub_japan,Sea of Japan,central-western sector,species,Arctoscopus japonicus,Animalia,Chordata,Teleostei,Perciformes,Trichodontidae,Arctoscopus,marine,marine,fishery statistics,horizontal,centroid,abundance_cpue,abundance,1982,1982,1982,1982,2020,2020,2020,2020,39,38,NA,2.697207766187828,km/year,57.59250592558243,NA,NA,NA,NA,NA,NA,en,E1991,Kawauchi et al. 2023,10.1016/j.rsma.2023.102899,"Y Kawauchi, Y Yagi, T Yano, K Fujiwara",Multi-decadal distribution changes of commercially important demersal species in the central-western sea of japan based on a multi-species spatiotemporal model,2023,Regional Studies in Marine Science,Fig. 6b,NA,NA,magnitude and azimuth of the horizontal shift estimated by combining latitude and longitude shift observations,NA,NA
1,sub_japan,Sea of Japan,central-western sector,species,Cleisthenes pinetorum,Animalia,Chordata,Teleostei,Pleuronectiformes,Pleuronectidae,Cleisthenes,marine,marine,fishery statistics,horizontal,centroid,abundance_cpue,abundance,1982,1982,1982,1982,2020,2020,2020,2020,39,38,NA,1.7857846738193646,km/year,60.12340100344545,NA,NA,NA,NA,NA,NA,en,E1991,Kawauchi et al. 2023,10.1016/j.rsma.2023.102899,"Y Kawauchi, Y Yagi, T Yano, K Fujiwara",Multi-decadal distribution changes of commercially important demersal species in the central-western sea of japan based on a multi-species spatiotemporal model,2023,Regional Studies in Marine Science,Fig. 6b,NA,NA,magnitude and azimuth of the horizontal shift estimated by combining latitude and longitude shift observations,NA,NA
1,sub_japan,Sea of Japan,central-western sector,species,Glyptocephalus stelleri,Animalia,Chordata,Teleostei,Pleuronectiformes,Pleuronectidae,Glyptocephalus,marine,marine,fishery statistics,horizontal,centroid,abundance_cpue,abundance,1982,1982,1982,1982,2020,2020,2020,2020,39,38,NA,1.2379378904598592,km/year,36.05967903905497,NA,NA,NA,NA,NA,NA,en,E1991,Kawauchi et al. 2023,10.1016/j.rsma.2023.102899,"Y Kawauchi, Y Yagi, T Yano, K Fujiwara",Multi-decadal distribution changes of commercially important demersal species in the central-western sea of japan based on a multi-species spatiotemporal model,2023,Regional Studies in Marine Science,Fig. 6b,NA,NA,magnitude and azimuth of the horizontal shift estimated by combining latitude and longitude shift observations,NA,NA
1,sub_japan,Sea of Japan,central-western sector,species,Hippoglossoides dubius,Animalia,Chordata,Teleostei,Pleuronectiformes,Pleuronectidae,Hippoglossoides,marine,marine,fishery statistics,horizontal,centroid,abundance_cpue,abundance,1982,1982,1982,1982,2020,2020,2020,2020,39,38,NA,0.4312168881104828,km/year,39.32268990964002,NA,NA,NA,NA,NA,NA,en,E1991,Kawauchi et al. 2023,10.1016/j.rsma.2023.102899,"Y Kawauchi, Y Yagi, T Yano, K Fujiwara",Multi-decadal distribution changes of commercially important demersal species in the central-western sea of japan based on a multi-species spatiotemporal model,2023,Regional Studies in Marine Science,Fig. 6b,NA,NA,magnitude and azimuth of the horizontal shift estimated by combining latitude and longitude shift observations,NA,NA
1,sub_japan,Sea of Japan,central-western sector,species,Chionoecetes opilio,Animalia,Arthropoda,Malacostraca,Decapoda,Oregoniidae,Chionoecetes,marine,marine,fishery statistics,latitude,centroid,abundance_cpue,abundance,1982,1982,1982,1982,2020,2020,2020,2020,39,38,NA,-0.11119492664455874,km/year,NA,yes,no,yes,yes,na,estimated,en,E1991,Kawauchi et al. 2023,10.1016/j.rsma.2023.102899,"Y Kawauchi, Y Yagi, T Yano, K Fujiwara",Multi-decadal distribution changes of commercially important demersal species in the central-western sea of japan based on a multi-species spatiotemporal model,2023,Regional Studies in Marine Science,Fig. 6b,estimated from fig. 6b and taken as slope of linear regression on lat and lon of predicted cog. the significance correspond to that of the slope coefficient of the linear regression (significant if p-value <= 0.05),NA,na,na,Jorge
1,sub_japan,Sea of Japan,central-western sector,species,Doederleinia berycoides,Animalia,Chordata,Teleostei,Acropomatiformes,Acropomatidae,Doederleinia,marine,marine,fishery statistics,latitude,centroid,abundance_cpue,abundance,1982,1982,1982,1982,2020,2020,2020,2020,39,38,NA,-1.7791188263129398,km/year,NA,yes,no,yes,yes,na,estimated,en,E1991,Kawauchi et al. 2023,10.1016/j.rsma.2023.102899,"Y Kawauchi, Y Yagi, T Yano, K Fujiwara",Multi-decadal distribution changes of commercially important demersal species in the central-western sea of japan based on a multi-species spatiotemporal model,2023,Regional Studies in Marine Science,Fig. 6b,estimated from fig. 6b and taken as slope of linear regression on lat and lon of predicted cog. the significance correspond to that of the slope coefficient of the linear regression (significant if p-value <= 0.05),NA,na,na,Jorge
1,sub_japan,Sea of Japan,central-western sector,species,Gadus macrocephalus,Animalia,Chordata,Teleostei,Gadiformes,Gadidae,Gadus,marine,marine,fishery statistics,latitude,centroid,abundance_cpue,abundance,1982,1982,1982,1982,2020,2020,2020,2020,39,38,NA,-2.4462883861802918,km/year,NA,yes,no,yes,yes,na,estimated,en,E1991,Kawauchi et al. 2023,10.1016/j.rsma.2023.102899,"Y Kawauchi, Y Yagi, T Yano, K Fujiwara",Multi-decadal distribution changes of commercially important demersal species in the central-western sea of japan based on a multi-species spatiotemporal model,2023,Regional Studies in Marine Science,Fig. 6b,estimated from fig. 6b and taken as slope of linear regression on lat and lon of predicted cog. the significance correspond to that of the slope coefficient of the linear regression (significant if p-value <= 0.05),NA,na,na,Jorge
1,sub_japan,Sea of Japan,central-western sector,species,Arctoscopus japonicus,Animalia,Chordata,Teleostei,Perciformes,Trichodontidae,Arctoscopus,marine,marine,fishery statistics,latitude,centroid,abundance_cpue,abundance,1982,1982,1982,1982,2020,2020,2020,2020,39,38,NA,1.4455340463792636,km/year,NA,yes,yes,yes,yes,na,estimated,en,E1991,Kawauchi et al. 2023,10.1016/j.rsma.2023.102899,"Y Kawauchi, Y Yagi, T Yano, K Fujiwara",Multi-decadal distribution changes of commercially important demersal species in the central-western sea of japan based on a multi-species spatiotemporal model,2023,Regional Studies in Marine Science,Fig. 6b,estimated from fig. 6b and taken as slope of linear regression on lat and lon of predicted cog. the significance correspond to that of the slope coefficient of the linear regression (significant if p-value <= 0.05),NA,na,na,Jorge
1,sub_japan,Sea of Japan,central-western sector,species,Cleisthenes pinetorum,Animalia,Chordata,Teleostei,Pleuronectiformes,Pleuronectidae,Cleisthenes,marine,marine,fishery statistics,latitude,centroid,abundance_cpue,abundance,1982,1982,1982,1982,2020,2020,2020,2020,39,38,NA,0.8895594131564699,km/year,NA,yes,yes,yes,yes,na,estimated,en,E1991,Kawauchi et al. 2023,10.1016/j.rsma.2023.102899,"Y Kawauchi, Y Yagi, T Yano, K Fujiwara",Multi-decadal distribution changes of commercially important demersal species in the central-western sea of japan based on a multi-species spatiotemporal model,2023,Regional Studies in Marine Science,Fig. 6b,estimated from fig. 6b and taken as slope of linear regression on lat and lon of predicted cog. the significance correspond to that of the slope coefficient of the linear regression (significant if p-value <= 0.05),NA,na,na,Jorge
1,sub_japan,Sea of Japan,central-western sector,species,Glyptocephalus stelleri,Animalia,Chordata,Teleostei,Pleuronectiformes,Pleuronectidae,Glyptocephalus,marine,marine,fishery statistics,latitude,centroid,abundance_cpue,abundance,1982,1982,1982,1982,2020,2020,2020,2020,39,38,NA,1.0007543398010283,km/year,NA,yes,yes,yes,yes,na,estimated,en,E1991,Kawauchi et al. 2023,10.1016/j.rsma.2023.102899,"Y Kawauchi, Y Yagi, T Yano, K Fujiwara",Multi-decadal distribution changes of commercially important demersal species in the central-western sea of japan based on a multi-species spatiotemporal model,2023,Regional Studies in Marine Science,Fig. 6b,estimated from fig. 6b and taken as slope of linear regression on lat and lon of predicted cog. the significance correspond to that of the slope coefficient of the linear regression (significant if p-value <= 0.05),NA,na,na,Jorge
1,sub_japan,Sea of Japan,central-western sector,species,Hippoglossoides dubius,Animalia,Chordata,Teleostei,Pleuronectiformes,Pleuronectidae,Hippoglossoides,marine,marine,fishery statistics,latitude,centroid,abundance_cpue,abundance,1982,1982,1982,1982,2020,2020,2020,2020,39,38,NA,0.3335847799336762,km/year,NA,yes,no,yes,yes,na,estimated,en,E1991,Kawauchi et al. 2023,10.1016/j.rsma.2023.102899,"Y Kawauchi, Y Yagi, T Yano, K Fujiwara",Multi-decadal distribution changes of commercially important demersal species in the central-western sea of japan based on a multi-species spatiotemporal model,2023,Regional Studies in Marine Science,Fig. 6b,estimated from fig. 6b and taken as slope of linear regression on lat and lon of predicted cog. the significance correspond to that of the slope coefficient of the linear regression (significant if p-value <= 0.05),NA,na,na,Jorge
1,sub_japan,Sea of Japan,central-western sector,species,Chionoecetes opilio,Animalia,Arthropoda,Malacostraca,Decapoda,Oregoniidae,Chionoecetes,marine,marine,fishery statistics,longitude,centroid,abundance_cpue,abundance,1982,1982,1982,1982,2020,2020,2020,2020,39,38,NA,-1.0930266177054573,km/year,NA,yes,yes,yes,yes,na,estimated,en,E1991,Kawauchi et al. 2023,10.1016/j.rsma.2023.102899,"Y Kawauchi, Y Yagi, T Yano, K Fujiwara",Multi-decadal distribution changes of commercially important demersal species in the central-western sea of japan based on a multi-species spatiotemporal model,2023,Regional Studies in Marine Science,Fig. 6b,estimated from fig. 6b and taken as slope of linear regression on lat and lon of predicted cog. the significance correspond to that of the slope coefficient of the linear regression (significant if p-value <= 0.05),35,na,na,Jorge
1,sub_japan,Sea of Japan,central-western sector,species,Doederleinia berycoides,Animalia,Chordata,Teleostei,Acropomatiformes,Acropomatidae,Doederleinia,marine,marine,fishery statistics,longitude,centroid,abundance_cpue,abundance,1982,1982,1982,1982,2020,2020,2020,2020,39,38,NA,-5.3740475370518315,km/year,NA,yes,no,yes,yes,na,estimated,en,E1991,Kawauchi et al. 2023,10.1016/j.rsma.2023.102899,"Y Kawauchi, Y Yagi, T Yano, K Fujiwara",Multi-decadal distribution changes of commercially important demersal species in the central-western sea of japan based on a multi-species spatiotemporal model,2023,Regional Studies in Marine Science,Fig. 6b,estimated from fig. 6b and taken as slope of linear regression on lat and lon of predicted cog. the significance correspond to that of the slope coefficient of the linear regression (significant if p-value <= 0.05),35,na,na,Jorge
1,sub_japan,Sea of Japan,central-western sector,species,Gadus macrocephalus,Animalia,Chordata,Teleostei,Gadiformes,Gadidae,Gadus,marine,marine,fishery statistics,longitude,centroid,abundance_cpue,abundance,1982,1982,1982,1982,2020,2020,2020,2020,39,38,NA,-6.5581597062327415,km/year,NA,yes,yes,yes,yes,na,estimated,en,E1991,Kawauchi et al. 2023,10.1016/j.rsma.2023.102899,"Y Kawauchi, Y Yagi, T Yano, K Fujiwara",Multi-decadal distribution changes of commercially important demersal species in the central-western sea of japan based on a multi-species spatiotemporal model,2023,Regional Studies in Marine Science,Fig. 6b,estimated from fig. 6b and taken as slope of linear regression on lat and lon of predicted cog. the significance correspond to that of the slope coefficient of the linear regression (significant if p-value <= 0.05),35,na,na,Jorge
1,sub_japan,Sea of Japan,central-western sector,species,Arctoscopus japonicus,Animalia,Chordata,Teleostei,Perciformes,Trichodontidae,Arctoscopus,marine,marine,fishery statistics,longitude,centroid,abundance_cpue,abundance,1982,1982,1982,1982,2020,2020,2020,2020,39,38,NA,2.2771387868863693,km/year,NA,yes,yes,yes,yes,na,estimated,en,E1991,Kawauchi et al. 2023,10.1016/j.rsma.2023.102899,"Y Kawauchi, Y Yagi, T Yano, K Fujiwara",Multi-decadal distribution changes of commercially important demersal species in the central-western sea of japan based on a multi-species spatiotemporal model,2023,Regional Studies in Marine Science,Fig. 6b,estimated from fig. 6b and taken as slope of linear regression on lat and lon of predicted cog. the significance correspond to that of the slope coefficient of the linear regression (significant if p-value <= 0.05),35,na,na,Jorge
1,sub_japan,Sea of Japan,central-western sector,species,Cleisthenes pinetorum,Animalia,Chordata,Teleostei,Pleuronectiformes,Pleuronectidae,Cleisthenes,marine,marine,fishery statistics,longitude,centroid,abundance_cpue,abundance,1982,1982,1982,1982,2020,2020,2020,2020,39,38,NA,1.548454375082731,km/year,NA,yes,yes,yes,yes,na,estimated,en,E1991,Kawauchi et al. 2023,10.1016/j.rsma.2023.102899,"Y Kawauchi, Y Yagi, T Yano, K Fujiwara",Multi-decadal distribution changes of commercially important demersal species in the central-western sea of japan based on a multi-species spatiotemporal model,2023,Regional Studies in Marine Science,Fig. 6b,estimated from fig. 6b and taken as slope of linear regression on lat and lon of predicted cog. the significance correspond to that of the slope coefficient of the linear regression (significant if p-value <= 0.05),35,na,na,Jorge
1,sub_japan,Sea of Japan,central-western sector,species,Glyptocephalus stelleri,Animalia,Chordata,Teleostei,Pleuronectiformes,Pleuronectidae,Glyptocephalus,marine,marine,fishery statistics,longitude,centroid,abundance_cpue,abundance,1982,1982,1982,1982,2020,2020,2020,2020,39,38,NA,0.7286844118036382,km/year,NA,yes,yes,yes,yes,na,estimated,en,E1991,Kawauchi et al. 2023,10.1016/j.rsma.2023.102899,"Y Kawauchi, Y Yagi, T Yano, K Fujiwara",Multi-decadal distribution changes of commercially important demersal species in the central-western sea of japan based on a multi-species spatiotemporal model,2023,Regional Studies in Marine Science,Fig. 6b,estimated from fig. 6b and taken as slope of linear regression on lat and lon of predicted cog. the significance correspond to that of the slope coefficient of the linear regression (significant if p-value <= 0.05),35,na,na,Jorge
1,sub_japan,Sea of Japan,central-western sector,species,Hippoglossoides dubius,Animalia,Chordata,Teleostei,Pleuronectiformes,Pleuronectidae,Hippoglossoides,marine,marine,fishery statistics,longitude,centroid,abundance_cpue,abundance,1982,1982,1982,1982,2020,2020,2020,2020,39,38,NA,0.2732566544263643,km/year,NA,yes,no,yes,yes,na,estimated,en,E1991,Kawauchi et al. 2023,10.1016/j.rsma.2023.102899,"Y Kawauchi, Y Yagi, T Yano, K Fujiwara",Multi-decadal distribution changes of commercially important demersal species in the central-western sea of japan based on a multi-species spatiotemporal model,2023,Regional Studies in Marine Science,Fig. 6b,estimated from fig. 6b and taken as slope of linear regression on lat and lon of predicted cog. the significance correspond to that of the slope coefficient of the linear regression (significant if p-value <= 0.05),35,na,na,Jorge
1,sub_japan,West Japan,West Japan,species,Papilio memnon,Animalia,Arthropoda,Insecta,Lepidoptera,Papilionidae,Papilio,terrestrial,terrestrial,literature and specimens,latitude,leading edge,occurrence,occurrence,1940,1940,1940,1940,2000,2000,2000,2000,60,60,7,3.1301183949762383,km/year,NA,yes,yes,no,no,"dispersal ability, larval feeding, food resources",estimated,ja,J_ogawa1,Kitahara 2008,NA,北原 正彦,チョウ類の分布域拡大現象と地球温暖化,2008,昆虫と自然,Fig. 3,fig 3 was used for extracting the latitude and year information and then linear regression was used to compute the significance of the shift.,NA,na,"magnitudeofshift, unitofshift, and shiftsource columns were recalculated after confirming with takahashi-san.",Nana
1,subprefectural,Hokkaido,Mt.Rishiri,species,Betula ermanii,Plantae,Tracheophyta,Magnoliopsida,Fagales,Betulaceae,Betula,subalpine,terrestrial,resurvey,elevation,leading edge,occurrence,occurrence,1977,1977,1977,1977,2017,2017,2017,2017,40,40,2,1.0474999999999999,m/year,NA,no,na,yes,yes,na,stated,ja,J0198,Kizawa et al. 2022,10.4157/ejgeo.17.12,木澤 遼; 濱 侃; 吉田 圭一郎,利尻岳西向き斜面における40年間の森林限界の変化,2022,E-journal GEO,Text,森林限界のシフトを調査。,NA,na,na,Nonaka/Sasaki
1,entire_japan,Japan,Western coast,species,Siganus fuscescens,Animalia,Chordata,Teleostei,Acanthuriformes,Siganidae,Siganus,marine,marine,literature and specimens,horizontal,centroid,occurrence_presonly,occurrence,1967,1967,1967,1967,2013,2013,2013,2013,48,46,NA,4.18,km/year,NA,no,na,yes,yes,na,stated,en,E_jgm1,Kumagai et al. 2018,10.1073/pnas.1716826115,"Naoki H. Kumagai, Jorge García Molinosa, Hiroya Yamano, Shintaro Takao, Masahiko Fujii, Yasuhiro Yamanaka",Ocean currents and herbivory drive macroalgae-to-coral community shift under climate warming,2018,PNAS,Dataset S1,number of censuses refer to total number of occurrences used for calculating the shifts (both coasts and all years),NA,"number of censuses was entered as na because the reported range-edge shifts represent averages derived from multiple literature and/or occurrence-record sources covering different periods and locations, and thus these values were not explicitly reported.",na,Jorge
1,entire_japan,Japan,Eastern coast,species,Siganus fuscescens,Animalia,Chordata,Teleostei,Acanthuriformes,Siganidae,Siganus,marine,marine,literature and specimens,horizontal,centroid,occurrence_presonly,occurrence,1967,1967,1967,1967,2013,2013,2013,2013,48,46,NA,11.52,km/year,NA,no,na,yes,yes,na,stated,en,E_jgm1,Kumagai et al. 2018,10.1073/pnas.1716826115,"Naoki H. Kumagai, Jorge García Molinosa, Hiroya Yamano, Shintaro Takao, Masahiko Fujii, Yasuhiro Yamanaka",Ocean currents and herbivory drive macroalgae-to-coral community shift under climate warming,2018,PNAS,Dataset S1,number of censuses refer to total number of occurrences used for calculating the shifts (both coasts and all years),NA,"number of censuses was entered as na because the reported range-edge shifts represent averages derived from multiple literature and/or occurrence-record sources covering different periods and locations, and thus these values were not explicitly reported.",na,Jorge
1,entire_japan,Japan,Western coast,species,Kyphosus bigibbus,Animalia,Chordata,Teleostei,Centrarchiformes,Kyphosidae,Kyphosus,marine,marine,literature and specimens,horizontal,centroid,occurrence_presonly,occurrence,1967,1967,1967,1967,2013,2013,2013,2013,48,46,NA,3.68,km/year,NA,no,na,yes,yes,na,stated,en,E_jgm1,Kumagai et al. 2018,10.1073/pnas.1716826115,"Naoki H. Kumagai, Jorge García Molinosa, Hiroya Yamano, Shintaro Takao, Masahiko Fujii, Yasuhiro Yamanaka",Ocean currents and herbivory drive macroalgae-to-coral community shift under climate warming,2018,PNAS,Dataset S1,number of censuses refer to total number of occurrences used for calculating the shifts (both coasts and all years),NA,"number of censuses was entered as na because the reported range-edge shifts represent averages derived from multiple literature and/or occurrence-record sources covering different periods and locations, and thus these values were not explicitly reported.",na,Jorge
1,entire_japan,Japan,Eastern coast,species,Kyphosus bigibbus,Animalia,Chordata,Teleostei,Centrarchiformes,Kyphosidae,Kyphosus,marine,marine,literature and specimens,horizontal,centroid,occurrence_presonly,occurrence,1967,1967,1967,1967,2013,2013,2013,2013,48,46,NA,-0.04,km/year,NA,no,na,yes,yes,na,stated,en,E_jgm1,Kumagai et al. 2018,10.1073/pnas.1716826115,"Naoki H. Kumagai, Jorge García Molinosa, Hiroya Yamano, Shintaro Takao, Masahiko Fujii, Yasuhiro Yamanaka",Ocean currents and herbivory drive macroalgae-to-coral community shift under climate warming,2018,PNAS,Dataset S1,number of censuses refer to total number of occurrences used for calculating the shifts (both coasts and all years),NA,"number of censuses was entered as na because the reported range-edge shifts represent averages derived from multiple literature and/or occurrence-record sources covering different periods and locations, and thus these values were not explicitly reported.",na,Jorge
1,entire_japan,Japan,Western coast,species,Calotomus japonicus,Animalia,Chordata,Teleostei,Eupercaria incertae sedis,Labridae,Calotomus,marine,marine,literature and specimens,horizontal,centroid,occurrence_presonly,occurrence,1978,1978,1978,1978,2007,2007,2007,2007,31,29,NA,3.51,km/year,NA,no,na,yes,yes,na,stated,en,E_jgm1,Kumagai et al. 2018,10.1073/pnas.1716826115,"Naoki H. Kumagai, Jorge García Molinosa, Hiroya Yamano, Shintaro Takao, Masahiko Fujii, Yasuhiro Yamanaka",Ocean currents and herbivory drive macroalgae-to-coral community shift under climate warming,2018,PNAS,Dataset S1,number of censuses refer to total number of occurrences used for calculating the shifts (both coasts and all years),NA,"number of censuses was entered as na because the reported range-edge shifts represent averages derived from multiple literature and/or occurrence-record sources covering different periods and locations, and thus these values were not explicitly reported.",na,Jorge
1,entire_japan,Japan,Eastern coast,species,Calotomus japonicus,Animalia,Chordata,Teleostei,Eupercaria incertae sedis,Labridae,Calotomus,marine,marine,literature and specimens,horizontal,centroid,occurrence_presonly,occurrence,1978,1978,1978,1978,2007,2007,2007,2007,31,29,NA,4.85,km/year,NA,no,na,yes,yes,na,stated,en,E_jgm1,Kumagai et al. 2018,10.1073/pnas.1716826115,"Naoki H. Kumagai, Jorge García Molinosa, Hiroya Yamano, Shintaro Takao, Masahiko Fujii, Yasuhiro Yamanaka",Ocean currents and herbivory drive macroalgae-to-coral community shift under climate warming,2018,PNAS,Dataset S1,number of censuses refer to total number of occurrences used for calculating the shifts (both coasts and all years),NA,"number of censuses was entered as na because the reported range-edge shifts represent averages derived from multiple literature and/or occurrence-record sources covering different periods and locations, and thus these values were not explicitly reported.",na,Jorge
1,entire_japan,Japan,Western coast,species,Acropora pruinosa,Animalia,Cnidaria,Hexacorallia,Scleractinia,Acroporidae,Acropora,marine,marine,literature and specimens,horizontal,centroid,occurrence_presonly,occurrence,1935,1935,1935,1935,2014,2014,2014,2014,81,79,NA,0.46,km/year,NA,no,na,yes,yes,na,stated,en,E_jgm1,Kumagai et al. 2018,10.1073/pnas.1716826115,"Naoki H. Kumagai, Jorge García Molinosa, Hiroya Yamano, Shintaro Takao, Masahiko Fujii, Yasuhiro Yamanaka",Ocean currents and herbivory drive macroalgae-to-coral community shift under climate warming,2018,PNAS,Dataset S1,number of censuses refer to total number of occurrences used for calculating the shifts (both coasts and all years),NA,"number of censuses was entered as na because the reported range-edge shifts represent averages derived from multiple literature and/or occurrence-record sources covering different periods and locations, and thus these values were not explicitly reported.",na,Jorge
1,entire_japan,Japan,Eastern coast,species,Acropora pruinosa,Animalia,Cnidaria,Hexacorallia,Scleractinia,Acroporidae,Acropora,marine,marine,literature and specimens,horizontal,centroid,occurrence_presonly,occurrence,1935,1935,1935,1935,2014,2014,2014,2014,81,79,NA,0.85,km/year,NA,no,na,yes,yes,na,stated,en,E_jgm1,Kumagai et al. 2018,10.1073/pnas.1716826115,"Naoki H. Kumagai, Jorge García Molinosa, Hiroya Yamano, Shintaro Takao, Masahiko Fujii, Yasuhiro Yamanaka",Ocean currents and herbivory drive macroalgae-to-coral community shift under climate warming,2018,PNAS,Dataset S1,number of censuses refer to total number of occurrences used for calculating the shifts (both coasts and all years),NA,"number of censuses was entered as na because the reported range-edge shifts represent averages derived from multiple literature and/or occurrence-record sources covering different periods and locations, and thus these values were not explicitly reported.",na,Jorge
1,entire_japan,Japan,Western coast,species,Acropora solitaryensis,Animalia,Cnidaria,Hexacorallia,Scleractinia,Acroporidae,Acropora,marine,marine,literature and specimens,horizontal,centroid,occurrence_presonly,occurrence,1965,1965,1965,1965,2012,2012,2012,2012,49,47,NA,5.78,km/year,NA,no,na,yes,yes,na,stated,en,E_jgm1,Kumagai et al. 2018,10.1073/pnas.1716826115,"Naoki H. Kumagai, Jorge García Molinosa, Hiroya Yamano, Shintaro Takao, Masahiko Fujii, Yasuhiro Yamanaka",Ocean currents and herbivory drive macroalgae-to-coral community shift under climate warming,2018,PNAS,Dataset S1,number of censuses refer to total number of occurrences used for calculating the shifts (both coasts and all years),NA,"number of censuses was entered as na because the reported range-edge shifts represent averages derived from multiple literature and/or occurrence-record sources covering different periods and locations, and thus these values were not explicitly reported.",na,Jorge
1,entire_japan,Japan,Eastern coast,species,Acropora solitaryensis,Animalia,Cnidaria,Hexacorallia,Scleractinia,Acroporidae,Acropora,marine,marine,literature and specimens,horizontal,centroid,occurrence_presonly,occurrence,1965,1965,1965,1965,2012,2012,2012,2012,49,47,NA,2.87,km/year,NA,no,na,yes,yes,na,stated,en,E_jgm1,Kumagai et al. 2018,10.1073/pnas.1716826115,"Naoki H. Kumagai, Jorge García Molinosa, Hiroya Yamano, Shintaro Takao, Masahiko Fujii, Yasuhiro Yamanaka",Ocean currents and herbivory drive macroalgae-to-coral community shift under climate warming,2018,PNAS,Dataset S1,number of censuses refer to total number of occurrences used for calculating the shifts (both coasts and all years),NA,"number of censuses was entered as na because the reported range-edge shifts represent averages derived from multiple literature and/or occurrence-record sources covering different periods and locations, and thus these values were not explicitly reported.",na,Jorge
1,entire_japan,Japan,Western coast,species,Acropora spicifera,Animalia,Cnidaria,Hexacorallia,Scleractinia,Acroporidae,Acropora,marine,marine,literature and specimens,horizontal,centroid,occurrence_presonly,occurrence,1935,1935,1935,1935,2012,2012,2012,2012,79,77,NA,1.5,km/year,NA,no,na,yes,yes,na,stated,en,E_jgm1,Kumagai et al. 2018,10.1073/pnas.1716826115,"Naoki H. Kumagai, Jorge García Molinosa, Hiroya Yamano, Shintaro Takao, Masahiko Fujii, Yasuhiro Yamanaka",Ocean currents and herbivory drive macroalgae-to-coral community shift under climate warming,2018,PNAS,Dataset S1,number of censuses refer to total number of occurrences used for calculating the shifts (both coasts and all years),NA,"number of censuses was entered as na because the reported range-edge shifts represent averages derived from multiple literature and/or occurrence-record sources covering different periods and locations, and thus these values were not explicitly reported.",na,Jorge
1,entire_japan,Japan,Eastern coast,species,Acropora spicifera,Animalia,Cnidaria,Hexacorallia,Scleractinia,Acroporidae,Acropora,marine,marine,literature and specimens,horizontal,centroid,occurrence_presonly,occurrence,1935,1935,1935,1935,2012,2012,2012,2012,79,77,NA,1.14,km/year,NA,no,na,yes,yes,na,stated,en,E_jgm1,Kumagai et al. 2018,10.1073/pnas.1716826115,"Naoki H. Kumagai, Jorge García Molinosa, Hiroya Yamano, Shintaro Takao, Masahiko Fujii, Yasuhiro Yamanaka",Ocean currents and herbivory drive macroalgae-to-coral community shift under climate warming,2018,PNAS,Dataset S1,number of censuses refer to total number of occurrences used for calculating the shifts (both coasts and all years),NA,"number of censuses was entered as na because the reported range-edge shifts represent averages derived from multiple literature and/or occurrence-record sources covering different periods and locations, and thus these values were not explicitly reported.",na,Jorge
1,entire_japan,Japan,Western coast,species,Acropora muricata,Animalia,Cnidaria,Hexacorallia,Scleractinia,Acroporidae,Acropora,marine,marine,literature and specimens,horizontal,centroid,occurrence_presonly,occurrence,1932,1932,1932,1932,2015,2015,2015,2015,85,83,NA,4,km/year,NA,no,na,yes,yes,na,stated,en,E_jgm1,Kumagai et al. 2018,10.1073/pnas.1716826115,"Naoki H. Kumagai, Jorge García Molinosa, Hiroya Yamano, Shintaro Takao, Masahiko Fujii, Yasuhiro Yamanaka",Ocean currents and herbivory drive macroalgae-to-coral community shift under climate warming,2018,PNAS,Dataset S1,number of censuses refer to total number of occurrences used for calculating the shifts (both coasts and all years),NA,"number of censuses was entered as na because the reported range-edge shifts represent averages derived from multiple literature and/or occurrence-record sources covering different periods and locations, and thus these values were not explicitly reported.",na,Jorge
1,entire_japan,Japan,Eastern coast,species,Acropora muricata,Animalia,Cnidaria,Hexacorallia,Scleractinia,Acroporidae,Acropora,marine,marine,literature and specimens,horizontal,centroid,occurrence_presonly,occurrence,1932,1932,1932,1932,2015,2015,2015,2015,85,83,NA,3.33,km/year,NA,no,na,yes,yes,na,stated,en,E_jgm1,Kumagai et al. 2018,10.1073/pnas.1716826115,"Naoki H. Kumagai, Jorge García Molinosa, Hiroya Yamano, Shintaro Takao, Masahiko Fujii, Yasuhiro Yamanaka",Ocean currents and herbivory drive macroalgae-to-coral community shift under climate warming,2018,PNAS,Dataset S1,number of censuses refer to total number of occurrences used for calculating the shifts (both coasts and all years),NA,"number of censuses was entered as na because the reported range-edge shifts represent averages derived from multiple literature and/or occurrence-record sources covering different periods and locations, and thus these values were not explicitly reported.",na,Jorge
1,entire_japan,Japan,Western coast,species,Alveopora japonica,Animalia,Cnidaria,Hexacorallia,Scleractinia,Acroporidae,Alveopora,marine,marine,literature and specimens,horizontal,centroid,occurrence_presonly,occurrence,1935,1935,1935,1935,2014,2014,2014,2014,81,79,NA,2.8,km/year,NA,no,na,yes,yes,na,stated,en,E_jgm1,Kumagai et al. 2018,10.1073/pnas.1716826115,"Naoki H. Kumagai, Jorge García Molinosa, Hiroya Yamano, Shintaro Takao, Masahiko Fujii, Yasuhiro Yamanaka",Ocean currents and herbivory drive macroalgae-to-coral community shift under climate warming,2018,PNAS,Dataset S1,number of censuses refer to total number of occurrences used for calculating the shifts (both coasts and all years),NA,"number of censuses was entered as na because the reported range-edge shifts represent averages derived from multiple literature and/or occurrence-record sources covering different periods and locations, and thus these values were not explicitly reported.",na,Jorge
1,entire_japan,Japan,Eastern coast,species,Alveopora japonica,Animalia,Cnidaria,Hexacorallia,Scleractinia,Acroporidae,Alveopora,marine,marine,literature and specimens,horizontal,centroid,occurrence_presonly,occurrence,1935,1935,1935,1935,2014,2014,2014,2014,81,79,NA,0.51,km/year,NA,no,na,yes,yes,na,stated,en,E_jgm1,Kumagai et al. 2018,10.1073/pnas.1716826115,"Naoki H. Kumagai, Jorge García Molinosa, Hiroya Yamano, Shintaro Takao, Masahiko Fujii, Yasuhiro Yamanaka",Ocean currents and herbivory drive macroalgae-to-coral community shift under climate warming,2018,PNAS,Dataset S1,number of censuses refer to total number of occurrences used for calculating the shifts (both coasts and all years),NA,"number of censuses was entered as na because the reported range-edge shifts represent averages derived from multiple literature and/or occurrence-record sources covering different periods and locations, and thus these values were not explicitly reported.",na,Jorge
1,entire_japan,Japan,Western coast,species,Pavona decussata,Animalia,Cnidaria,Hexacorallia,Scleractinia,Agariciidae,Pavona,marine,marine,literature and specimens,horizontal,centroid,occurrence_presonly,occurrence,1932,1932,1932,1932,2015,2015,2015,2015,85,83,NA,0.47,km/year,NA,no,na,yes,yes,na,stated,en,E_jgm1,Kumagai et al. 2018,10.1073/pnas.1716826115,"Naoki H. Kumagai, Jorge García Molinosa, Hiroya Yamano, Shintaro Takao, Masahiko Fujii, Yasuhiro Yamanaka",Ocean currents and herbivory drive macroalgae-to-coral community shift under climate warming,2018,PNAS,Dataset S1,number of censuses refer to total number of occurrences used for calculating the shifts (both coasts and all years),NA,"number of censuses was entered as na because the reported range-edge shifts represent averages derived from multiple literature and/or occurrence-record sources covering different periods and locations, and thus these values were not explicitly reported.",na,Jorge
1,entire_japan,Japan,Eastern coast,species,Pavona decussata,Animalia,Cnidaria,Hexacorallia,Scleractinia,Agariciidae,Pavona,marine,marine,literature and specimens,horizontal,centroid,occurrence_presonly,occurrence,1932,1932,1932,1932,2015,2015,2015,2015,85,83,NA,0.96,km/year,NA,no,na,yes,yes,na,stated,en,E_jgm1,Kumagai et al. 2018,10.1073/pnas.1716826115,"Naoki H. Kumagai, Jorge García Molinosa, Hiroya Yamano, Shintaro Takao, Masahiko Fujii, Yasuhiro Yamanaka",Ocean currents and herbivory drive macroalgae-to-coral community shift under climate warming,2018,PNAS,Dataset S1,number of censuses refer to total number of occurrences used for calculating the shifts (both coasts and all years),NA,"number of censuses was entered as na because the reported range-edge shifts represent averages derived from multiple literature and/or occurrence-record sources covering different periods and locations, and thus these values were not explicitly reported.",na,Jorge
1,entire_japan,Japan,Western coast,species,Lithophyllon undulatum,Animalia,Cnidaria,Hexacorallia,Scleractinia,Fungiidae,Lithophyllon,marine,marine,literature and specimens,horizontal,centroid,occurrence_presonly,occurrence,1932,1932,1932,1932,2015,2015,2015,2015,85,83,NA,0.33,km/year,NA,no,na,yes,yes,na,stated,en,E_jgm1,Kumagai et al. 2018,10.1073/pnas.1716826115,"Naoki H. Kumagai, Jorge García Molinosa, Hiroya Yamano, Shintaro Takao, Masahiko Fujii, Yasuhiro Yamanaka",Ocean currents and herbivory drive macroalgae-to-coral community shift under climate warming,2018,PNAS,Dataset S1,number of censuses refer to total number of occurrences used for calculating the shifts (both coasts and all years),NA,"number of censuses was entered as na because the reported range-edge shifts represent averages derived from multiple literature and/or occurrence-record sources covering different periods and locations, and thus these values were not explicitly reported.",na,Jorge
1,entire_japan,Japan,Eastern coast,species,Lithophyllon undulatum,Animalia,Cnidaria,Hexacorallia,Scleractinia,Fungiidae,Lithophyllon,marine,marine,literature and specimens,horizontal,centroid,occurrence_presonly,occurrence,1932,1932,1932,1932,2015,2015,2015,2015,85,83,NA,-0.35,km/year,NA,no,na,yes,yes,na,stated,en,E_jgm1,Kumagai et al. 2018,10.1073/pnas.1716826115,"Naoki H. Kumagai, Jorge García Molinosa, Hiroya Yamano, Shintaro Takao, Masahiko Fujii, Yasuhiro Yamanaka",Ocean currents and herbivory drive macroalgae-to-coral community shift under climate warming,2018,PNAS,Dataset S1,number of censuses refer to total number of occurrences used for calculating the shifts (both coasts and all years),NA,"number of censuses was entered as na because the reported range-edge shifts represent averages derived from multiple literature and/or occurrence-record sources covering different periods and locations, and thus these values were not explicitly reported.",na,Jorge
1,entire_japan,Japan,Western coast,species,Astraeosmilia tumida,Animalia,Cnidaria,Hexacorallia,Scleractinia,Merulinidae,Astraeosmilia,marine,marine,literature and specimens,horizontal,centroid,occurrence_presonly,occurrence,1932,1932,1932,1932,2015,2015,2015,2015,85,83,NA,0.39,km/year,NA,no,na,yes,yes,na,stated,en,E_jgm1,Kumagai et al. 2018,10.1073/pnas.1716826115,"Naoki H. Kumagai, Jorge García Molinosa, Hiroya Yamano, Shintaro Takao, Masahiko Fujii, Yasuhiro Yamanaka",Ocean currents and herbivory drive macroalgae-to-coral community shift under climate warming,2018,PNAS,Dataset S1,number of censuses refer to total number of occurrences used for calculating the shifts (both coasts and all years),NA,"number of censuses was entered as na because the reported range-edge shifts represent averages derived from multiple literature and/or occurrence-record sources covering different periods and locations, and thus these values were not explicitly reported.",na,Jorge
1,entire_japan,Japan,Eastern coast,species,Astraeosmilia tumida,Animalia,Cnidaria,Hexacorallia,Scleractinia,Merulinidae,Astraeosmilia,marine,marine,literature and specimens,horizontal,centroid,occurrence_presonly,occurrence,1932,1932,1932,1932,2015,2015,2015,2015,85,83,NA,0.7,km/year,NA,no,na,yes,yes,na,stated,en,E_jgm1,Kumagai et al. 2018,10.1073/pnas.1716826115,"Naoki H. Kumagai, Jorge García Molinosa, Hiroya Yamano, Shintaro Takao, Masahiko Fujii, Yasuhiro Yamanaka",Ocean currents and herbivory drive macroalgae-to-coral community shift under climate warming,2018,PNAS,Dataset S1,number of censuses refer to total number of occurrences used for calculating the shifts (both coasts and all years),NA,"number of censuses was entered as na because the reported range-edge shifts represent averages derived from multiple literature and/or occurrence-record sources covering different periods and locations, and thus these values were not explicitly reported.",na,Jorge
1,entire_japan,Japan,Western coast,species,Dipsastraea speciosa,Animalia,Cnidaria,Hexacorallia,Scleractinia,Merulinidae,Dipsastraea,marine,marine,literature and specimens,horizontal,centroid,occurrence_presonly,occurrence,1932,1932,1932,1932,2015,2015,2015,2015,85,83,NA,1.01,km/year,NA,no,na,yes,yes,na,stated,en,E_jgm1,Kumagai et al. 2018,10.1073/pnas.1716826115,"Naoki H. Kumagai, Jorge García Molinosa, Hiroya Yamano, Shintaro Takao, Masahiko Fujii, Yasuhiro Yamanaka",Ocean currents and herbivory drive macroalgae-to-coral community shift under climate warming,2018,PNAS,Dataset S1,number of censuses refer to total number of occurrences used for calculating the shifts (both coasts and all years),NA,"number of censuses was entered as na because the reported range-edge shifts represent averages derived from multiple literature and/or occurrence-record sources covering different periods and locations, and thus these values were not explicitly reported.",na,Jorge
1,entire_japan,Japan,Eastern coast,species,Dipsastraea speciosa,Animalia,Cnidaria,Hexacorallia,Scleractinia,Merulinidae,Dipsastraea,marine,marine,literature and specimens,horizontal,centroid,occurrence_presonly,occurrence,1932,1932,1932,1932,2015,2015,2015,2015,85,83,NA,1.48,km/year,NA,no,na,yes,yes,na,stated,en,E_jgm1,Kumagai et al. 2018,10.1073/pnas.1716826115,"Naoki H. Kumagai, Jorge García Molinosa, Hiroya Yamano, Shintaro Takao, Masahiko Fujii, Yasuhiro Yamanaka",Ocean currents and herbivory drive macroalgae-to-coral community shift under climate warming,2018,PNAS,Dataset S1,number of censuses refer to total number of occurrences used for calculating the shifts (both coasts and all years),NA,"number of censuses was entered as na because the reported range-edge shifts represent averages derived from multiple literature and/or occurrence-record sources covering different periods and locations, and thus these values were not explicitly reported.",na,Jorge
1,entire_japan,Japan,Western coast,species,Hydnophora exesa,Animalia,Cnidaria,Hexacorallia,Scleractinia,Merulinidae,Hydnophora,marine,marine,literature and specimens,horizontal,centroid,occurrence_presonly,occurrence,1932,1932,1932,1932,2015,2015,2015,2015,85,83,NA,0.61,km/year,NA,no,na,yes,yes,na,stated,en,E_jgm1,Kumagai et al. 2018,10.1073/pnas.1716826115,"Naoki H. Kumagai, Jorge García Molinosa, Hiroya Yamano, Shintaro Takao, Masahiko Fujii, Yasuhiro Yamanaka",Ocean currents and herbivory drive macroalgae-to-coral community shift under climate warming,2018,PNAS,Dataset S1,number of censuses refer to total number of occurrences used for calculating the shifts (both coasts and all years),NA,"number of censuses was entered as na because the reported range-edge shifts represent averages derived from multiple literature and/or occurrence-record sources covering different periods and locations, and thus these values were not explicitly reported.",na,Jorge
1,entire_japan,Japan,Eastern coast,species,Hydnophora exesa,Animalia,Cnidaria,Hexacorallia,Scleractinia,Merulinidae,Hydnophora,marine,marine,literature and specimens,horizontal,centroid,occurrence_presonly,occurrence,1932,1932,1932,1932,2015,2015,2015,2015,85,83,NA,0.91,km/year,NA,no,na,yes,yes,na,stated,en,E_jgm1,Kumagai et al. 2018,10.1073/pnas.1716826115,"Naoki H. Kumagai, Jorge García Molinosa, Hiroya Yamano, Shintaro Takao, Masahiko Fujii, Yasuhiro Yamanaka",Ocean currents and herbivory drive macroalgae-to-coral community shift under climate warming,2018,PNAS,Dataset S1,number of censuses refer to total number of occurrences used for calculating the shifts (both coasts and all years),NA,"number of censuses was entered as na because the reported range-edge shifts represent averages derived from multiple literature and/or occurrence-record sources covering different periods and locations, and thus these values were not explicitly reported.",na,Jorge
1,entire_japan,Japan,Western coast,species,Oulastrea crispata,Animalia,Cnidaria,Hexacorallia,Scleractinia,Oulastreidae,Oulastrea,marine,marine,literature and specimens,horizontal,centroid,occurrence_presonly,occurrence,1935,1935,1935,1935,2015,2015,2015,2015,82,80,NA,1.63,km/year,NA,no,na,yes,yes,na,stated,en,E_jgm1,Kumagai et al. 2018,10.1073/pnas.1716826115,"Naoki H. Kumagai, Jorge García Molinosa, Hiroya Yamano, Shintaro Takao, Masahiko Fujii, Yasuhiro Yamanaka",Ocean currents and herbivory drive macroalgae-to-coral community shift under climate warming,2018,PNAS,Dataset S1,number of censuses refer to total number of occurrences used for calculating the shifts (both coasts and all years),NA,"number of censuses was entered as na because the reported range-edge shifts represent averages derived from multiple literature and/or occurrence-record sources covering different periods and locations, and thus these values were not explicitly reported.",na,Jorge
1,entire_japan,Japan,Eastern coast,species,Oulastrea crispata,Animalia,Cnidaria,Hexacorallia,Scleractinia,Oulastreidae,Oulastrea,marine,marine,literature and specimens,horizontal,centroid,occurrence_presonly,occurrence,1935,1935,1935,1935,2015,2015,2015,2015,82,80,NA,1.55,km/year,NA,no,na,yes,yes,na,stated,en,E_jgm1,Kumagai et al. 2018,10.1073/pnas.1716826115,"Naoki H. Kumagai, Jorge García Molinosa, Hiroya Yamano, Shintaro Takao, Masahiko Fujii, Yasuhiro Yamanaka",Ocean currents and herbivory drive macroalgae-to-coral community shift under climate warming,2018,PNAS,Dataset S1,number of censuses refer to total number of occurrences used for calculating the shifts (both coasts and all years),NA,"number of censuses was entered as na because the reported range-edge shifts represent averages derived from multiple literature and/or occurrence-record sources covering different periods and locations, and thus these values were not explicitly reported.",na,Jorge
1,entire_japan,Japan,Western coast,species,Pocillopora damicornis,Animalia,Cnidaria,Hexacorallia,Scleractinia,Pocilloporidae,Pocillopora,marine,marine,literature and specimens,horizontal,centroid,occurrence_presonly,occurrence,1932,1932,1932,1932,2015,2015,2015,2015,85,83,NA,1.05,km/year,NA,no,na,yes,yes,na,stated,en,E_jgm1,Kumagai et al. 2018,10.1073/pnas.1716826115,"Naoki H. Kumagai, Jorge García Molinosa, Hiroya Yamano, Shintaro Takao, Masahiko Fujii, Yasuhiro Yamanaka",Ocean currents and herbivory drive macroalgae-to-coral community shift under climate warming,2018,PNAS,Dataset S1,number of censuses refer to total number of occurrences used for calculating the shifts (both coasts and all years),NA,"number of censuses was entered as na because the reported range-edge shifts represent averages derived from multiple literature and/or occurrence-record sources covering different periods and locations, and thus these values were not explicitly reported.",na,Jorge
1,entire_japan,Japan,Eastern coast,species,Pocillopora damicornis,Animalia,Cnidaria,Hexacorallia,Scleractinia,Pocilloporidae,Pocillopora,marine,marine,literature and specimens,horizontal,centroid,occurrence_presonly,occurrence,1932,1932,1932,1932,2015,2015,2015,2015,85,83,NA,0.56,km/year,NA,no,na,yes,yes,na,stated,en,E_jgm1,Kumagai et al. 2018,10.1073/pnas.1716826115,"Naoki H. Kumagai, Jorge García Molinosa, Hiroya Yamano, Shintaro Takao, Masahiko Fujii, Yasuhiro Yamanaka",Ocean currents and herbivory drive macroalgae-to-coral community shift under climate warming,2018,PNAS,Dataset S1,number of censuses refer to total number of occurrences used for calculating the shifts (both coasts and all years),NA,"number of censuses was entered as na because the reported range-edge shifts represent averages derived from multiple literature and/or occurrence-record sources covering different periods and locations, and thus these values were not explicitly reported.",na,Jorge
1,entire_japan,Japan,Western coast,species,Myagropsis myagroides,Chromista,Ochrophyta,Phaeophyceae,Fucales,Sargassaceae,Myagropsis,marine,marine,literature and specimens,horizontal,centroid,occurrence_presonly,occurrence,1946,1946,1946,1946,2014,2014,2014,2014,70,68,NA,4.12,km/year,NA,no,na,yes,yes,na,stated,en,E_jgm1,Kumagai et al. 2018,10.1073/pnas.1716826115,"Naoki H. Kumagai, Jorge García Molinosa, Hiroya Yamano, Shintaro Takao, Masahiko Fujii, Yasuhiro Yamanaka",Ocean currents and herbivory drive macroalgae-to-coral community shift under climate warming,2018,PNAS,Dataset S1,number of censuses refer to total number of occurrences used for calculating the shifts (both coasts and all years),NA,"number of censuses was entered as na because the reported range-edge shifts represent averages derived from multiple literature and/or occurrence-record sources covering different periods and locations, and thus these values were not explicitly reported.",na,Jorge
1,entire_japan,Japan,Eastern coast,species,Myagropsis myagroides,Chromista,Ochrophyta,Phaeophyceae,Fucales,Sargassaceae,Myagropsis,marine,marine,literature and specimens,horizontal,centroid,occurrence_presonly,occurrence,1946,1946,1946,1946,2014,2014,2014,2014,70,68,NA,-2.25,km/year,NA,no,na,yes,yes,na,stated,en,E_jgm1,Kumagai et al. 2018,10.1073/pnas.1716826115,"Naoki H. Kumagai, Jorge García Molinosa, Hiroya Yamano, Shintaro Takao, Masahiko Fujii, Yasuhiro Yamanaka",Ocean currents and herbivory drive macroalgae-to-coral community shift under climate warming,2018,PNAS,Dataset S1,number of censuses refer to total number of occurrences used for calculating the shifts (both coasts and all years),NA,"number of censuses was entered as na because the reported range-edge shifts represent averages derived from multiple literature and/or occurrence-record sources covering different periods and locations, and thus these values were not explicitly reported.",na,Jorge
1,entire_japan,Japan,Western coast,species,Sargassum confusum,Chromista,Ochrophyta,Phaeophyceae,Fucales,Sargassaceae,Sargassum,marine,marine,literature and specimens,horizontal,centroid,occurrence_presonly,occurrence,1919,1919,1919,1919,2014,2014,2014,2014,97,95,NA,4.43,km/year,NA,no,na,yes,yes,na,stated,en,E_jgm1,Kumagai et al. 2018,10.1073/pnas.1716826115,"Naoki H. Kumagai, Jorge García Molinosa, Hiroya Yamano, Shintaro Takao, Masahiko Fujii, Yasuhiro Yamanaka",Ocean currents and herbivory drive macroalgae-to-coral community shift under climate warming,2018,PNAS,Dataset S1,number of censuses refer to total number of occurrences used for calculating the shifts (both coasts and all years),NA,"number of censuses was entered as na because the reported range-edge shifts represent averages derived from multiple literature and/or occurrence-record sources covering different periods and locations, and thus these values were not explicitly reported.",na,Jorge
1,entire_japan,Japan,Eastern coast,species,Sargassum confusum,Chromista,Ochrophyta,Phaeophyceae,Fucales,Sargassaceae,Sargassum,marine,marine,literature and specimens,horizontal,centroid,occurrence_presonly,occurrence,1919,1919,1919,1919,2014,2014,2014,2014,97,95,NA,2.83,km/year,NA,no,na,yes,yes,na,stated,en,E_jgm1,Kumagai et al. 2018,10.1073/pnas.1716826115,"Naoki H. Kumagai, Jorge García Molinosa, Hiroya Yamano, Shintaro Takao, Masahiko Fujii, Yasuhiro Yamanaka",Ocean currents and herbivory drive macroalgae-to-coral community shift under climate warming,2018,PNAS,Dataset S1,number of censuses refer to total number of occurrences used for calculating the shifts (both coasts and all years),NA,"number of censuses was entered as na because the reported range-edge shifts represent averages derived from multiple literature and/or occurrence-record sources covering different periods and locations, and thus these values were not explicitly reported.",na,Jorge
1,entire_japan,Japan,Western coast,species,Sargassum thunbergii,Chromista,Ochrophyta,Phaeophyceae,Fucales,Sargassaceae,Sargassum,marine,marine,literature and specimens,horizontal,centroid,occurrence_presonly,occurrence,1927,1927,1927,1927,2013,2013,2013,2013,88,86,NA,-1.1,km/year,NA,no,na,yes,yes,na,stated,en,E_jgm1,Kumagai et al. 2018,10.1073/pnas.1716826115,"Naoki H. Kumagai, Jorge García Molinosa, Hiroya Yamano, Shintaro Takao, Masahiko Fujii, Yasuhiro Yamanaka",Ocean currents and herbivory drive macroalgae-to-coral community shift under climate warming,2018,PNAS,Dataset S1,number of censuses refer to total number of occurrences used for calculating the shifts (both coasts and all years),NA,"number of censuses was entered as na because the reported range-edge shifts represent averages derived from multiple literature and/or occurrence-record sources covering different periods and locations, and thus these values were not explicitly reported.",na,Jorge
1,entire_japan,Japan,Eastern coast,species,Sargassum thunbergii,Chromista,Ochrophyta,Phaeophyceae,Fucales,Sargassaceae,Sargassum,marine,marine,literature and specimens,horizontal,centroid,occurrence_presonly,occurrence,1927,1927,1927,1927,2013,2013,2013,2013,88,86,NA,-5.25,km/year,NA,no,na,yes,yes,na,stated,en,E_jgm1,Kumagai et al. 2018,10.1073/pnas.1716826115,"Naoki H. Kumagai, Jorge García Molinosa, Hiroya Yamano, Shintaro Takao, Masahiko Fujii, Yasuhiro Yamanaka",Ocean currents and herbivory drive macroalgae-to-coral community shift under climate warming,2018,PNAS,Dataset S1,number of censuses refer to total number of occurrences used for calculating the shifts (both coasts and all years),NA,"number of censuses was entered as na because the reported range-edge shifts represent averages derived from multiple literature and/or occurrence-record sources covering different periods and locations, and thus these values were not explicitly reported.",na,Jorge
1,entire_japan,Japan,Western coast,species,Sargassum horneri,Chromista,Ochrophyta,Phaeophyceae,Fucales,Sargassaceae,Sargassum,marine,marine,literature and specimens,horizontal,centroid,occurrence_presonly,occurrence,1929,1929,1929,1929,2014,2014,2014,2014,87,85,NA,2.29,km/year,NA,no,na,yes,yes,na,stated,en,E_jgm1,Kumagai et al. 2018,10.1073/pnas.1716826115,"Naoki H. Kumagai, Jorge García Molinosa, Hiroya Yamano, Shintaro Takao, Masahiko Fujii, Yasuhiro Yamanaka",Ocean currents and herbivory drive macroalgae-to-coral community shift under climate warming,2018,PNAS,Dataset S1,number of censuses refer to total number of occurrences used for calculating the shifts (both coasts and all years),NA,"number of censuses was entered as na because the reported range-edge shifts represent averages derived from multiple literature and/or occurrence-record sources covering different periods and locations, and thus these values were not explicitly reported.",na,Jorge
1,entire_japan,Japan,Eastern coast,species,Sargassum horneri,Chromista,Ochrophyta,Phaeophyceae,Fucales,Sargassaceae,Sargassum,marine,marine,literature and specimens,horizontal,centroid,occurrence_presonly,occurrence,1929,1929,1929,1929,2014,2014,2014,2014,87,85,NA,1.14,km/year,NA,no,na,yes,yes,na,stated,en,E_jgm1,Kumagai et al. 2018,10.1073/pnas.1716826115,"Naoki H. Kumagai, Jorge García Molinosa, Hiroya Yamano, Shintaro Takao, Masahiko Fujii, Yasuhiro Yamanaka",Ocean currents and herbivory drive macroalgae-to-coral community shift under climate warming,2018,PNAS,Dataset S1,number of censuses refer to total number of occurrences used for calculating the shifts (both coasts and all years),NA,"number of censuses was entered as na because the reported range-edge shifts represent averages derived from multiple literature and/or occurrence-record sources covering different periods and locations, and thus these values were not explicitly reported.",na,Jorge
1,entire_japan,Japan,Western coast,species,Sargassum siliquastrum,Chromista,Ochrophyta,Phaeophyceae,Fucales,Sargassaceae,Sargassum,marine,marine,literature and specimens,horizontal,centroid,occurrence_presonly,occurrence,1923,1923,1923,1923,2014,2014,2014,2014,93,91,NA,5.36,km/year,NA,no,na,yes,yes,na,stated,en,E_jgm1,Kumagai et al. 2018,10.1073/pnas.1716826115,"Naoki H. Kumagai, Jorge García Molinosa, Hiroya Yamano, Shintaro Takao, Masahiko Fujii, Yasuhiro Yamanaka",Ocean currents and herbivory drive macroalgae-to-coral community shift under climate warming,2018,PNAS,Dataset S1,number of censuses refer to total number of occurrences used for calculating the shifts (both coasts and all years),NA,"number of censuses was entered as na because the reported range-edge shifts represent averages derived from multiple literature and/or occurrence-record sources covering different periods and locations, and thus these values were not explicitly reported.",na,Jorge
1,entire_japan,Japan,Eastern coast,species,Sargassum siliquastrum,Chromista,Ochrophyta,Phaeophyceae,Fucales,Sargassaceae,Sargassum,marine,marine,literature and specimens,horizontal,centroid,occurrence_presonly,occurrence,1923,1923,1923,1923,2014,2014,2014,2014,93,91,NA,1.8,km/year,NA,no,na,yes,yes,na,stated,en,E_jgm1,Kumagai et al. 2018,10.1073/pnas.1716826115,"Naoki H. Kumagai, Jorge García Molinosa, Hiroya Yamano, Shintaro Takao, Masahiko Fujii, Yasuhiro Yamanaka",Ocean currents and herbivory drive macroalgae-to-coral community shift under climate warming,2018,PNAS,Dataset S1,number of censuses refer to total number of occurrences used for calculating the shifts (both coasts and all years),NA,"number of censuses was entered as na because the reported range-edge shifts represent averages derived from multiple literature and/or occurrence-record sources covering different periods and locations, and thus these values were not explicitly reported.",na,Jorge
1,entire_japan,Japan,Western coast,species,Sargassum fulvellum,Chromista,Ochrophyta,Phaeophyceae,Fucales,Sargassaceae,Sargassum,marine,marine,literature and specimens,horizontal,centroid,occurrence_presonly,occurrence,1932,1932,1932,1932,2014,2014,2014,2014,84,82,NA,3,km/year,NA,no,na,yes,yes,na,stated,en,E_jgm1,Kumagai et al. 2018,10.1073/pnas.1716826115,"Naoki H. Kumagai, Jorge García Molinosa, Hiroya Yamano, Shintaro Takao, Masahiko Fujii, Yasuhiro Yamanaka",Ocean currents and herbivory drive macroalgae-to-coral community shift under climate warming,2018,PNAS,Dataset S1,number of censuses refer to total number of occurrences used for calculating the shifts (both coasts and all years),NA,"number of censuses was entered as na because the reported range-edge shifts represent averages derived from multiple literature and/or occurrence-record sources covering different periods and locations, and thus these values were not explicitly reported.",na,Jorge
1,entire_japan,Japan,Eastern coast,species,Sargassum fulvellum,Chromista,Ochrophyta,Phaeophyceae,Fucales,Sargassaceae,Sargassum,marine,marine,literature and specimens,horizontal,centroid,occurrence_presonly,occurrence,1932,1932,1932,1932,2014,2014,2014,2014,84,82,NA,0.39,km/year,NA,no,na,yes,yes,na,stated,en,E_jgm1,Kumagai et al. 2018,10.1073/pnas.1716826115,"Naoki H. Kumagai, Jorge García Molinosa, Hiroya Yamano, Shintaro Takao, Masahiko Fujii, Yasuhiro Yamanaka",Ocean currents and herbivory drive macroalgae-to-coral community shift under climate warming,2018,PNAS,Dataset S1,number of censuses refer to total number of occurrences used for calculating the shifts (both coasts and all years),NA,"number of censuses was entered as na because the reported range-edge shifts represent averages derived from multiple literature and/or occurrence-record sources covering different periods and locations, and thus these values were not explicitly reported.",na,Jorge
1,entire_japan,Japan,Western coast,species,Sargassum micracanthum,Chromista,Ochrophyta,Phaeophyceae,Fucales,Sargassaceae,Sargassum,marine,marine,literature and specimens,horizontal,centroid,occurrence_presonly,occurrence,1919,1919,1919,1919,2014,2014,2014,2014,97,95,NA,2.27,km/year,NA,no,na,yes,yes,na,stated,en,E_jgm1,Kumagai et al. 2018,10.1073/pnas.1716826115,"Naoki H. Kumagai, Jorge García Molinosa, Hiroya Yamano, Shintaro Takao, Masahiko Fujii, Yasuhiro Yamanaka",Ocean currents and herbivory drive macroalgae-to-coral community shift under climate warming,2018,PNAS,Dataset S1,number of censuses refer to total number of occurrences used for calculating the shifts (both coasts and all years),NA,"number of censuses was entered as na because the reported range-edge shifts represent averages derived from multiple literature and/or occurrence-record sources covering different periods and locations, and thus these values were not explicitly reported.",na,Jorge
1,entire_japan,Japan,Eastern coast,species,Sargassum micracanthum,Chromista,Ochrophyta,Phaeophyceae,Fucales,Sargassaceae,Sargassum,marine,marine,literature and specimens,horizontal,centroid,occurrence_presonly,occurrence,1919,1919,1919,1919,2014,2014,2014,2014,97,95,NA,-0.14,km/year,NA,no,na,yes,yes,na,stated,en,E_jgm1,Kumagai et al. 2018,10.1073/pnas.1716826115,"Naoki H. Kumagai, Jorge García Molinosa, Hiroya Yamano, Shintaro Takao, Masahiko Fujii, Yasuhiro Yamanaka",Ocean currents and herbivory drive macroalgae-to-coral community shift under climate warming,2018,PNAS,Dataset S1,number of censuses refer to total number of occurrences used for calculating the shifts (both coasts and all years),NA,"number of censuses was entered as na because the reported range-edge shifts represent averages derived from multiple literature and/or occurrence-record sources covering different periods and locations, and thus these values were not explicitly reported.",na,Jorge
1,entire_japan,Japan,Western coast,species,Sargassum macrocarpum,Chromista,Ochrophyta,Phaeophyceae,Fucales,Sargassaceae,Sargassum,marine,marine,literature and specimens,horizontal,centroid,occurrence_presonly,occurrence,1924,1924,1924,1924,2013,2013,2013,2013,91,89,NA,4.94,km/year,NA,no,na,yes,yes,na,stated,en,E_jgm1,Kumagai et al. 2018,10.1073/pnas.1716826115,"Naoki H. Kumagai, Jorge García Molinosa, Hiroya Yamano, Shintaro Takao, Masahiko Fujii, Yasuhiro Yamanaka",Ocean currents and herbivory drive macroalgae-to-coral community shift under climate warming,2018,PNAS,Dataset S1,number of censuses refer to total number of occurrences used for calculating the shifts (both coasts and all years),NA,"number of censuses was entered as na because the reported range-edge shifts represent averages derived from multiple literature and/or occurrence-record sources covering different periods and locations, and thus these values were not explicitly reported.",na,Jorge
1,entire_japan,Japan,Eastern coast,species,Sargassum macrocarpum,Chromista,Ochrophyta,Phaeophyceae,Fucales,Sargassaceae,Sargassum,marine,marine,literature and specimens,horizontal,centroid,occurrence_presonly,occurrence,1924,1924,1924,1924,2013,2013,2013,2013,91,89,NA,-2.63,km/year,NA,no,na,yes,yes,na,stated,en,E_jgm1,Kumagai et al. 2018,10.1073/pnas.1716826115,"Naoki H. Kumagai, Jorge García Molinosa, Hiroya Yamano, Shintaro Takao, Masahiko Fujii, Yasuhiro Yamanaka",Ocean currents and herbivory drive macroalgae-to-coral community shift under climate warming,2018,PNAS,Dataset S1,number of censuses refer to total number of occurrences used for calculating the shifts (both coasts and all years),NA,"number of censuses was entered as na because the reported range-edge shifts represent averages derived from multiple literature and/or occurrence-record sources covering different periods and locations, and thus these values were not explicitly reported.",na,Jorge
1,entire_japan,Japan,Eastern coast,species,Sargassum nigrifolium,Chromista,Ochrophyta,Phaeophyceae,Fucales,Sargassaceae,Sargassum,marine,marine,literature and specimens,horizontal,centroid,occurrence_presonly,occurrence,1935,1935,1935,1935,2009,2009,2009,2009,76,74,NA,0.95,km/year,NA,no,na,yes,yes,na,stated,en,E_jgm1,Kumagai et al. 2018,10.1073/pnas.1716826115,"Naoki H. Kumagai, Jorge García Molinosa, Hiroya Yamano, Shintaro Takao, Masahiko Fujii, Yasuhiro Yamanaka",Ocean currents and herbivory drive macroalgae-to-coral community shift under climate warming,2018,PNAS,Dataset S1,number of censuses refer to total number of occurrences used for calculating the shifts (both coasts and all years),NA,"number of censuses was entered as na because the reported range-edge shifts represent averages derived from multiple literature and/or occurrence-record sources covering different periods and locations, and thus these values were not explicitly reported.",na,Jorge
1,entire_japan,Japan,Western coast,species,Sargassum coreanum,Chromista,Ochrophyta,Phaeophyceae,Fucales,Sargassaceae,Sargassum,marine,marine,literature and specimens,horizontal,centroid,occurrence_presonly,occurrence,1922,1922,1922,1922,2011,2011,2011,2011,91,89,NA,3.42,km/year,NA,no,na,yes,yes,na,stated,en,E_jgm1,Kumagai et al. 2018,10.1073/pnas.1716826115,"Naoki H. Kumagai, Jorge García Molinosa, Hiroya Yamano, Shintaro Takao, Masahiko Fujii, Yasuhiro Yamanaka",Ocean currents and herbivory drive macroalgae-to-coral community shift under climate warming,2018,PNAS,Dataset S1,number of censuses refer to total number of occurrences used for calculating the shifts (both coasts and all years),NA,"number of censuses was entered as na because the reported range-edge shifts represent averages derived from multiple literature and/or occurrence-record sources covering different periods and locations, and thus these values were not explicitly reported.",na,Jorge
1,entire_japan,Japan,Eastern coast,species,Sargassum coreanum,Chromista,Ochrophyta,Phaeophyceae,Fucales,Sargassaceae,Sargassum,marine,marine,literature and specimens,horizontal,centroid,occurrence_presonly,occurrence,1922,1922,1922,1922,2011,2011,2011,2011,91,89,NA,-0.95,km/year,NA,no,na,yes,yes,na,stated,en,E_jgm1,Kumagai et al. 2018,10.1073/pnas.1716826115,"Naoki H. Kumagai, Jorge García Molinosa, Hiroya Yamano, Shintaro Takao, Masahiko Fujii, Yasuhiro Yamanaka",Ocean currents and herbivory drive macroalgae-to-coral community shift under climate warming,2018,PNAS,Dataset S1,number of censuses refer to total number of occurrences used for calculating the shifts (both coasts and all years),NA,"number of censuses was entered as na because the reported range-edge shifts represent averages derived from multiple literature and/or occurrence-record sources covering different periods and locations, and thus these values were not explicitly reported.",na,Jorge
1,entire_japan,Japan,Western coast,species,Sargassum muticum,Chromista,Ochrophyta,Phaeophyceae,Fucales,Sargassaceae,Sargassum,marine,marine,literature and specimens,horizontal,centroid,occurrence_presonly,occurrence,1913,1913,1913,1913,2012,2012,2012,2012,101,99,NA,4.48,km/year,NA,no,na,yes,yes,na,stated,en,E_jgm1,Kumagai et al. 2018,10.1073/pnas.1716826115,"Naoki H. Kumagai, Jorge García Molinosa, Hiroya Yamano, Shintaro Takao, Masahiko Fujii, Yasuhiro Yamanaka",Ocean currents and herbivory drive macroalgae-to-coral community shift under climate warming,2018,PNAS,Dataset S1,number of censuses refer to total number of occurrences used for calculating the shifts (both coasts and all years),NA,"number of censuses was entered as na because the reported range-edge shifts represent averages derived from multiple literature and/or occurrence-record sources covering different periods and locations, and thus these values were not explicitly reported.",na,Jorge
1,entire_japan,Japan,Eastern coast,species,Sargassum muticum,Chromista,Ochrophyta,Phaeophyceae,Fucales,Sargassaceae,Sargassum,marine,marine,literature and specimens,horizontal,centroid,occurrence_presonly,occurrence,1913,1913,1913,1913,2012,2012,2012,2012,101,99,NA,0.95,km/year,NA,no,na,yes,yes,na,stated,en,E_jgm1,Kumagai et al. 2018,10.1073/pnas.1716826115,"Naoki H. Kumagai, Jorge García Molinosa, Hiroya Yamano, Shintaro Takao, Masahiko Fujii, Yasuhiro Yamanaka",Ocean currents and herbivory drive macroalgae-to-coral community shift under climate warming,2018,PNAS,Dataset S1,number of censuses refer to total number of occurrences used for calculating the shifts (both coasts and all years),NA,"number of censuses was entered as na because the reported range-edge shifts represent averages derived from multiple literature and/or occurrence-record sources covering different periods and locations, and thus these values were not explicitly reported.",na,Jorge
1,entire_japan,Japan,Western coast,species,Sargassum fusiforme,Chromista,Ochrophyta,Phaeophyceae,Fucales,Sargassaceae,Sargassum,marine,marine,literature and specimens,horizontal,centroid,occurrence_presonly,occurrence,1940,1940,1940,1940,2014,2014,2014,2014,76,74,NA,-1.12,km/year,NA,no,na,yes,yes,na,stated,en,E_jgm1,Kumagai et al. 2018,10.1073/pnas.1716826115,"Naoki H. Kumagai, Jorge García Molinosa, Hiroya Yamano, Shintaro Takao, Masahiko Fujii, Yasuhiro Yamanaka",Ocean currents and herbivory drive macroalgae-to-coral community shift under climate warming,2018,PNAS,Dataset S1,number of censuses refer to total number of occurrences used for calculating the shifts (both coasts and all years),NA,"number of censuses was entered as na because the reported range-edge shifts represent averages derived from multiple literature and/or occurrence-record sources covering different periods and locations, and thus these values were not explicitly reported.",na,Jorge
1,entire_japan,Japan,Eastern coast,species,Sargassum fusiforme,Chromista,Ochrophyta,Phaeophyceae,Fucales,Sargassaceae,Sargassum,marine,marine,literature and specimens,horizontal,centroid,occurrence_presonly,occurrence,1940,1940,1940,1940,2014,2014,2014,2014,76,74,NA,-3.14,km/year,NA,no,na,yes,yes,na,stated,en,E_jgm1,Kumagai et al. 2018,10.1073/pnas.1716826115,"Naoki H. Kumagai, Jorge García Molinosa, Hiroya Yamano, Shintaro Takao, Masahiko Fujii, Yasuhiro Yamanaka",Ocean currents and herbivory drive macroalgae-to-coral community shift under climate warming,2018,PNAS,Dataset S1,number of censuses refer to total number of occurrences used for calculating the shifts (both coasts and all years),NA,"number of censuses was entered as na because the reported range-edge shifts represent averages derived from multiple literature and/or occurrence-record sources covering different periods and locations, and thus these values were not explicitly reported.",na,Jorge
1,entire_japan,Japan,Western coast,species,Sargassum piluliferum,Chromista,Ochrophyta,Phaeophyceae,Fucales,Sargassaceae,Sargassum,marine,marine,literature and specimens,horizontal,centroid,occurrence_presonly,occurrence,1946,1946,1946,1946,2013,2013,2013,2013,69,67,NA,3.71,km/year,NA,no,na,yes,yes,na,stated,en,E_jgm1,Kumagai et al. 2018,10.1073/pnas.1716826115,"Naoki H. Kumagai, Jorge García Molinosa, Hiroya Yamano, Shintaro Takao, Masahiko Fujii, Yasuhiro Yamanaka",Ocean currents and herbivory drive macroalgae-to-coral community shift under climate warming,2018,PNAS,Dataset S1,number of censuses refer to total number of occurrences used for calculating the shifts (both coasts and all years),NA,"number of censuses was entered as na because the reported range-edge shifts represent averages derived from multiple literature and/or occurrence-record sources covering different periods and locations, and thus these values were not explicitly reported.",na,Jorge
1,entire_japan,Japan,Eastern coast,species,Sargassum piluliferum,Chromista,Ochrophyta,Phaeophyceae,Fucales,Sargassaceae,Sargassum,marine,marine,literature and specimens,horizontal,centroid,occurrence_presonly,occurrence,1946,1946,1946,1946,2013,2013,2013,2013,69,67,NA,-3.55,km/year,NA,no,na,yes,yes,na,stated,en,E_jgm1,Kumagai et al. 2018,10.1073/pnas.1716826115,"Naoki H. Kumagai, Jorge García Molinosa, Hiroya Yamano, Shintaro Takao, Masahiko Fujii, Yasuhiro Yamanaka",Ocean currents and herbivory drive macroalgae-to-coral community shift under climate warming,2018,PNAS,Dataset S1,number of censuses refer to total number of occurrences used for calculating the shifts (both coasts and all years),NA,"number of censuses was entered as na because the reported range-edge shifts represent averages derived from multiple literature and/or occurrence-record sources covering different periods and locations, and thus these values were not explicitly reported.",na,Jorge
1,entire_japan,Japan,Western coast,species,Sargassum patens,Chromista,Ochrophyta,Phaeophyceae,Fucales,Sargassaceae,Sargassum,marine,marine,literature and specimens,horizontal,centroid,occurrence_presonly,occurrence,1946,1946,1946,1946,2014,2014,2014,2014,70,68,NA,5.36,km/year,NA,no,na,yes,yes,na,stated,en,E_jgm1,Kumagai et al. 2018,10.1073/pnas.1716826115,"Naoki H. Kumagai, Jorge García Molinosa, Hiroya Yamano, Shintaro Takao, Masahiko Fujii, Yasuhiro Yamanaka",Ocean currents and herbivory drive macroalgae-to-coral community shift under climate warming,2018,PNAS,Dataset S1,number of censuses refer to total number of occurrences used for calculating the shifts (both coasts and all years),NA,"number of censuses was entered as na because the reported range-edge shifts represent averages derived from multiple literature and/or occurrence-record sources covering different periods and locations, and thus these values were not explicitly reported.",na,Jorge
1,entire_japan,Japan,Eastern coast,species,Sargassum patens,Chromista,Ochrophyta,Phaeophyceae,Fucales,Sargassaceae,Sargassum,marine,marine,literature and specimens,horizontal,centroid,occurrence_presonly,occurrence,1946,1946,1946,1946,2014,2014,2014,2014,70,68,NA,-1.21,km/year,NA,no,na,yes,yes,na,stated,en,E_jgm1,Kumagai et al. 2018,10.1073/pnas.1716826115,"Naoki H. Kumagai, Jorge García Molinosa, Hiroya Yamano, Shintaro Takao, Masahiko Fujii, Yasuhiro Yamanaka",Ocean currents and herbivory drive macroalgae-to-coral community shift under climate warming,2018,PNAS,Dataset S1,number of censuses refer to total number of occurrences used for calculating the shifts (both coasts and all years),NA,"number of censuses was entered as na because the reported range-edge shifts represent averages derived from multiple literature and/or occurrence-record sources covering different periods and locations, and thus these values were not explicitly reported.",na,Jorge
1,entire_japan,Japan,Western coast,species,Sargassum hemiphyllum,Chromista,Ochrophyta,Phaeophyceae,Fucales,Sargassaceae,Sargassum,marine,marine,literature and specimens,horizontal,centroid,occurrence_presonly,occurrence,1919,1919,1919,1919,2013,2013,2013,2013,96,94,NA,2.72,km/year,NA,no,na,yes,yes,na,stated,en,E_jgm1,Kumagai et al. 2018,10.1073/pnas.1716826115,"Naoki H. Kumagai, Jorge García Molinosa, Hiroya Yamano, Shintaro Takao, Masahiko Fujii, Yasuhiro Yamanaka",Ocean currents and herbivory drive macroalgae-to-coral community shift under climate warming,2018,PNAS,Dataset S1,number of censuses refer to total number of occurrences used for calculating the shifts (both coasts and all years),NA,"number of censuses was entered as na because the reported range-edge shifts represent averages derived from multiple literature and/or occurrence-record sources covering different periods and locations, and thus these values were not explicitly reported.",na,Jorge
1,entire_japan,Japan,Eastern coast,species,Sargassum hemiphyllum,Chromista,Ochrophyta,Phaeophyceae,Fucales,Sargassaceae,Sargassum,marine,marine,literature and specimens,horizontal,centroid,occurrence_presonly,occurrence,1919,1919,1919,1919,2013,2013,2013,2013,96,94,NA,-2.5,km/year,NA,no,na,yes,yes,na,stated,en,E_jgm1,Kumagai et al. 2018,10.1073/pnas.1716826115,"Naoki H. Kumagai, Jorge García Molinosa, Hiroya Yamano, Shintaro Takao, Masahiko Fujii, Yasuhiro Yamanaka",Ocean currents and herbivory drive macroalgae-to-coral community shift under climate warming,2018,PNAS,Dataset S1,number of censuses refer to total number of occurrences used for calculating the shifts (both coasts and all years),NA,"number of censuses was entered as na because the reported range-edge shifts represent averages derived from multiple literature and/or occurrence-record sources covering different periods and locations, and thus these values were not explicitly reported.",na,Jorge
1,entire_japan,Japan,Western coast,species,Sargassum yendoi,Chromista,Ochrophyta,Phaeophyceae,Fucales,Sargassaceae,Sargassum,marine,marine,literature and specimens,horizontal,centroid,occurrence_presonly,occurrence,1924,1924,1924,1924,2012,2012,2012,2012,90,88,NA,3.79,km/year,NA,no,na,yes,yes,na,stated,en,E_jgm1,Kumagai et al. 2018,10.1073/pnas.1716826115,"Naoki H. Kumagai, Jorge García Molinosa, Hiroya Yamano, Shintaro Takao, Masahiko Fujii, Yasuhiro Yamanaka",Ocean currents and herbivory drive macroalgae-to-coral community shift under climate warming,2018,PNAS,Dataset S1,number of censuses refer to total number of occurrences used for calculating the shifts (both coasts and all years),NA,"number of censuses was entered as na because the reported range-edge shifts represent averages derived from multiple literature and/or occurrence-record sources covering different periods and locations, and thus these values were not explicitly reported.",na,Jorge
1,entire_japan,Japan,Eastern coast,species,Sargassum yendoi,Chromista,Ochrophyta,Phaeophyceae,Fucales,Sargassaceae,Sargassum,marine,marine,literature and specimens,horizontal,centroid,occurrence_presonly,occurrence,1924,1924,1924,1924,2012,2012,2012,2012,90,88,NA,-4.08,km/year,NA,no,na,yes,yes,na,stated,en,E_jgm1,Kumagai et al. 2018,10.1073/pnas.1716826115,"Naoki H. Kumagai, Jorge García Molinosa, Hiroya Yamano, Shintaro Takao, Masahiko Fujii, Yasuhiro Yamanaka",Ocean currents and herbivory drive macroalgae-to-coral community shift under climate warming,2018,PNAS,Dataset S1,number of censuses refer to total number of occurrences used for calculating the shifts (both coasts and all years),NA,"number of censuses was entered as na because the reported range-edge shifts represent averages derived from multiple literature and/or occurrence-record sources covering different periods and locations, and thus these values were not explicitly reported.",na,Jorge
1,entire_japan,Japan,Eastern coast,species,Sargassum yamamotoi,Chromista,Ochrophyta,Phaeophyceae,Fucales,Sargassaceae,Sargassum,marine,marine,literature and specimens,horizontal,centroid,occurrence_presonly,occurrence,1924,1924,1924,1924,2012,2012,2012,2012,90,88,NA,-1.55,km/year,NA,no,na,yes,yes,na,stated,en,E_jgm1,Kumagai et al. 2018,10.1073/pnas.1716826115,"Naoki H. Kumagai, Jorge García Molinosa, Hiroya Yamano, Shintaro Takao, Masahiko Fujii, Yasuhiro Yamanaka",Ocean currents and herbivory drive macroalgae-to-coral community shift under climate warming,2018,PNAS,Dataset S1,number of censuses refer to total number of occurrences used for calculating the shifts (both coasts and all years),NA,"number of censuses was entered as na because the reported range-edge shifts represent averages derived from multiple literature and/or occurrence-record sources covering different periods and locations, and thus these values were not explicitly reported.",na,Jorge
1,entire_japan,Japan,Eastern coast,species,Sargassum okamurae,Chromista,Ochrophyta,Phaeophyceae,Fucales,Sargassaceae,Sargassum,marine,marine,literature and specimens,horizontal,centroid,occurrence_presonly,occurrence,1894,1894,1894,1894,2012,2012,2012,2012,120,118,NA,-2.51,km/year,NA,no,na,yes,yes,na,stated,en,E_jgm1,Kumagai et al. 2018,10.1073/pnas.1716826115,"Naoki H. Kumagai, Jorge García Molinosa, Hiroya Yamano, Shintaro Takao, Masahiko Fujii, Yasuhiro Yamanaka",Ocean currents and herbivory drive macroalgae-to-coral community shift under climate warming,2018,PNAS,Dataset S1,number of censuses refer to total number of occurrences used for calculating the shifts (both coasts and all years),NA,"number of censuses was entered as na because the reported range-edge shifts represent averages derived from multiple literature and/or occurrence-record sources covering different periods and locations, and thus these values were not explicitly reported.",na,Jorge
1,entire_japan,Japan,Western coast,species,Sargassum crispifolium,Chromista,Ochrophyta,Phaeophyceae,Fucales,Sargassaceae,Sargassum,marine,marine,literature and specimens,horizontal,centroid,occurrence_presonly,occurrence,1925,1925,1925,1925,2012,2012,2012,2012,89,87,NA,-2.6,km/year,NA,no,na,yes,yes,na,stated,en,E_jgm1,Kumagai et al. 2018,10.1073/pnas.1716826115,"Naoki H. Kumagai, Jorge García Molinosa, Hiroya Yamano, Shintaro Takao, Masahiko Fujii, Yasuhiro Yamanaka",Ocean currents and herbivory drive macroalgae-to-coral community shift under climate warming,2018,PNAS,Dataset S1,number of censuses refer to total number of occurrences used for calculating the shifts (both coasts and all years),NA,"number of censuses was entered as na because the reported range-edge shifts represent averages derived from multiple literature and/or occurrence-record sources covering different periods and locations, and thus these values were not explicitly reported.",na,Jorge
1,entire_japan,Japan,Eastern coast,species,Sargassum crispifolium,Chromista,Ochrophyta,Phaeophyceae,Fucales,Sargassaceae,Sargassum,marine,marine,literature and specimens,horizontal,centroid,occurrence_presonly,occurrence,1925,1925,1925,1925,2012,2012,2012,2012,89,87,NA,-2.34,km/year,NA,no,na,yes,yes,na,stated,en,E_jgm1,Kumagai et al. 2018,10.1073/pnas.1716826115,"Naoki H. Kumagai, Jorge García Molinosa, Hiroya Yamano, Shintaro Takao, Masahiko Fujii, Yasuhiro Yamanaka",Ocean currents and herbivory drive macroalgae-to-coral community shift under climate warming,2018,PNAS,Dataset S1,number of censuses refer to total number of occurrences used for calculating the shifts (both coasts and all years),NA,"number of censuses was entered as na because the reported range-edge shifts represent averages derived from multiple literature and/or occurrence-record sources covering different periods and locations, and thus these values were not explicitly reported.",na,Jorge
1,entire_japan,Japan,Eastern coast,species,Sargassum nipponicum,Chromista,Ochrophyta,Phaeophyceae,Fucales,Sargassaceae,Sargassum,marine,marine,literature and specimens,horizontal,centroid,occurrence_presonly,occurrence,1925,1925,1925,1925,2013,2013,2013,2013,90,88,NA,-4.11,km/year,NA,no,na,yes,yes,na,stated,en,E_jgm1,Kumagai et al. 2018,10.1073/pnas.1716826115,"Naoki H. Kumagai, Jorge García Molinosa, Hiroya Yamano, Shintaro Takao, Masahiko Fujii, Yasuhiro Yamanaka",Ocean currents and herbivory drive macroalgae-to-coral community shift under climate warming,2018,PNAS,Dataset S1,number of censuses refer to total number of occurrences used for calculating the shifts (both coasts and all years),NA,"number of censuses was entered as na because the reported range-edge shifts represent averages derived from multiple literature and/or occurrence-record sources covering different periods and locations, and thus these values were not explicitly reported.",na,Jorge
1,entire_japan,Japan,Western coast,species,Sargassum alternato-pinnatum,Chromista,Ochrophyta,Phaeophyceae,Fucales,Sargassaceae,Sargassum,marine,marine,literature and specimens,horizontal,centroid,occurrence_presonly,occurrence,1940,1940,1940,1940,2014,2014,2014,2014,76,74,NA,7.2,km/year,NA,no,na,yes,yes,na,stated,en,E_jgm1,Kumagai et al. 2018,10.1073/pnas.1716826115,"Naoki H. Kumagai, Jorge García Molinosa, Hiroya Yamano, Shintaro Takao, Masahiko Fujii, Yasuhiro Yamanaka",Ocean currents and herbivory drive macroalgae-to-coral community shift under climate warming,2018,PNAS,Dataset S1,number of censuses refer to total number of occurrences used for calculating the shifts (both coasts and all years),NA,"number of censuses was entered as na because the reported range-edge shifts represent averages derived from multiple literature and/or occurrence-record sources covering different periods and locations, and thus these values were not explicitly reported.",na,Jorge
1,entire_japan,Japan,Eastern coast,species,Sargassum alternato-pinnatum,Chromista,Ochrophyta,Phaeophyceae,Fucales,Sargassaceae,Sargassum,marine,marine,literature and specimens,horizontal,centroid,occurrence_presonly,occurrence,1940,1940,1940,1940,2014,2014,2014,2014,76,74,NA,6.43,km/year,NA,no,na,yes,yes,na,stated,en,E_jgm1,Kumagai et al. 2018,10.1073/pnas.1716826115,"Naoki H. Kumagai, Jorge García Molinosa, Hiroya Yamano, Shintaro Takao, Masahiko Fujii, Yasuhiro Yamanaka",Ocean currents and herbivory drive macroalgae-to-coral community shift under climate warming,2018,PNAS,Dataset S1,number of censuses refer to total number of occurrences used for calculating the shifts (both coasts and all years),NA,"number of censuses was entered as na because the reported range-edge shifts represent averages derived from multiple literature and/or occurrence-record sources covering different periods and locations, and thus these values were not explicitly reported.",na,Jorge
1,entire_japan,Japan,Western coast,species,Sargassum ilicifolium,Chromista,Ochrophyta,Phaeophyceae,Fucales,Sargassaceae,Sargassum,marine,marine,literature and specimens,horizontal,centroid,occurrence_presonly,occurrence,1932,1932,1932,1932,2012,2012,2012,2012,82,80,NA,3.32,km/year,NA,no,na,yes,yes,na,stated,en,E_jgm1,Kumagai et al. 2018,10.1073/pnas.1716826115,"Naoki H. Kumagai, Jorge García Molinosa, Hiroya Yamano, Shintaro Takao, Masahiko Fujii, Yasuhiro Yamanaka",Ocean currents and herbivory drive macroalgae-to-coral community shift under climate warming,2018,PNAS,Dataset S1,number of censuses refer to total number of occurrences used for calculating the shifts (both coasts and all years),NA,"number of censuses was entered as na because the reported range-edge shifts represent averages derived from multiple literature and/or occurrence-record sources covering different periods and locations, and thus these values were not explicitly reported.",na,Jorge
1,entire_japan,Japan,Eastern coast,species,Sargassum ilicifolium,Chromista,Ochrophyta,Phaeophyceae,Fucales,Sargassaceae,Sargassum,marine,marine,literature and specimens,horizontal,centroid,occurrence_presonly,occurrence,1932,1932,1932,1932,2012,2012,2012,2012,82,80,NA,1.41,km/year,NA,no,na,yes,yes,na,stated,en,E_jgm1,Kumagai et al. 2018,10.1073/pnas.1716826115,"Naoki H. Kumagai, Jorge García Molinosa, Hiroya Yamano, Shintaro Takao, Masahiko Fujii, Yasuhiro Yamanaka",Ocean currents and herbivory drive macroalgae-to-coral community shift under climate warming,2018,PNAS,Dataset S1,number of censuses refer to total number of occurrences used for calculating the shifts (both coasts and all years),NA,"number of censuses was entered as na because the reported range-edge shifts represent averages derived from multiple literature and/or occurrence-record sources covering different periods and locations, and thus these values were not explicitly reported.",na,Jorge
1,entire_japan,Japan,Western coast,species,Undaria pinnatifida,Chromista,Ochrophyta,Phaeophyceae,Laminariales,Alariaceae,Undaria,marine,marine,literature and specimens,horizontal,centroid,occurrence_presonly,occurrence,1946,1946,1946,1946,2014,2014,2014,2014,70,68,NA,2.02,km/year,NA,no,na,yes,yes,na,stated,en,E_jgm1,Kumagai et al. 2018,10.1073/pnas.1716826115,"Naoki H. Kumagai, Jorge García Molinosa, Hiroya Yamano, Shintaro Takao, Masahiko Fujii, Yasuhiro Yamanaka",Ocean currents and herbivory drive macroalgae-to-coral community shift under climate warming,2018,PNAS,Dataset S1,number of censuses refer to total number of occurrences used for calculating the shifts (both coasts and all years),NA,"number of censuses was entered as na because the reported range-edge shifts represent averages derived from multiple literature and/or occurrence-record sources covering different periods and locations, and thus these values were not explicitly reported.",na,Jorge
1,entire_japan,Japan,Eastern coast,species,Undaria pinnatifida,Chromista,Ochrophyta,Phaeophyceae,Laminariales,Alariaceae,Undaria,marine,marine,literature and specimens,horizontal,centroid,occurrence_presonly,occurrence,1946,1946,1946,1946,2014,2014,2014,2014,70,68,NA,1.07,km/year,NA,no,na,yes,yes,na,stated,en,E_jgm1,Kumagai et al. 2018,10.1073/pnas.1716826115,"Naoki H. Kumagai, Jorge García Molinosa, Hiroya Yamano, Shintaro Takao, Masahiko Fujii, Yasuhiro Yamanaka",Ocean currents and herbivory drive macroalgae-to-coral community shift under climate warming,2018,PNAS,Dataset S1,number of censuses refer to total number of occurrences used for calculating the shifts (both coasts and all years),NA,"number of censuses was entered as na because the reported range-edge shifts represent averages derived from multiple literature and/or occurrence-record sources covering different periods and locations, and thus these values were not explicitly reported.",na,Jorge
1,entire_japan,Japan,Western coast,species,Undaria pinnatifida,Chromista,Ochrophyta,Phaeophyceae,Laminariales,Alariaceae,Undaria,marine,marine,literature and specimens,horizontal,centroid,occurrence_presonly,occurrence,1940,1940,1940,1940,2007,2007,2007,2007,69,67,NA,1.47,km/year,NA,no,na,yes,yes,na,stated,en,E_jgm1,Kumagai et al. 2018,10.1073/pnas.1716826115,"Naoki H. Kumagai, Jorge García Molinosa, Hiroya Yamano, Shintaro Takao, Masahiko Fujii, Yasuhiro Yamanaka",Ocean currents and herbivory drive macroalgae-to-coral community shift under climate warming,2018,PNAS,Dataset S1,number of censuses refer to total number of occurrences used for calculating the shifts (both coasts and all years),NA,"number of censuses was entered as na because the reported range-edge shifts represent averages derived from multiple literature and/or occurrence-record sources covering different periods and locations, and thus these values were not explicitly reported.",na,Jorge
1,entire_japan,Japan,Eastern coast,species,Undaria pinnatifida,Chromista,Ochrophyta,Phaeophyceae,Laminariales,Alariaceae,Undaria,marine,marine,literature and specimens,horizontal,centroid,occurrence_presonly,occurrence,1940,1940,1940,1940,2007,2007,2007,2007,69,67,NA,1.95,km/year,NA,no,na,yes,yes,na,stated,en,E_jgm1,Kumagai et al. 2018,10.1073/pnas.1716826115,"Naoki H. Kumagai, Jorge García Molinosa, Hiroya Yamano, Shintaro Takao, Masahiko Fujii, Yasuhiro Yamanaka",Ocean currents and herbivory drive macroalgae-to-coral community shift under climate warming,2018,PNAS,Dataset S1,number of censuses refer to total number of occurrences used for calculating the shifts (both coasts and all years),NA,"number of censuses was entered as na because the reported range-edge shifts represent averages derived from multiple literature and/or occurrence-record sources covering different periods and locations, and thus these values were not explicitly reported.",na,Jorge
1,entire_japan,Japan,Eastern coast,species,Undaria pinnatifida,Chromista,Ochrophyta,Phaeophyceae,Laminariales,Alariaceae,Undaria,marine,marine,literature and specimens,horizontal,centroid,occurrence_presonly,occurrence,1968,1968,1968,1968,2009,2009,2009,2009,43,41,NA,2.24,km/year,NA,no,na,yes,yes,na,stated,en,E_jgm1,Kumagai et al. 2018,10.1073/pnas.1716826115,"Naoki H. Kumagai, Jorge García Molinosa, Hiroya Yamano, Shintaro Takao, Masahiko Fujii, Yasuhiro Yamanaka",Ocean currents and herbivory drive macroalgae-to-coral community shift under climate warming,2018,PNAS,Dataset S1,number of censuses refer to total number of occurrences used for calculating the shifts (both coasts and all years),NA,"number of censuses was entered as na because the reported range-edge shifts represent averages derived from multiple literature and/or occurrence-record sources covering different periods and locations, and thus these values were not explicitly reported.",na,Jorge
1,entire_japan,Japan,Eastern coast,species,Ecklonia stolonifera,Chromista,Ochrophyta,Phaeophyceae,Laminariales,Lessoniaceae,Ecklonia,marine,marine,literature and specimens,horizontal,centroid,occurrence_presonly,occurrence,1940,1940,1940,1940,2007,2007,2007,2007,69,67,NA,0.61,km/year,NA,no,na,yes,yes,na,stated,en,E_jgm1,Kumagai et al. 2018,10.1073/pnas.1716826115,"Naoki H. Kumagai, Jorge García Molinosa, Hiroya Yamano, Shintaro Takao, Masahiko Fujii, Yasuhiro Yamanaka",Ocean currents and herbivory drive macroalgae-to-coral community shift under climate warming,2018,PNAS,Dataset S1,number of censuses refer to total number of occurrences used for calculating the shifts (both coasts and all years),NA,"number of censuses was entered as na because the reported range-edge shifts represent averages derived from multiple literature and/or occurrence-record sources covering different periods and locations, and thus these values were not explicitly reported.",na,Jorge
1,entire_japan,Japan,Western coast,species,Ecklonia cava,Chromista,Ochrophyta,Phaeophyceae,Laminariales,Lessoniaceae,Ecklonia,marine,marine,literature and specimens,horizontal,centroid,occurrence_presonly,occurrence,1933,1933,1933,1933,2013,2013,2013,2013,82,80,NA,2.4,km/year,NA,no,na,yes,yes,na,stated,en,E_jgm1,Kumagai et al. 2018,10.1073/pnas.1716826115,"Naoki H. Kumagai, Jorge García Molinosa, Hiroya Yamano, Shintaro Takao, Masahiko Fujii, Yasuhiro Yamanaka",Ocean currents and herbivory drive macroalgae-to-coral community shift under climate warming,2018,PNAS,Dataset S1,number of censuses refer to total number of occurrences used for calculating the shifts (both coasts and all years),NA,"number of censuses was entered as na because the reported range-edge shifts represent averages derived from multiple literature and/or occurrence-record sources covering different periods and locations, and thus these values were not explicitly reported.",na,Jorge
1,entire_japan,Japan,Eastern coast,species,Ecklonia cava,Chromista,Ochrophyta,Phaeophyceae,Laminariales,Lessoniaceae,Ecklonia,marine,marine,literature and specimens,horizontal,centroid,occurrence_presonly,occurrence,1933,1933,1933,1933,2013,2013,2013,2013,82,80,NA,1.68,km/year,NA,no,na,yes,yes,na,stated,en,E_jgm1,Kumagai et al. 2018,10.1073/pnas.1716826115,"Naoki H. Kumagai, Jorge García Molinosa, Hiroya Yamano, Shintaro Takao, Masahiko Fujii, Yasuhiro Yamanaka",Ocean currents and herbivory drive macroalgae-to-coral community shift under climate warming,2018,PNAS,Dataset S1,number of censuses refer to total number of occurrences used for calculating the shifts (both coasts and all years),NA,"number of censuses was entered as na because the reported range-edge shifts represent averages derived from multiple literature and/or occurrence-record sources covering different periods and locations, and thus these values were not explicitly reported.",na,Jorge
1,entire_japan,Japan,Western coast,species,Ecklonia radicosa,Chromista,Ochrophyta,Phaeophyceae,Laminariales,Lessoniaceae,Ecklonia,marine,marine,literature and specimens,horizontal,centroid,occurrence_presonly,occurrence,1929,1929,1929,1929,2012,2012,2012,2012,85,83,NA,0.86,km/year,NA,no,na,yes,yes,na,stated,en,E_jgm1,Kumagai et al. 2018,10.1073/pnas.1716826115,"Naoki H. Kumagai, Jorge García Molinosa, Hiroya Yamano, Shintaro Takao, Masahiko Fujii, Yasuhiro Yamanaka",Ocean currents and herbivory drive macroalgae-to-coral community shift under climate warming,2018,PNAS,Dataset S1,number of censuses refer to total number of occurrences used for calculating the shifts (both coasts and all years),NA,"number of censuses was entered as na because the reported range-edge shifts represent averages derived from multiple literature and/or occurrence-record sources covering different periods and locations, and thus these values were not explicitly reported.",na,Jorge
1,entire_japan,Japan,Eastern coast,species,Ecklonia radicosa,Chromista,Ochrophyta,Phaeophyceae,Laminariales,Lessoniaceae,Ecklonia,marine,marine,literature and specimens,horizontal,centroid,occurrence_presonly,occurrence,1929,1929,1929,1929,2012,2012,2012,2012,85,83,NA,2.13,km/year,NA,no,na,yes,yes,na,stated,en,E_jgm1,Kumagai et al. 2018,10.1073/pnas.1716826115,"Naoki H. Kumagai, Jorge García Molinosa, Hiroya Yamano, Shintaro Takao, Masahiko Fujii, Yasuhiro Yamanaka",Ocean currents and herbivory drive macroalgae-to-coral community shift under climate warming,2018,PNAS,Dataset S1,number of censuses refer to total number of occurrences used for calculating the shifts (both coasts and all years),NA,"number of censuses was entered as na because the reported range-edge shifts represent averages derived from multiple literature and/or occurrence-record sources covering different periods and locations, and thus these values were not explicitly reported.",na,Jorge
1,entire_japan,Japan,Western coast,species,Eisenia bicyclis,Chromista,Ochrophyta,Phaeophyceae,Laminariales,Lessoniaceae,Eisenia,marine,marine,literature and specimens,horizontal,centroid,occurrence_presonly,occurrence,1933,1933,1933,1933,2014,2014,2014,2014,83,81,NA,0.94,km/year,NA,no,na,yes,yes,na,stated,en,E_jgm1,Kumagai et al. 2018,10.1073/pnas.1716826115,"Naoki H. Kumagai, Jorge García Molinosa, Hiroya Yamano, Shintaro Takao, Masahiko Fujii, Yasuhiro Yamanaka",Ocean currents and herbivory drive macroalgae-to-coral community shift under climate warming,2018,PNAS,Dataset S1,number of censuses refer to total number of occurrences used for calculating the shifts (both coasts and all years),NA,"number of censuses was entered as na because the reported range-edge shifts represent averages derived from multiple literature and/or occurrence-record sources covering different periods and locations, and thus these values were not explicitly reported.",na,Jorge
1,entire_japan,Japan,Eastern coast,species,Eisenia bicyclis,Chromista,Ochrophyta,Phaeophyceae,Laminariales,Lessoniaceae,Eisenia,marine,marine,literature and specimens,horizontal,centroid,occurrence_presonly,occurrence,1933,1933,1933,1933,2014,2014,2014,2014,83,81,NA,1.14,km/year,NA,no,na,yes,yes,na,stated,en,E_jgm1,Kumagai et al. 2018,10.1073/pnas.1716826115,"Naoki H. Kumagai, Jorge García Molinosa, Hiroya Yamano, Shintaro Takao, Masahiko Fujii, Yasuhiro Yamanaka",Ocean currents and herbivory drive macroalgae-to-coral community shift under climate warming,2018,PNAS,Dataset S1,number of censuses refer to total number of occurrences used for calculating the shifts (both coasts and all years),NA,"number of censuses was entered as na because the reported range-edge shifts represent averages derived from multiple literature and/or occurrence-record sources covering different periods and locations, and thus these values were not explicitly reported.",na,Jorge
1,entire_japan,Japan,Eastern coast,species,Eisenia arborea,Chromista,Ochrophyta,Phaeophyceae,Laminariales,Lessoniaceae,Eisenia,marine,marine,literature and specimens,horizontal,centroid,occurrence_presonly,occurrence,1952,1952,1952,1952,2009,2009,2009,2009,59,57,NA,1.19,km/year,NA,no,na,yes,yes,na,stated,en,E_jgm1,Kumagai et al. 2018,10.1073/pnas.1716826115,"Naoki H. Kumagai, Jorge García Molinosa, Hiroya Yamano, Shintaro Takao, Masahiko Fujii, Yasuhiro Yamanaka",Ocean currents and herbivory drive macroalgae-to-coral community shift under climate warming,2018,PNAS,Dataset S1,number of censuses refer to total number of occurrences used for calculating the shifts (both coasts and all years),NA,"number of censuses was entered as na because the reported range-edge shifts represent averages derived from multiple literature and/or occurrence-record sources covering different periods and locations, and thus these values were not explicitly reported.",na,Jorge
1,entire_japan,Japan,Japan,species,Siganus fuscescens,Animalia,Chordata,Teleostei,Acanthuriformes,Siganidae,Siganus,marine,marine,literature and specimens,horizontal,leading edge,occurrence_presonly,occurrence,na,NA,NA,NA,na,NA,NA,NA,12.5,NA,NA,21.42,km/year,NA,no,na,no,no,no,stated,en,E_jgm1,Kumagai et al. 2018,10.1073/pnas.1716826115,"Naoki H. Kumagai, Jorge García Molinosa, Hiroya Yamano, Shintaro Takao, Masahiko Fujii, Yasuhiro Yamanaka",Ocean currents and herbivory drive macroalgae-to-coral community shift under climate warming,2018,PNAS,Dataset S1,shifts calculated as least coast path distances along the coast between reported northernmost records between periods,NA,"start/end years and number of censuses were entered as na because the reported range-edge shifts represent averages derived from multiple literature and/or occurrence-record sources covering different periods and locations, and thus these values were not explicitly reported. zero shifts were included when calculating the reported average shifts.",na,Jorge
1,entire_japan,Japan,Japan,species,Kyphosus bigibbus,Animalia,Chordata,Teleostei,Centrarchiformes,Kyphosidae,Kyphosus,marine,marine,literature and specimens,horizontal,leading edge,occurrence_presonly,occurrence,na,NA,NA,NA,na,NA,NA,NA,11,NA,NA,6.78,km/year,NA,no,na,no,no,no,stated,en,E_jgm1,Kumagai et al. 2018,10.1073/pnas.1716826115,"Naoki H. Kumagai, Jorge García Molinosa, Hiroya Yamano, Shintaro Takao, Masahiko Fujii, Yasuhiro Yamanaka",Ocean currents and herbivory drive macroalgae-to-coral community shift under climate warming,2018,PNAS,Dataset S1,shifts calculated as least coast path distances along the coast between reported northernmost records between periods,NA,"start/end years and number of censuses were entered as na because the reported range-edge shifts represent averages derived from multiple literature and/or occurrence-record sources covering different periods and locations, and thus these values were not explicitly reported. zero shifts were included when calculating the reported average shifts.",na,Jorge
1,entire_japan,Japan,Japan,species,Calotomus japonicus,Animalia,Chordata,Teleostei,Eupercaria incertae sedis,Labridae,Calotomus,marine,marine,literature and specimens,horizontal,leading edge,occurrence_presonly,occurrence,na,NA,NA,NA,na,NA,NA,NA,15.3,NA,NA,14.08,km/year,NA,no,na,no,no,no,stated,en,E_jgm1,Kumagai et al. 2018,10.1073/pnas.1716826115,"Naoki H. Kumagai, Jorge García Molinosa, Hiroya Yamano, Shintaro Takao, Masahiko Fujii, Yasuhiro Yamanaka",Ocean currents and herbivory drive macroalgae-to-coral community shift under climate warming,2018,PNAS,Dataset S1,shifts calculated as least coast path distances along the coast between reported northernmost records between periods,NA,"start/end years and number of censuses were entered as na because the reported range-edge shifts represent averages derived from multiple literature and/or occurrence-record sources covering different periods and locations, and thus these values were not explicitly reported. zero shifts were included when calculating the reported average shifts.",na,Jorge
1,entire_japan,Japan,Japan,species,Acropora pruinosa,Animalia,Cnidaria,Hexacorallia,Scleractinia,Acroporidae,Acropora,marine,marine,literature and specimens,horizontal,leading edge,occurrence_presonly,occurrence,na,NA,NA,NA,na,NA,NA,NA,62.5,NA,NA,0,km/year,NA,no,na,no,no,no,stated,en,E_jgm1,Kumagai et al. 2018,10.1073/pnas.1716826115,"Naoki H. Kumagai, Jorge García Molinosa, Hiroya Yamano, Shintaro Takao, Masahiko Fujii, Yasuhiro Yamanaka",Ocean currents and herbivory drive macroalgae-to-coral community shift under climate warming,2018,PNAS,Dataset S1,shifts calculated as least coast path distances along the coast between reported northernmost records between periods,NA,"start/end years and number of censuses were entered as na because the reported range-edge shifts represent averages derived from multiple literature and/or occurrence-record sources covering different periods and locations, and thus these values were not explicitly reported. zero shifts were included when calculating the reported average shifts.",na,Jorge
1,entire_japan,Japan,Japan,species,Acropora solitaryensis,Animalia,Cnidaria,Hexacorallia,Scleractinia,Acroporidae,Acropora,marine,marine,literature and specimens,horizontal,leading edge,occurrence_presonly,occurrence,na,NA,NA,NA,na,NA,NA,NA,21,NA,NA,10.3,km/year,NA,no,na,no,no,no,stated,en,E_jgm1,Kumagai et al. 2018,10.1073/pnas.1716826115,"Naoki H. Kumagai, Jorge García Molinosa, Hiroya Yamano, Shintaro Takao, Masahiko Fujii, Yasuhiro Yamanaka",Ocean currents and herbivory drive macroalgae-to-coral community shift under climate warming,2018,PNAS,Dataset S1,shifts calculated as least coast path distances along the coast between reported northernmost records between periods,NA,"start/end years and number of censuses were entered as na because the reported range-edge shifts represent averages derived from multiple literature and/or occurrence-record sources covering different periods and locations, and thus these values were not explicitly reported. zero shifts were included when calculating the reported average shifts.",na,Jorge
1,entire_japan,Japan,Japan,species,Acropora spicifera,Animalia,Cnidaria,Hexacorallia,Scleractinia,Acroporidae,Acropora,marine,marine,literature and specimens,horizontal,leading edge,occurrence_presonly,occurrence,na,NA,NA,NA,na,NA,NA,NA,17.3,NA,NA,5.15,km/year,NA,no,na,no,no,no,stated,en,E_jgm1,Kumagai et al. 2018,10.1073/pnas.1716826115,"Naoki H. Kumagai, Jorge García Molinosa, Hiroya Yamano, Shintaro Takao, Masahiko Fujii, Yasuhiro Yamanaka",Ocean currents and herbivory drive macroalgae-to-coral community shift under climate warming,2018,PNAS,Dataset S1,shifts calculated as least coast path distances along the coast between reported northernmost records between periods,NA,"start/end years and number of censuses were entered as na because the reported range-edge shifts represent averages derived from multiple literature and/or occurrence-record sources covering different periods and locations, and thus these values were not explicitly reported. zero shifts were included when calculating the reported average shifts.",na,Jorge
1,entire_japan,Japan,Japan,species,Acropora muricata,Animalia,Cnidaria,Hexacorallia,Scleractinia,Acroporidae,Acropora,marine,marine,literature and specimens,horizontal,leading edge,occurrence_presonly,occurrence,na,NA,NA,NA,na,NA,NA,NA,41,NA,NA,8.08,km/year,NA,no,na,no,no,no,stated,en,E_jgm1,Kumagai et al. 2018,10.1073/pnas.1716826115,"Naoki H. Kumagai, Jorge García Molinosa, Hiroya Yamano, Shintaro Takao, Masahiko Fujii, Yasuhiro Yamanaka",Ocean currents and herbivory drive macroalgae-to-coral community shift under climate warming,2018,PNAS,Dataset S1,shifts calculated as least coast path distances along the coast between reported northernmost records between periods,NA,"start/end years and number of censuses were entered as na because the reported range-edge shifts represent averages derived from multiple literature and/or occurrence-record sources covering different periods and locations, and thus these values were not explicitly reported. zero shifts were included when calculating the reported average shifts.",na,Jorge
1,entire_japan,Japan,Japan,species,Alveopora japonica,Animalia,Cnidaria,Hexacorallia,Scleractinia,Acroporidae,Alveopora,marine,marine,literature and specimens,horizontal,leading edge,occurrence_presonly,occurrence,na,NA,NA,NA,na,NA,NA,NA,20,NA,NA,1.63,km/year,NA,no,na,no,no,no,stated,en,E_jgm1,Kumagai et al. 2018,10.1073/pnas.1716826115,"Naoki H. Kumagai, Jorge García Molinosa, Hiroya Yamano, Shintaro Takao, Masahiko Fujii, Yasuhiro Yamanaka",Ocean currents and herbivory drive macroalgae-to-coral community shift under climate warming,2018,PNAS,Dataset S1,shifts calculated as least coast path distances along the coast between reported northernmost records between periods,NA,"start/end years and number of censuses were entered as na because the reported range-edge shifts represent averages derived from multiple literature and/or occurrence-record sources covering different periods and locations, and thus these values were not explicitly reported. zero shifts were included when calculating the reported average shifts.",na,Jorge
1,entire_japan,Japan,Japan,species,Pavona decussata,Animalia,Cnidaria,Hexacorallia,Scleractinia,Agariciidae,Pavona,marine,marine,literature and specimens,horizontal,leading edge,occurrence_presonly,occurrence,na,NA,NA,NA,na,NA,NA,NA,44.5,NA,NA,6.47,km/year,NA,no,na,no,no,no,stated,en,E_jgm1,Kumagai et al. 2018,10.1073/pnas.1716826115,"Naoki H. Kumagai, Jorge García Molinosa, Hiroya Yamano, Shintaro Takao, Masahiko Fujii, Yasuhiro Yamanaka",Ocean currents and herbivory drive macroalgae-to-coral community shift under climate warming,2018,PNAS,Dataset S1,shifts calculated as least coast path distances along the coast between reported northernmost records between periods,NA,"start/end years and number of censuses were entered as na because the reported range-edge shifts represent averages derived from multiple literature and/or occurrence-record sources covering different periods and locations, and thus these values were not explicitly reported. zero shifts were included when calculating the reported average shifts.",na,Jorge
1,entire_japan,Japan,Japan,species,Lithophyllon undulatum,Animalia,Cnidaria,Hexacorallia,Scleractinia,Fungiidae,Lithophyllon,marine,marine,literature and specimens,horizontal,leading edge,occurrence_presonly,occurrence,na,NA,NA,NA,na,NA,NA,NA,58.5,NA,NA,0,km/year,NA,no,na,no,no,no,stated,en,E_jgm1,Kumagai et al. 2018,10.1073/pnas.1716826115,"Naoki H. Kumagai, Jorge García Molinosa, Hiroya Yamano, Shintaro Takao, Masahiko Fujii, Yasuhiro Yamanaka",Ocean currents and herbivory drive macroalgae-to-coral community shift under climate warming,2018,PNAS,Dataset S1,shifts calculated as least coast path distances along the coast between reported northernmost records between periods,NA,"start/end years and number of censuses were entered as na because the reported range-edge shifts represent averages derived from multiple literature and/or occurrence-record sources covering different periods and locations, and thus these values were not explicitly reported. zero shifts were included when calculating the reported average shifts.",na,Jorge
1,entire_japan,Japan,Japan,species,Astraeosmilia tumida,Animalia,Cnidaria,Hexacorallia,Scleractinia,Merulinidae,Astraeosmilia,marine,marine,literature and specimens,horizontal,leading edge,occurrence_presonly,occurrence,na,NA,NA,NA,na,NA,NA,NA,61,NA,NA,0,km/year,NA,no,na,no,no,no,stated,en,E_jgm1,Kumagai et al. 2018,10.1073/pnas.1716826115,"Naoki H. Kumagai, Jorge García Molinosa, Hiroya Yamano, Shintaro Takao, Masahiko Fujii, Yasuhiro Yamanaka",Ocean currents and herbivory drive macroalgae-to-coral community shift under climate warming,2018,PNAS,Dataset S1,shifts calculated as least coast path distances along the coast between reported northernmost records between periods,NA,"start/end years and number of censuses were entered as na because the reported range-edge shifts represent averages derived from multiple literature and/or occurrence-record sources covering different periods and locations, and thus these values were not explicitly reported. zero shifts were included when calculating the reported average shifts.",na,Jorge
1,entire_japan,Japan,Japan,species,Dipsastraea speciosa,Animalia,Cnidaria,Hexacorallia,Scleractinia,Merulinidae,Dipsastraea,marine,marine,literature and specimens,horizontal,leading edge,occurrence_presonly,occurrence,na,NA,NA,NA,na,NA,NA,NA,40,NA,NA,0,km/year,NA,no,na,no,no,no,stated,en,E_jgm1,Kumagai et al. 2018,10.1073/pnas.1716826115,"Naoki H. Kumagai, Jorge García Molinosa, Hiroya Yamano, Shintaro Takao, Masahiko Fujii, Yasuhiro Yamanaka",Ocean currents and herbivory drive macroalgae-to-coral community shift under climate warming,2018,PNAS,Dataset S1,shifts calculated as least coast path distances along the coast between reported northernmost records between periods,NA,"start/end years and number of censuses were entered as na because the reported range-edge shifts represent averages derived from multiple literature and/or occurrence-record sources covering different periods and locations, and thus these values were not explicitly reported. zero shifts were included when calculating the reported average shifts.",na,Jorge
1,entire_japan,Japan,Japan,species,Hydnophora exesa,Animalia,Cnidaria,Hexacorallia,Scleractinia,Merulinidae,Hydnophora,marine,marine,literature and specimens,horizontal,leading edge,occurrence_presonly,occurrence,na,NA,NA,NA,na,NA,NA,NA,60.5,NA,NA,0,km/year,NA,no,na,no,no,no,stated,en,E_jgm1,Kumagai et al. 2018,10.1073/pnas.1716826115,"Naoki H. Kumagai, Jorge García Molinosa, Hiroya Yamano, Shintaro Takao, Masahiko Fujii, Yasuhiro Yamanaka",Ocean currents and herbivory drive macroalgae-to-coral community shift under climate warming,2018,PNAS,Dataset S1,shifts calculated as least coast path distances along the coast between reported northernmost records between periods,NA,"start/end years and number of censuses were entered as na because the reported range-edge shifts represent averages derived from multiple literature and/or occurrence-record sources covering different periods and locations, and thus these values were not explicitly reported. zero shifts were included when calculating the reported average shifts.",na,Jorge
1,entire_japan,Japan,Japan,species,Oulastrea crispata,Animalia,Cnidaria,Hexacorallia,Scleractinia,Oulastreidae,Oulastrea,marine,marine,literature and specimens,horizontal,leading edge,occurrence_presonly,occurrence,na,NA,NA,NA,na,NA,NA,NA,26,NA,NA,1.07,km/year,NA,no,na,no,no,no,stated,en,E_jgm1,Kumagai et al. 2018,10.1073/pnas.1716826115,"Naoki H. Kumagai, Jorge García Molinosa, Hiroya Yamano, Shintaro Takao, Masahiko Fujii, Yasuhiro Yamanaka",Ocean currents and herbivory drive macroalgae-to-coral community shift under climate warming,2018,PNAS,Dataset S1,shifts calculated as least coast path distances along the coast between reported northernmost records between periods,NA,"start/end years and number of censuses were entered as na because the reported range-edge shifts represent averages derived from multiple literature and/or occurrence-record sources covering different periods and locations, and thus these values were not explicitly reported. zero shifts were included when calculating the reported average shifts.",na,Jorge
1,entire_japan,Japan,Japan,species,Pocillopora damicornis,Animalia,Cnidaria,Hexacorallia,Scleractinia,Pocilloporidae,Pocillopora,marine,marine,literature and specimens,horizontal,leading edge,occurrence_presonly,occurrence,na,NA,NA,NA,na,NA,NA,NA,22.5,NA,NA,7.21,km/year,NA,no,na,no,no,no,stated,en,E_jgm1,Kumagai et al. 2018,10.1073/pnas.1716826115,"Naoki H. Kumagai, Jorge García Molinosa, Hiroya Yamano, Shintaro Takao, Masahiko Fujii, Yasuhiro Yamanaka",Ocean currents and herbivory drive macroalgae-to-coral community shift under climate warming,2018,PNAS,Dataset S1,shifts calculated as least coast path distances along the coast between reported northernmost records between periods,NA,"start/end years and number of censuses were entered as na because the reported range-edge shifts represent averages derived from multiple literature and/or occurrence-record sources covering different periods and locations, and thus these values were not explicitly reported. zero shifts were included when calculating the reported average shifts.",na,Jorge
1,entire_japan,Japan,Japan,species,Myagropsis myagroides,Chromista,Ochrophyta,Phaeophyceae,Fucales,Sargassaceae,Myagropsis,marine,marine,literature and specimens,horizontal,leading edge,occurrence_presonly,occurrence,na,NA,NA,NA,na,NA,NA,NA,29,NA,NA,0,km/year,NA,no,na,no,no,no,stated,en,E_jgm1,Kumagai et al. 2018,10.1073/pnas.1716826115,"Naoki H. Kumagai, Jorge García Molinosa, Hiroya Yamano, Shintaro Takao, Masahiko Fujii, Yasuhiro Yamanaka",Ocean currents and herbivory drive macroalgae-to-coral community shift under climate warming,2018,PNAS,Dataset S1,shifts calculated as least coast path distances along the coast between reported northernmost records between periods,NA,"start/end years and number of censuses were entered as na because the reported range-edge shifts represent averages derived from multiple literature and/or occurrence-record sources covering different periods and locations, and thus these values were not explicitly reported. zero shifts were included when calculating the reported average shifts.",na,Jorge
1,entire_japan,Japan,Japan,species,Sargassum thunbergii,Chromista,Ochrophyta,Phaeophyceae,Fucales,Sargassaceae,Sargassum,marine,marine,literature and specimens,horizontal,leading edge,occurrence_presonly,occurrence,na,NA,NA,NA,na,NA,NA,NA,18,NA,NA,0,km/year,NA,no,na,no,no,no,stated,en,E_jgm1,Kumagai et al. 2018,10.1073/pnas.1716826115,"Naoki H. Kumagai, Jorge García Molinosa, Hiroya Yamano, Shintaro Takao, Masahiko Fujii, Yasuhiro Yamanaka",Ocean currents and herbivory drive macroalgae-to-coral community shift under climate warming,2018,PNAS,Dataset S1,shifts calculated as least coast path distances along the coast between reported northernmost records between periods,NA,"start/end years and number of censuses were entered as na because the reported range-edge shifts represent averages derived from multiple literature and/or occurrence-record sources covering different periods and locations, and thus these values were not explicitly reported. zero shifts were included when calculating the reported average shifts.",na,Jorge
1,entire_japan,Japan,Japan,species,Sargassum horneri,Chromista,Ochrophyta,Phaeophyceae,Fucales,Sargassaceae,Sargassum,marine,marine,literature and specimens,horizontal,leading edge,occurrence_presonly,occurrence,na,NA,NA,NA,na,NA,NA,NA,12,NA,NA,0,km/year,NA,no,na,no,no,no,stated,en,E_jgm1,Kumagai et al. 2018,10.1073/pnas.1716826115,"Naoki H. Kumagai, Jorge García Molinosa, Hiroya Yamano, Shintaro Takao, Masahiko Fujii, Yasuhiro Yamanaka",Ocean currents and herbivory drive macroalgae-to-coral community shift under climate warming,2018,PNAS,Dataset S1,shifts calculated as least coast path distances along the coast between reported northernmost records between periods,NA,"start/end years and number of censuses were entered as na because the reported range-edge shifts represent averages derived from multiple literature and/or occurrence-record sources covering different periods and locations, and thus these values were not explicitly reported. zero shifts were included when calculating the reported average shifts.",na,Jorge
1,entire_japan,Japan,Japan,species,Sargassum siliquastrum,Chromista,Ochrophyta,Phaeophyceae,Fucales,Sargassaceae,Sargassum,marine,marine,literature and specimens,horizontal,leading edge,occurrence_presonly,occurrence,na,NA,NA,NA,na,NA,NA,NA,24,NA,NA,0,km/year,NA,no,na,no,no,no,stated,en,E_jgm1,Kumagai et al. 2018,10.1073/pnas.1716826115,"Naoki H. Kumagai, Jorge García Molinosa, Hiroya Yamano, Shintaro Takao, Masahiko Fujii, Yasuhiro Yamanaka",Ocean currents and herbivory drive macroalgae-to-coral community shift under climate warming,2018,PNAS,Dataset S1,shifts calculated as least coast path distances along the coast between reported northernmost records between periods,NA,"start/end years and number of censuses were entered as na because the reported range-edge shifts represent averages derived from multiple literature and/or occurrence-record sources covering different periods and locations, and thus these values were not explicitly reported. zero shifts were included when calculating the reported average shifts.",na,Jorge
1,entire_japan,Japan,Japan,species,Sargassum fulvellum,Chromista,Ochrophyta,Phaeophyceae,Fucales,Sargassaceae,Sargassum,marine,marine,literature and specimens,horizontal,leading edge,occurrence_presonly,occurrence,na,NA,NA,NA,na,NA,NA,NA,29,NA,NA,0,km/year,NA,no,na,no,no,no,stated,en,E_jgm1,Kumagai et al. 2018,10.1073/pnas.1716826115,"Naoki H. Kumagai, Jorge García Molinosa, Hiroya Yamano, Shintaro Takao, Masahiko Fujii, Yasuhiro Yamanaka",Ocean currents and herbivory drive macroalgae-to-coral community shift under climate warming,2018,PNAS,Dataset S1,shifts calculated as least coast path distances along the coast between reported northernmost records between periods,NA,"start/end years and number of censuses were entered as na because the reported range-edge shifts represent averages derived from multiple literature and/or occurrence-record sources covering different periods and locations, and thus these values were not explicitly reported. zero shifts were included when calculating the reported average shifts.",na,Jorge
1,entire_japan,Japan,Japan,species,Sargassum micracanthum,Chromista,Ochrophyta,Phaeophyceae,Fucales,Sargassaceae,Sargassum,marine,marine,literature and specimens,horizontal,leading edge,occurrence_presonly,occurrence,na,NA,NA,NA,na,NA,NA,NA,28,NA,NA,8.86,km/year,NA,no,na,no,no,no,stated,en,E_jgm1,Kumagai et al. 2018,10.1073/pnas.1716826115,"Naoki H. Kumagai, Jorge García Molinosa, Hiroya Yamano, Shintaro Takao, Masahiko Fujii, Yasuhiro Yamanaka",Ocean currents and herbivory drive macroalgae-to-coral community shift under climate warming,2018,PNAS,Dataset S1,shifts calculated as least coast path distances along the coast between reported northernmost records between periods,NA,"start/end years and number of censuses were entered as na because the reported range-edge shifts represent averages derived from multiple literature and/or occurrence-record sources covering different periods and locations, and thus these values were not explicitly reported. zero shifts were included when calculating the reported average shifts.",na,Jorge
1,entire_japan,Japan,Japan,species,Sargassum macrocarpum,Chromista,Ochrophyta,Phaeophyceae,Fucales,Sargassaceae,Sargassum,marine,marine,literature and specimens,horizontal,leading edge,occurrence_presonly,occurrence,na,NA,NA,NA,na,NA,NA,NA,28,NA,NA,0,km/year,NA,no,na,no,no,no,stated,en,E_jgm1,Kumagai et al. 2018,10.1073/pnas.1716826115,"Naoki H. Kumagai, Jorge García Molinosa, Hiroya Yamano, Shintaro Takao, Masahiko Fujii, Yasuhiro Yamanaka",Ocean currents and herbivory drive macroalgae-to-coral community shift under climate warming,2018,PNAS,Dataset S1,shifts calculated as least coast path distances along the coast between reported northernmost records between periods,NA,"start/end years and number of censuses were entered as na because the reported range-edge shifts represent averages derived from multiple literature and/or occurrence-record sources covering different periods and locations, and thus these values were not explicitly reported. zero shifts were included when calculating the reported average shifts.",na,Jorge
1,entire_japan,Japan,Japan,species,Sargassum nigrifolium,Chromista,Ochrophyta,Phaeophyceae,Fucales,Sargassaceae,Sargassum,marine,marine,literature and specimens,horizontal,leading edge,occurrence_presonly,occurrence,na,NA,NA,NA,na,NA,NA,NA,30,NA,NA,0.3,km/year,NA,no,na,no,no,no,stated,en,E_jgm1,Kumagai et al. 2018,10.1073/pnas.1716826115,"Naoki H. Kumagai, Jorge García Molinosa, Hiroya Yamano, Shintaro Takao, Masahiko Fujii, Yasuhiro Yamanaka",Ocean currents and herbivory drive macroalgae-to-coral community shift under climate warming,2018,PNAS,Dataset S1,shifts calculated as least coast path distances along the coast between reported northernmost records between periods,NA,"start/end years and number of censuses were entered as na because the reported range-edge shifts represent averages derived from multiple literature and/or occurrence-record sources covering different periods and locations, and thus these values were not explicitly reported. zero shifts were included when calculating the reported average shifts.",na,Jorge
1,entire_japan,Japan,Japan,species,Sargassum coreanum,Chromista,Ochrophyta,Phaeophyceae,Fucales,Sargassaceae,Sargassum,marine,marine,literature and specimens,horizontal,leading edge,occurrence_presonly,occurrence,na,NA,NA,NA,na,NA,NA,NA,35,NA,NA,-2.43,km/year,NA,no,na,no,no,no,stated,en,E_jgm1,Kumagai et al. 2018,10.1073/pnas.1716826115,"Naoki H. Kumagai, Jorge García Molinosa, Hiroya Yamano, Shintaro Takao, Masahiko Fujii, Yasuhiro Yamanaka",Ocean currents and herbivory drive macroalgae-to-coral community shift under climate warming,2018,PNAS,Dataset S1,shifts calculated as least coast path distances along the coast between reported northernmost records between periods,NA,"start/end years and number of censuses were entered as na because the reported range-edge shifts represent averages derived from multiple literature and/or occurrence-record sources covering different periods and locations, and thus these values were not explicitly reported. zero shifts were included when calculating the reported average shifts.",na,Jorge
1,entire_japan,Japan,Japan,species,Sargassum muticum,Chromista,Ochrophyta,Phaeophyceae,Fucales,Sargassaceae,Sargassum,marine,marine,literature and specimens,horizontal,leading edge,occurrence_presonly,occurrence,na,NA,NA,NA,na,NA,NA,NA,18,NA,NA,3.07,km/year,NA,no,na,no,no,no,stated,en,E_jgm1,Kumagai et al. 2018,10.1073/pnas.1716826115,"Naoki H. Kumagai, Jorge García Molinosa, Hiroya Yamano, Shintaro Takao, Masahiko Fujii, Yasuhiro Yamanaka",Ocean currents and herbivory drive macroalgae-to-coral community shift under climate warming,2018,PNAS,Dataset S1,shifts calculated as least coast path distances along the coast between reported northernmost records between periods,NA,"start/end years and number of censuses were entered as na because the reported range-edge shifts represent averages derived from multiple literature and/or occurrence-record sources covering different periods and locations, and thus these values were not explicitly reported. zero shifts were included when calculating the reported average shifts.",na,Jorge
1,entire_japan,Japan,Japan,species,Sargassum fusiforme,Chromista,Ochrophyta,Phaeophyceae,Fucales,Sargassaceae,Sargassum,marine,marine,literature and specimens,horizontal,leading edge,occurrence_presonly,occurrence,na,NA,NA,NA,na,NA,NA,NA,17,NA,NA,0,km/year,NA,no,na,no,no,no,stated,en,E_jgm1,Kumagai et al. 2018,10.1073/pnas.1716826115,"Naoki H. Kumagai, Jorge García Molinosa, Hiroya Yamano, Shintaro Takao, Masahiko Fujii, Yasuhiro Yamanaka",Ocean currents and herbivory drive macroalgae-to-coral community shift under climate warming,2018,PNAS,Dataset S1,shifts calculated as least coast path distances along the coast between reported northernmost records between periods,NA,"start/end years and number of censuses were entered as na because the reported range-edge shifts represent averages derived from multiple literature and/or occurrence-record sources covering different periods and locations, and thus these values were not explicitly reported. zero shifts were included when calculating the reported average shifts.",na,Jorge
1,entire_japan,Japan,Japan,species,Sargassum piluliferum,Chromista,Ochrophyta,Phaeophyceae,Fucales,Sargassaceae,Sargassum,marine,marine,literature and specimens,horizontal,leading edge,occurrence_presonly,occurrence,na,NA,NA,NA,na,NA,NA,NA,28,NA,NA,-0.46,km/year,NA,no,na,no,no,no,stated,en,E_jgm1,Kumagai et al. 2018,10.1073/pnas.1716826115,"Naoki H. Kumagai, Jorge García Molinosa, Hiroya Yamano, Shintaro Takao, Masahiko Fujii, Yasuhiro Yamanaka",Ocean currents and herbivory drive macroalgae-to-coral community shift under climate warming,2018,PNAS,Dataset S1,shifts calculated as least coast path distances along the coast between reported northernmost records between periods,NA,"start/end years and number of censuses were entered as na because the reported range-edge shifts represent averages derived from multiple literature and/or occurrence-record sources covering different periods and locations, and thus these values were not explicitly reported. zero shifts were included when calculating the reported average shifts.",na,Jorge
1,entire_japan,Japan,Japan,species,Sargassum patens,Chromista,Ochrophyta,Phaeophyceae,Fucales,Sargassaceae,Sargassum,marine,marine,literature and specimens,horizontal,leading edge,occurrence_presonly,occurrence,na,NA,NA,NA,na,NA,NA,NA,24,NA,NA,0,km/year,NA,no,na,no,no,no,stated,en,E_jgm1,Kumagai et al. 2018,10.1073/pnas.1716826115,"Naoki H. Kumagai, Jorge García Molinosa, Hiroya Yamano, Shintaro Takao, Masahiko Fujii, Yasuhiro Yamanaka",Ocean currents and herbivory drive macroalgae-to-coral community shift under climate warming,2018,PNAS,Dataset S1,shifts calculated as least coast path distances along the coast between reported northernmost records between periods,NA,"start/end years and number of censuses were entered as na because the reported range-edge shifts represent averages derived from multiple literature and/or occurrence-record sources covering different periods and locations, and thus these values were not explicitly reported. zero shifts were included when calculating the reported average shifts.",na,Jorge
1,entire_japan,Japan,Japan,species,Sargassum hemiphyllum,Chromista,Ochrophyta,Phaeophyceae,Fucales,Sargassaceae,Sargassum,marine,marine,literature and specimens,horizontal,leading edge,occurrence_presonly,occurrence,na,NA,NA,NA,na,NA,NA,NA,42,NA,NA,0,km/year,NA,no,na,no,no,no,stated,en,E_jgm1,Kumagai et al. 2018,10.1073/pnas.1716826115,"Naoki H. Kumagai, Jorge García Molinosa, Hiroya Yamano, Shintaro Takao, Masahiko Fujii, Yasuhiro Yamanaka",Ocean currents and herbivory drive macroalgae-to-coral community shift under climate warming,2018,PNAS,Dataset S1,shifts calculated as least coast path distances along the coast between reported northernmost records between periods,NA,"start/end years and number of censuses were entered as na because the reported range-edge shifts represent averages derived from multiple literature and/or occurrence-record sources covering different periods and locations, and thus these values were not explicitly reported. zero shifts were included when calculating the reported average shifts.",na,Jorge
1,entire_japan,Japan,Japan,species,Sargassum yendoi,Chromista,Ochrophyta,Phaeophyceae,Fucales,Sargassaceae,Sargassum,marine,marine,literature and specimens,horizontal,leading edge,occurrence_presonly,occurrence,na,NA,NA,NA,na,NA,NA,NA,30,NA,NA,0.3,km/year,NA,no,na,no,no,no,stated,en,E_jgm1,Kumagai et al. 2018,10.1073/pnas.1716826115,"Naoki H. Kumagai, Jorge García Molinosa, Hiroya Yamano, Shintaro Takao, Masahiko Fujii, Yasuhiro Yamanaka",Ocean currents and herbivory drive macroalgae-to-coral community shift under climate warming,2018,PNAS,Dataset S1,shifts calculated as least coast path distances along the coast between reported northernmost records between periods,NA,"start/end years and number of censuses were entered as na because the reported range-edge shifts represent averages derived from multiple literature and/or occurrence-record sources covering different periods and locations, and thus these values were not explicitly reported. zero shifts were included when calculating the reported average shifts.",na,Jorge
1,entire_japan,Japan,Japan,species,Sargassum yamamotoi,Chromista,Ochrophyta,Phaeophyceae,Fucales,Sargassaceae,Sargassum,marine,marine,literature and specimens,horizontal,leading edge,occurrence_presonly,occurrence,na,NA,NA,NA,na,NA,NA,NA,42,NA,NA,0.43,km/year,NA,no,na,no,no,no,stated,en,E_jgm1,Kumagai et al. 2018,10.1073/pnas.1716826115,"Naoki H. Kumagai, Jorge García Molinosa, Hiroya Yamano, Shintaro Takao, Masahiko Fujii, Yasuhiro Yamanaka",Ocean currents and herbivory drive macroalgae-to-coral community shift under climate warming,2018,PNAS,Dataset S1,shifts calculated as least coast path distances along the coast between reported northernmost records between periods,NA,"start/end years and number of censuses were entered as na because the reported range-edge shifts represent averages derived from multiple literature and/or occurrence-record sources covering different periods and locations, and thus these values were not explicitly reported. zero shifts were included when calculating the reported average shifts.",na,Jorge
1,entire_japan,Japan,Japan,species,Sargassum okamurae,Chromista,Ochrophyta,Phaeophyceae,Fucales,Sargassaceae,Sargassum,marine,marine,literature and specimens,horizontal,leading edge,occurrence_presonly,occurrence,na,NA,NA,NA,na,NA,NA,NA,17,NA,NA,-3.54,km/year,NA,no,na,no,no,no,stated,en,E_jgm1,Kumagai et al. 2018,10.1073/pnas.1716826115,"Naoki H. Kumagai, Jorge García Molinosa, Hiroya Yamano, Shintaro Takao, Masahiko Fujii, Yasuhiro Yamanaka",Ocean currents and herbivory drive macroalgae-to-coral community shift under climate warming,2018,PNAS,Dataset S1,shifts calculated as least coast path distances along the coast between reported northernmost records between periods,NA,"start/end years and number of censuses were entered as na because the reported range-edge shifts represent averages derived from multiple literature and/or occurrence-record sources covering different periods and locations, and thus these values were not explicitly reported. zero shifts were included when calculating the reported average shifts.",na,Jorge
1,entire_japan,Japan,Japan,species,Sargassum crispifolium,Chromista,Ochrophyta,Phaeophyceae,Fucales,Sargassaceae,Sargassum,marine,marine,literature and specimens,horizontal,leading edge,occurrence_presonly,occurrence,na,NA,NA,NA,na,NA,NA,NA,19.5,NA,NA,-0.34,km/year,NA,no,na,no,no,no,stated,en,E_jgm1,Kumagai et al. 2018,10.1073/pnas.1716826115,"Naoki H. Kumagai, Jorge García Molinosa, Hiroya Yamano, Shintaro Takao, Masahiko Fujii, Yasuhiro Yamanaka",Ocean currents and herbivory drive macroalgae-to-coral community shift under climate warming,2018,PNAS,Dataset S1,shifts calculated as least coast path distances along the coast between reported northernmost records between periods,NA,"start/end years and number of censuses were entered as na because the reported range-edge shifts represent averages derived from multiple literature and/or occurrence-record sources covering different periods and locations, and thus these values were not explicitly reported. zero shifts were included when calculating the reported average shifts.",na,Jorge
1,entire_japan,Japan,Japan,species,Sargassum nipponicum,Chromista,Ochrophyta,Phaeophyceae,Fucales,Sargassaceae,Sargassum,marine,marine,literature and specimens,horizontal,leading edge,occurrence_presonly,occurrence,na,NA,NA,NA,na,NA,NA,NA,39,NA,NA,0,km/year,NA,no,na,no,no,no,stated,en,E_jgm1,Kumagai et al. 2018,10.1073/pnas.1716826115,"Naoki H. Kumagai, Jorge García Molinosa, Hiroya Yamano, Shintaro Takao, Masahiko Fujii, Yasuhiro Yamanaka",Ocean currents and herbivory drive macroalgae-to-coral community shift under climate warming,2018,PNAS,Dataset S1,shifts calculated as least coast path distances along the coast between reported northernmost records between periods,NA,"start/end years and number of censuses were entered as na because the reported range-edge shifts represent averages derived from multiple literature and/or occurrence-record sources covering different periods and locations, and thus these values were not explicitly reported. zero shifts were included when calculating the reported average shifts.",na,Jorge
1,entire_japan,Japan,Japan,species,Sargassum alternato-pinnatum,Chromista,Ochrophyta,Phaeophyceae,Fucales,Sargassaceae,Sargassum,marine,marine,literature and specimens,horizontal,leading edge,occurrence_presonly,occurrence,na,NA,NA,NA,na,NA,NA,NA,14,NA,NA,9.29,km/year,NA,no,na,no,no,no,stated,en,E_jgm1,Kumagai et al. 2018,10.1073/pnas.1716826115,"Naoki H. Kumagai, Jorge García Molinosa, Hiroya Yamano, Shintaro Takao, Masahiko Fujii, Yasuhiro Yamanaka",Ocean currents and herbivory drive macroalgae-to-coral community shift under climate warming,2018,PNAS,Dataset S1,shifts calculated as least coast path distances along the coast between reported northernmost records between periods,NA,"start/end years and number of censuses were entered as na because the reported range-edge shifts represent averages derived from multiple literature and/or occurrence-record sources covering different periods and locations, and thus these values were not explicitly reported. zero shifts were included when calculating the reported average shifts.",na,Jorge
1,entire_japan,Japan,Japan,species,Sargassum ilicifolium,Chromista,Ochrophyta,Phaeophyceae,Fucales,Sargassaceae,Sargassum,marine,marine,literature and specimens,horizontal,leading edge,occurrence_presonly,occurrence,na,NA,NA,NA,na,NA,NA,NA,15,NA,NA,4.5,km/year,NA,no,na,no,no,no,stated,en,E_jgm1,Kumagai et al. 2018,10.1073/pnas.1716826115,"Naoki H. Kumagai, Jorge García Molinosa, Hiroya Yamano, Shintaro Takao, Masahiko Fujii, Yasuhiro Yamanaka",Ocean currents and herbivory drive macroalgae-to-coral community shift under climate warming,2018,PNAS,Dataset S1,shifts calculated as least coast path distances along the coast between reported northernmost records between periods,NA,"start/end years and number of censuses were entered as na because the reported range-edge shifts represent averages derived from multiple literature and/or occurrence-record sources covering different periods and locations, and thus these values were not explicitly reported. zero shifts were included when calculating the reported average shifts.",na,Jorge
1,entire_japan,Japan,Japan,species,Undaria pinnatifida,Chromista,Ochrophyta,Phaeophyceae,Laminariales,Alariaceae,Undaria,marine,marine,literature and specimens,horizontal,leading edge,occurrence_presonly,occurrence,na,NA,NA,NA,na,NA,NA,NA,20,NA,NA,0,km/year,NA,no,na,no,no,no,stated,en,E_jgm1,Kumagai et al. 2018,10.1073/pnas.1716826115,"Naoki H. Kumagai, Jorge García Molinosa, Hiroya Yamano, Shintaro Takao, Masahiko Fujii, Yasuhiro Yamanaka",Ocean currents and herbivory drive macroalgae-to-coral community shift under climate warming,2018,PNAS,Dataset S1,shifts calculated as least coast path distances along the coast between reported northernmost records between periods,NA,"start/end years and number of censuses were entered as na because the reported range-edge shifts represent averages derived from multiple literature and/or occurrence-record sources covering different periods and locations, and thus these values were not explicitly reported. zero shifts were included when calculating the reported average shifts.",na,Jorge
1,entire_japan,Japan,Japan,species,Undaria pinnatifida,Chromista,Ochrophyta,Phaeophyceae,Laminariales,Alariaceae,Undaria,marine,marine,literature and specimens,horizontal,leading edge,occurrence_presonly,occurrence,na,NA,NA,NA,na,NA,NA,NA,19,NA,NA,-0.29,km/year,NA,no,na,no,no,no,stated,en,E_jgm1,Kumagai et al. 2018,10.1073/pnas.1716826115,"Naoki H. Kumagai, Jorge García Molinosa, Hiroya Yamano, Shintaro Takao, Masahiko Fujii, Yasuhiro Yamanaka",Ocean currents and herbivory drive macroalgae-to-coral community shift under climate warming,2018,PNAS,Dataset S1,shifts calculated as least coast path distances along the coast between reported northernmost records between periods,NA,"start/end years and number of censuses were entered as na because the reported range-edge shifts represent averages derived from multiple literature and/or occurrence-record sources covering different periods and locations, and thus these values were not explicitly reported. zero shifts were included when calculating the reported average shifts.",na,Jorge
1,entire_japan,Japan,Japan,species,Undaria pinnatifida,Chromista,Ochrophyta,Phaeophyceae,Laminariales,Alariaceae,Undaria,marine,marine,literature and specimens,horizontal,leading edge,occurrence_presonly,occurrence,na,NA,NA,NA,na,NA,NA,NA,9,NA,NA,0,km/year,NA,no,na,no,no,no,stated,en,E_jgm1,Kumagai et al. 2018,10.1073/pnas.1716826115,"Naoki H. Kumagai, Jorge García Molinosa, Hiroya Yamano, Shintaro Takao, Masahiko Fujii, Yasuhiro Yamanaka",Ocean currents and herbivory drive macroalgae-to-coral community shift under climate warming,2018,PNAS,Dataset S1,shifts calculated as least coast path distances along the coast between reported northernmost records between periods,NA,"start/end years and number of censuses were entered as na because the reported range-edge shifts represent averages derived from multiple literature and/or occurrence-record sources covering different periods and locations, and thus these values were not explicitly reported. zero shifts were included when calculating the reported average shifts.",na,Jorge
1,entire_japan,Japan,Japan,species,Ecklonia stolonifera,Chromista,Ochrophyta,Phaeophyceae,Laminariales,Lessoniaceae,Ecklonia,marine,marine,literature and specimens,horizontal,leading edge,occurrence_presonly,occurrence,na,NA,NA,NA,na,NA,NA,NA,14.5,NA,NA,5.1,km/year,NA,no,na,no,no,no,stated,en,E_jgm1,Kumagai et al. 2018,10.1073/pnas.1716826115,"Naoki H. Kumagai, Jorge García Molinosa, Hiroya Yamano, Shintaro Takao, Masahiko Fujii, Yasuhiro Yamanaka",Ocean currents and herbivory drive macroalgae-to-coral community shift under climate warming,2018,PNAS,Dataset S1,shifts calculated as least coast path distances along the coast between reported northernmost records between periods,NA,"start/end years and number of censuses were entered as na because the reported range-edge shifts represent averages derived from multiple literature and/or occurrence-record sources covering different periods and locations, and thus these values were not explicitly reported. zero shifts were included when calculating the reported average shifts.",na,Jorge
1,entire_japan,Japan,Japan,species,Ecklonia cava,Chromista,Ochrophyta,Phaeophyceae,Laminariales,Lessoniaceae,Ecklonia,marine,marine,literature and specimens,horizontal,leading edge,occurrence_presonly,occurrence,na,NA,NA,NA,na,NA,NA,NA,21,NA,NA,4.04,km/year,NA,no,na,no,no,no,stated,en,E_jgm1,Kumagai et al. 2018,10.1073/pnas.1716826115,"Naoki H. Kumagai, Jorge García Molinosa, Hiroya Yamano, Shintaro Takao, Masahiko Fujii, Yasuhiro Yamanaka",Ocean currents and herbivory drive macroalgae-to-coral community shift under climate warming,2018,PNAS,Dataset S1,shifts calculated as least coast path distances along the coast between reported northernmost records between periods,NA,"start/end years and number of censuses were entered as na because the reported range-edge shifts represent averages derived from multiple literature and/or occurrence-record sources covering different periods and locations, and thus these values were not explicitly reported. zero shifts were included when calculating the reported average shifts.",na,Jorge
1,entire_japan,Japan,Japan,species,Ecklonia radicosa,Chromista,Ochrophyta,Phaeophyceae,Laminariales,Lessoniaceae,Ecklonia,marine,marine,literature and specimens,horizontal,leading edge,occurrence_presonly,occurrence,na,NA,NA,NA,na,NA,NA,NA,37.6,NA,NA,1.63,km/year,NA,no,na,no,no,no,stated,en,E_jgm1,Kumagai et al. 2018,10.1073/pnas.1716826115,"Naoki H. Kumagai, Jorge García Molinosa, Hiroya Yamano, Shintaro Takao, Masahiko Fujii, Yasuhiro Yamanaka",Ocean currents and herbivory drive macroalgae-to-coral community shift under climate warming,2018,PNAS,Dataset S1,shifts calculated as least coast path distances along the coast between reported northernmost records between periods,NA,"start/end years and number of censuses were entered as na because the reported range-edge shifts represent averages derived from multiple literature and/or occurrence-record sources covering different periods and locations, and thus these values were not explicitly reported. zero shifts were included when calculating the reported average shifts.",na,Jorge
1,entire_japan,Japan,Japan,species,Eisenia bicyclis,Chromista,Ochrophyta,Phaeophyceae,Laminariales,Lessoniaceae,Eisenia,marine,marine,literature and specimens,horizontal,leading edge,occurrence_presonly,occurrence,na,NA,NA,NA,na,NA,NA,NA,15,NA,NA,0,km/year,NA,no,na,no,no,no,stated,en,E_jgm1,Kumagai et al. 2018,10.1073/pnas.1716826115,"Naoki H. Kumagai, Jorge García Molinosa, Hiroya Yamano, Shintaro Takao, Masahiko Fujii, Yasuhiro Yamanaka",Ocean currents and herbivory drive macroalgae-to-coral community shift under climate warming,2018,PNAS,Dataset S1,shifts calculated as least coast path distances along the coast between reported northernmost records between periods,NA,"start/end years and number of censuses were entered as na because the reported range-edge shifts represent averages derived from multiple literature and/or occurrence-record sources covering different periods and locations, and thus these values were not explicitly reported. zero shifts were included when calculating the reported average shifts.",na,Jorge
1,entire_japan,Japan,Japan,species,Eisenia arborea,Chromista,Ochrophyta,Phaeophyceae,Laminariales,Lessoniaceae,Eisenia,marine,marine,literature and specimens,horizontal,leading edge,occurrence_presonly,occurrence,na,NA,NA,NA,na,NA,NA,NA,10,NA,NA,0,km/year,NA,no,na,no,no,no,stated,en,E_jgm1,Kumagai et al. 2018,10.1073/pnas.1716826115,"Naoki H. Kumagai, Jorge García Molinosa, Hiroya Yamano, Shintaro Takao, Masahiko Fujii, Yasuhiro Yamanaka",Ocean currents and herbivory drive macroalgae-to-coral community shift under climate warming,2018,PNAS,Dataset S1,shifts calculated as least coast path distances along the coast between reported northernmost records between periods,NA,"start/end years and number of censuses were entered as na because the reported range-edge shifts represent averages derived from multiple literature and/or occurrence-record sources covering different periods and locations, and thus these values were not explicitly reported. zero shifts were included when calculating the reported average shifts.",na,Jorge
1,entire_japan,Japan,Japan,species,Calotomus japonicus,Animalia,Chordata,Teleostei,Eupercaria incertae sedis,Labridae,Calotomus,marine,marine,literature and specimens,horizontal,trailing edge,occurrence_presonly,occurrence,na,NA,NA,NA,na,NA,NA,NA,10,NA,NA,0,km/year,NA,no,na,no,no,no,stated,en,E_jgm1,Kumagai et al. 2018,10.1073/pnas.1716826115,"Naoki H. Kumagai, Jorge García Molinosa, Hiroya Yamano, Shintaro Takao, Masahiko Fujii, Yasuhiro Yamanaka",Ocean currents and herbivory drive macroalgae-to-coral community shift under climate warming,2018,PNAS,Dataset S1,shifts calculated as least coast path distances along the coast between reported northernmost records between periods,NA,"start/end years and number of censuses were entered as na because the reported range-edge shifts represent averages derived from multiple literature and/or occurrence-record sources covering different periods and locations, and thus these values were not explicitly reported. zero shifts were included when calculating the reported average shifts.",na,Jorge
1,entire_japan,Japan,Japan,species,Acropora pruinosa,Animalia,Cnidaria,Hexacorallia,Scleractinia,Acroporidae,Acropora,marine,marine,literature and specimens,horizontal,trailing edge,occurrence_presonly,occurrence,na,NA,NA,NA,na,NA,NA,NA,29.5,NA,NA,0.52,km/year,NA,no,na,no,no,no,stated,en,E_jgm1,Kumagai et al. 2018,10.1073/pnas.1716826115,"Naoki H. Kumagai, Jorge García Molinosa, Hiroya Yamano, Shintaro Takao, Masahiko Fujii, Yasuhiro Yamanaka",Ocean currents and herbivory drive macroalgae-to-coral community shift under climate warming,2018,PNAS,Dataset S1,shifts calculated as least coast path distances along the coast between reported northernmost records between periods,NA,"start/end years and number of censuses were entered as na because the reported range-edge shifts represent averages derived from multiple literature and/or occurrence-record sources covering different periods and locations, and thus these values were not explicitly reported. zero shifts were included when calculating the reported average shifts.",na,Jorge
1,entire_japan,Japan,Japan,species,Acropora spicifera,Animalia,Cnidaria,Hexacorallia,Scleractinia,Acroporidae,Acropora,marine,marine,literature and specimens,horizontal,trailing edge,occurrence_presonly,occurrence,na,NA,NA,NA,na,NA,NA,NA,22,NA,NA,0.84,km/year,NA,no,na,no,no,no,stated,en,E_jgm1,Kumagai et al. 2018,10.1073/pnas.1716826115,"Naoki H. Kumagai, Jorge García Molinosa, Hiroya Yamano, Shintaro Takao, Masahiko Fujii, Yasuhiro Yamanaka",Ocean currents and herbivory drive macroalgae-to-coral community shift under climate warming,2018,PNAS,Dataset S1,shifts calculated as least coast path distances along the coast between reported northernmost records between periods,NA,"start/end years and number of censuses were entered as na because the reported range-edge shifts represent averages derived from multiple literature and/or occurrence-record sources covering different periods and locations, and thus these values were not explicitly reported. zero shifts were included when calculating the reported average shifts.",na,Jorge
1,entire_japan,Japan,Japan,species,Alveopora japonica,Animalia,Cnidaria,Hexacorallia,Scleractinia,Acroporidae,Alveopora,marine,marine,literature and specimens,horizontal,trailing edge,occurrence_presonly,occurrence,na,NA,NA,NA,na,NA,NA,NA,13.5,NA,NA,0,km/year,NA,no,na,no,no,no,stated,en,E_jgm1,Kumagai et al. 2018,10.1073/pnas.1716826115,"Naoki H. Kumagai, Jorge García Molinosa, Hiroya Yamano, Shintaro Takao, Masahiko Fujii, Yasuhiro Yamanaka",Ocean currents and herbivory drive macroalgae-to-coral community shift under climate warming,2018,PNAS,Dataset S1,shifts calculated as least coast path distances along the coast between reported northernmost records between periods,NA,"start/end years and number of censuses were entered as na because the reported range-edge shifts represent averages derived from multiple literature and/or occurrence-record sources covering different periods and locations, and thus these values were not explicitly reported. zero shifts were included when calculating the reported average shifts.",na,Jorge
1,entire_japan,Japan,Japan,species,Myagropsis myagroides,Chromista,Ochrophyta,Phaeophyceae,Fucales,Sargassaceae,Myagropsis,marine,marine,literature and specimens,horizontal,trailing edge,occurrence_presonly,occurrence,na,NA,NA,NA,na,NA,NA,NA,27,NA,NA,2.04,km/year,NA,no,na,no,no,no,stated,en,E_jgm1,Kumagai et al. 2018,10.1073/pnas.1716826115,"Naoki H. Kumagai, Jorge García Molinosa, Hiroya Yamano, Shintaro Takao, Masahiko Fujii, Yasuhiro Yamanaka",Ocean currents and herbivory drive macroalgae-to-coral community shift under climate warming,2018,PNAS,Dataset S1,shifts calculated as least coast path distances along the coast between reported northernmost records between periods,NA,"start/end years and number of censuses were entered as na because the reported range-edge shifts represent averages derived from multiple literature and/or occurrence-record sources covering different periods and locations, and thus these values were not explicitly reported. zero shifts were included when calculating the reported average shifts.",na,Jorge
1,entire_japan,Japan,Japan,species,Sargassum confusum,Chromista,Ochrophyta,Phaeophyceae,Fucales,Sargassaceae,Sargassum,marine,marine,literature and specimens,horizontal,trailing edge,occurrence_presonly,occurrence,na,NA,NA,NA,na,NA,NA,NA,16,NA,NA,8.21,km/year,NA,no,na,no,no,no,stated,en,E_jgm1,Kumagai et al. 2018,10.1073/pnas.1716826115,"Naoki H. Kumagai, Jorge García Molinosa, Hiroya Yamano, Shintaro Takao, Masahiko Fujii, Yasuhiro Yamanaka",Ocean currents and herbivory drive macroalgae-to-coral community shift under climate warming,2018,PNAS,Dataset S1,shifts calculated as least coast path distances along the coast between reported northernmost records between periods,NA,"start/end years and number of censuses were entered as na because the reported range-edge shifts represent averages derived from multiple literature and/or occurrence-record sources covering different periods and locations, and thus these values were not explicitly reported. zero shifts were included when calculating the reported average shifts.",na,Jorge
1,entire_japan,Japan,Japan,species,Sargassum thunbergii,Chromista,Ochrophyta,Phaeophyceae,Fucales,Sargassaceae,Sargassum,marine,marine,literature and specimens,horizontal,trailing edge,occurrence_presonly,occurrence,na,NA,NA,NA,na,NA,NA,NA,49,NA,NA,0,km/year,NA,no,na,no,no,no,stated,en,E_jgm1,Kumagai et al. 2018,10.1073/pnas.1716826115,"Naoki H. Kumagai, Jorge García Molinosa, Hiroya Yamano, Shintaro Takao, Masahiko Fujii, Yasuhiro Yamanaka",Ocean currents and herbivory drive macroalgae-to-coral community shift under climate warming,2018,PNAS,Dataset S1,shifts calculated as least coast path distances along the coast between reported northernmost records between periods,NA,"start/end years and number of censuses were entered as na because the reported range-edge shifts represent averages derived from multiple literature and/or occurrence-record sources covering different periods and locations, and thus these values were not explicitly reported. zero shifts were included when calculating the reported average shifts.",na,Jorge
1,entire_japan,Japan,Japan,species,Sargassum horneri,Chromista,Ochrophyta,Phaeophyceae,Fucales,Sargassaceae,Sargassum,marine,marine,literature and specimens,horizontal,trailing edge,occurrence_presonly,occurrence,na,NA,NA,NA,na,NA,NA,NA,26,NA,NA,0.69,km/year,NA,no,na,no,no,no,stated,en,E_jgm1,Kumagai et al. 2018,10.1073/pnas.1716826115,"Naoki H. Kumagai, Jorge García Molinosa, Hiroya Yamano, Shintaro Takao, Masahiko Fujii, Yasuhiro Yamanaka",Ocean currents and herbivory drive macroalgae-to-coral community shift under climate warming,2018,PNAS,Dataset S1,shifts calculated as least coast path distances along the coast between reported northernmost records between periods,NA,"start/end years and number of censuses were entered as na because the reported range-edge shifts represent averages derived from multiple literature and/or occurrence-record sources covering different periods and locations, and thus these values were not explicitly reported. zero shifts were included when calculating the reported average shifts.",na,Jorge
1,entire_japan,Japan,Japan,species,Sargassum siliquastrum,Chromista,Ochrophyta,Phaeophyceae,Fucales,Sargassaceae,Sargassum,marine,marine,literature and specimens,horizontal,trailing edge,occurrence_presonly,occurrence,na,NA,NA,NA,na,NA,NA,NA,29.9,NA,NA,1.88,km/year,NA,no,na,no,no,no,stated,en,E_jgm1,Kumagai et al. 2018,10.1073/pnas.1716826115,"Naoki H. Kumagai, Jorge García Molinosa, Hiroya Yamano, Shintaro Takao, Masahiko Fujii, Yasuhiro Yamanaka",Ocean currents and herbivory drive macroalgae-to-coral community shift under climate warming,2018,PNAS,Dataset S1,shifts calculated as least coast path distances along the coast between reported northernmost records between periods,NA,"start/end years and number of censuses were entered as na because the reported range-edge shifts represent averages derived from multiple literature and/or occurrence-record sources covering different periods and locations, and thus these values were not explicitly reported. zero shifts were included when calculating the reported average shifts.",na,Jorge
1,entire_japan,Japan,Japan,species,Sargassum fulvellum,Chromista,Ochrophyta,Phaeophyceae,Fucales,Sargassaceae,Sargassum,marine,marine,literature and specimens,horizontal,trailing edge,occurrence_presonly,occurrence,na,NA,NA,NA,na,NA,NA,NA,29,NA,NA,4.8,km/year,NA,no,na,no,no,no,stated,en,E_jgm1,Kumagai et al. 2018,10.1073/pnas.1716826115,"Naoki H. Kumagai, Jorge García Molinosa, Hiroya Yamano, Shintaro Takao, Masahiko Fujii, Yasuhiro Yamanaka",Ocean currents and herbivory drive macroalgae-to-coral community shift under climate warming,2018,PNAS,Dataset S1,shifts calculated as least coast path distances along the coast between reported northernmost records between periods,NA,"start/end years and number of censuses were entered as na because the reported range-edge shifts represent averages derived from multiple literature and/or occurrence-record sources covering different periods and locations, and thus these values were not explicitly reported. zero shifts were included when calculating the reported average shifts.",na,Jorge
1,entire_japan,Japan,Japan,species,Sargassum micracanthum,Chromista,Ochrophyta,Phaeophyceae,Fucales,Sargassaceae,Sargassum,marine,marine,literature and specimens,horizontal,trailing edge,occurrence_presonly,occurrence,na,NA,NA,NA,na,NA,NA,NA,22.9,NA,NA,1.41,km/year,NA,no,na,no,no,no,stated,en,E_jgm1,Kumagai et al. 2018,10.1073/pnas.1716826115,"Naoki H. Kumagai, Jorge García Molinosa, Hiroya Yamano, Shintaro Takao, Masahiko Fujii, Yasuhiro Yamanaka",Ocean currents and herbivory drive macroalgae-to-coral community shift under climate warming,2018,PNAS,Dataset S1,shifts calculated as least coast path distances along the coast between reported northernmost records between periods,NA,"start/end years and number of censuses were entered as na because the reported range-edge shifts represent averages derived from multiple literature and/or occurrence-record sources covering different periods and locations, and thus these values were not explicitly reported. zero shifts were included when calculating the reported average shifts.",na,Jorge
1,entire_japan,Japan,Japan,species,Sargassum macrocarpum,Chromista,Ochrophyta,Phaeophyceae,Fucales,Sargassaceae,Sargassum,marine,marine,literature and specimens,horizontal,trailing edge,occurrence_presonly,occurrence,na,NA,NA,NA,na,NA,NA,NA,37.9,NA,NA,2.1,km/year,NA,no,na,no,no,no,stated,en,E_jgm1,Kumagai et al. 2018,10.1073/pnas.1716826115,"Naoki H. Kumagai, Jorge García Molinosa, Hiroya Yamano, Shintaro Takao, Masahiko Fujii, Yasuhiro Yamanaka",Ocean currents and herbivory drive macroalgae-to-coral community shift under climate warming,2018,PNAS,Dataset S1,shifts calculated as least coast path distances along the coast between reported northernmost records between periods,NA,"start/end years and number of censuses were entered as na because the reported range-edge shifts represent averages derived from multiple literature and/or occurrence-record sources covering different periods and locations, and thus these values were not explicitly reported. zero shifts were included when calculating the reported average shifts.",na,Jorge
1,entire_japan,Japan,Japan,species,Sargassum nigrifolium,Chromista,Ochrophyta,Phaeophyceae,Fucales,Sargassaceae,Sargassum,marine,marine,literature and specimens,horizontal,trailing edge,occurrence_presonly,occurrence,na,NA,NA,NA,na,NA,NA,NA,32,NA,NA,0.97,km/year,NA,no,na,no,no,no,stated,en,E_jgm1,Kumagai et al. 2018,10.1073/pnas.1716826115,"Naoki H. Kumagai, Jorge García Molinosa, Hiroya Yamano, Shintaro Takao, Masahiko Fujii, Yasuhiro Yamanaka",Ocean currents and herbivory drive macroalgae-to-coral community shift under climate warming,2018,PNAS,Dataset S1,shifts calculated as least coast path distances along the coast between reported northernmost records between periods,NA,"start/end years and number of censuses were entered as na because the reported range-edge shifts represent averages derived from multiple literature and/or occurrence-record sources covering different periods and locations, and thus these values were not explicitly reported. zero shifts were included when calculating the reported average shifts.",na,Jorge
1,entire_japan,Japan,Japan,species,Sargassum coreanum,Chromista,Ochrophyta,Phaeophyceae,Fucales,Sargassaceae,Sargassum,marine,marine,literature and specimens,horizontal,trailing edge,occurrence_presonly,occurrence,na,NA,NA,NA,na,NA,NA,NA,24.1,NA,NA,1.95,km/year,NA,no,na,no,no,no,stated,en,E_jgm1,Kumagai et al. 2018,10.1073/pnas.1716826115,"Naoki H. Kumagai, Jorge García Molinosa, Hiroya Yamano, Shintaro Takao, Masahiko Fujii, Yasuhiro Yamanaka",Ocean currents and herbivory drive macroalgae-to-coral community shift under climate warming,2018,PNAS,Dataset S1,shifts calculated as least coast path distances along the coast between reported northernmost records between periods,NA,"start/end years and number of censuses were entered as na because the reported range-edge shifts represent averages derived from multiple literature and/or occurrence-record sources covering different periods and locations, and thus these values were not explicitly reported. zero shifts were included when calculating the reported average shifts.",na,Jorge
1,entire_japan,Japan,Japan,species,Sargassum muticum,Chromista,Ochrophyta,Phaeophyceae,Fucales,Sargassaceae,Sargassum,marine,marine,literature and specimens,horizontal,trailing edge,occurrence_presonly,occurrence,na,NA,NA,NA,na,NA,NA,NA,37,NA,NA,1.46,km/year,NA,no,na,no,no,no,stated,en,E_jgm1,Kumagai et al. 2018,10.1073/pnas.1716826115,"Naoki H. Kumagai, Jorge García Molinosa, Hiroya Yamano, Shintaro Takao, Masahiko Fujii, Yasuhiro Yamanaka",Ocean currents and herbivory drive macroalgae-to-coral community shift under climate warming,2018,PNAS,Dataset S1,shifts calculated as least coast path distances along the coast between reported northernmost records between periods,NA,"start/end years and number of censuses were entered as na because the reported range-edge shifts represent averages derived from multiple literature and/or occurrence-record sources covering different periods and locations, and thus these values were not explicitly reported. zero shifts were included when calculating the reported average shifts.",na,Jorge
1,entire_japan,Japan,Japan,species,Sargassum fusiforme,Chromista,Ochrophyta,Phaeophyceae,Fucales,Sargassaceae,Sargassum,marine,marine,literature and specimens,horizontal,trailing edge,occurrence_presonly,occurrence,na,NA,NA,NA,na,NA,NA,NA,18,NA,NA,0,km/year,NA,no,na,no,no,no,stated,en,E_jgm1,Kumagai et al. 2018,10.1073/pnas.1716826115,"Naoki H. Kumagai, Jorge García Molinosa, Hiroya Yamano, Shintaro Takao, Masahiko Fujii, Yasuhiro Yamanaka",Ocean currents and herbivory drive macroalgae-to-coral community shift under climate warming,2018,PNAS,Dataset S1,shifts calculated as least coast path distances along the coast between reported northernmost records between periods,NA,"start/end years and number of censuses were entered as na because the reported range-edge shifts represent averages derived from multiple literature and/or occurrence-record sources covering different periods and locations, and thus these values were not explicitly reported. zero shifts were included when calculating the reported average shifts.",na,Jorge
1,entire_japan,Japan,Japan,species,Sargassum piluliferum,Chromista,Ochrophyta,Phaeophyceae,Fucales,Sargassaceae,Sargassum,marine,marine,literature and specimens,horizontal,trailing edge,occurrence_presonly,occurrence,na,NA,NA,NA,na,NA,NA,NA,26.5,NA,NA,0.94,km/year,NA,no,na,no,no,no,stated,en,E_jgm1,Kumagai et al. 2018,10.1073/pnas.1716826115,"Naoki H. Kumagai, Jorge García Molinosa, Hiroya Yamano, Shintaro Takao, Masahiko Fujii, Yasuhiro Yamanaka",Ocean currents and herbivory drive macroalgae-to-coral community shift under climate warming,2018,PNAS,Dataset S1,shifts calculated as least coast path distances along the coast between reported northernmost records between periods,NA,"start/end years and number of censuses were entered as na because the reported range-edge shifts represent averages derived from multiple literature and/or occurrence-record sources covering different periods and locations, and thus these values were not explicitly reported. zero shifts were included when calculating the reported average shifts.",na,Jorge
1,entire_japan,Japan,Japan,species,Sargassum patens,Chromista,Ochrophyta,Phaeophyceae,Fucales,Sargassaceae,Sargassum,marine,marine,literature and specimens,horizontal,trailing edge,occurrence_presonly,occurrence,na,NA,NA,NA,na,NA,NA,NA,31,NA,NA,0.43,km/year,NA,no,na,no,no,no,stated,en,E_jgm1,Kumagai et al. 2018,10.1073/pnas.1716826115,"Naoki H. Kumagai, Jorge García Molinosa, Hiroya Yamano, Shintaro Takao, Masahiko Fujii, Yasuhiro Yamanaka",Ocean currents and herbivory drive macroalgae-to-coral community shift under climate warming,2018,PNAS,Dataset S1,shifts calculated as least coast path distances along the coast between reported northernmost records between periods,NA,"start/end years and number of censuses were entered as na because the reported range-edge shifts represent averages derived from multiple literature and/or occurrence-record sources covering different periods and locations, and thus these values were not explicitly reported. zero shifts were included when calculating the reported average shifts.",na,Jorge
1,entire_japan,Japan,Japan,species,Sargassum hemiphyllum,Chromista,Ochrophyta,Phaeophyceae,Fucales,Sargassaceae,Sargassum,marine,marine,literature and specimens,horizontal,trailing edge,occurrence_presonly,occurrence,na,NA,NA,NA,na,NA,NA,NA,29.1,NA,NA,3.39,km/year,NA,no,na,no,no,no,stated,en,E_jgm1,Kumagai et al. 2018,10.1073/pnas.1716826115,"Naoki H. Kumagai, Jorge García Molinosa, Hiroya Yamano, Shintaro Takao, Masahiko Fujii, Yasuhiro Yamanaka",Ocean currents and herbivory drive macroalgae-to-coral community shift under climate warming,2018,PNAS,Dataset S1,shifts calculated as least coast path distances along the coast between reported northernmost records between periods,NA,"start/end years and number of censuses were entered as na because the reported range-edge shifts represent averages derived from multiple literature and/or occurrence-record sources covering different periods and locations, and thus these values were not explicitly reported. zero shifts were included when calculating the reported average shifts.",na,Jorge
1,entire_japan,Japan,Japan,species,Sargassum yendoi,Chromista,Ochrophyta,Phaeophyceae,Fucales,Sargassaceae,Sargassum,marine,marine,literature and specimens,horizontal,trailing edge,occurrence_presonly,occurrence,na,NA,NA,NA,na,NA,NA,NA,55,NA,NA,0,km/year,NA,no,na,no,no,no,stated,en,E_jgm1,Kumagai et al. 2018,10.1073/pnas.1716826115,"Naoki H. Kumagai, Jorge García Molinosa, Hiroya Yamano, Shintaro Takao, Masahiko Fujii, Yasuhiro Yamanaka",Ocean currents and herbivory drive macroalgae-to-coral community shift under climate warming,2018,PNAS,Dataset S1,shifts calculated as least coast path distances along the coast between reported northernmost records between periods,NA,"start/end years and number of censuses were entered as na because the reported range-edge shifts represent averages derived from multiple literature and/or occurrence-record sources covering different periods and locations, and thus these values were not explicitly reported. zero shifts were included when calculating the reported average shifts.",na,Jorge
1,entire_japan,Japan,Japan,species,Sargassum yamamotoi,Chromista,Ochrophyta,Phaeophyceae,Fucales,Sargassaceae,Sargassum,marine,marine,literature and specimens,horizontal,trailing edge,occurrence_presonly,occurrence,na,NA,NA,NA,na,NA,NA,NA,15,NA,NA,-1.62,km/year,NA,no,na,no,no,no,stated,en,E_jgm1,Kumagai et al. 2018,10.1073/pnas.1716826115,"Naoki H. Kumagai, Jorge García Molinosa, Hiroya Yamano, Shintaro Takao, Masahiko Fujii, Yasuhiro Yamanaka",Ocean currents and herbivory drive macroalgae-to-coral community shift under climate warming,2018,PNAS,Dataset S1,shifts calculated as least coast path distances along the coast between reported northernmost records between periods,NA,"start/end years and number of censuses were entered as na because the reported range-edge shifts represent averages derived from multiple literature and/or occurrence-record sources covering different periods and locations, and thus these values were not explicitly reported. zero shifts were included when calculating the reported average shifts.",na,Jorge
1,entire_japan,Japan,Japan,species,Sargassum okamurae,Chromista,Ochrophyta,Phaeophyceae,Fucales,Sargassaceae,Sargassum,marine,marine,literature and specimens,horizontal,trailing edge,occurrence_presonly,occurrence,na,NA,NA,NA,na,NA,NA,NA,13.3,NA,NA,0.05,km/year,NA,no,na,no,no,no,stated,en,E_jgm1,Kumagai et al. 2018,10.1073/pnas.1716826115,"Naoki H. Kumagai, Jorge García Molinosa, Hiroya Yamano, Shintaro Takao, Masahiko Fujii, Yasuhiro Yamanaka",Ocean currents and herbivory drive macroalgae-to-coral community shift under climate warming,2018,PNAS,Dataset S1,shifts calculated as least coast path distances along the coast between reported northernmost records between periods,NA,"start/end years and number of censuses were entered as na because the reported range-edge shifts represent averages derived from multiple literature and/or occurrence-record sources covering different periods and locations, and thus these values were not explicitly reported. zero shifts were included when calculating the reported average shifts.",na,Jorge
1,entire_japan,Japan,Japan,species,Sargassum crispifolium,Chromista,Ochrophyta,Phaeophyceae,Fucales,Sargassaceae,Sargassum,marine,marine,literature and specimens,horizontal,trailing edge,occurrence_presonly,occurrence,na,NA,NA,NA,na,NA,NA,NA,46,NA,NA,3.09,km/year,NA,no,na,no,no,no,stated,en,E_jgm1,Kumagai et al. 2018,10.1073/pnas.1716826115,"Naoki H. Kumagai, Jorge García Molinosa, Hiroya Yamano, Shintaro Takao, Masahiko Fujii, Yasuhiro Yamanaka",Ocean currents and herbivory drive macroalgae-to-coral community shift under climate warming,2018,PNAS,Dataset S1,shifts calculated as least coast path distances along the coast between reported northernmost records between periods,NA,"start/end years and number of censuses were entered as na because the reported range-edge shifts represent averages derived from multiple literature and/or occurrence-record sources covering different periods and locations, and thus these values were not explicitly reported. zero shifts were included when calculating the reported average shifts.",na,Jorge
1,entire_japan,Japan,Japan,species,Sargassum nipponicum,Chromista,Ochrophyta,Phaeophyceae,Fucales,Sargassaceae,Sargassum,marine,marine,literature and specimens,horizontal,trailing edge,occurrence_presonly,occurrence,na,NA,NA,NA,na,NA,NA,NA,17.5,NA,NA,-5.71,km/year,NA,no,na,no,no,no,stated,en,E_jgm1,Kumagai et al. 2018,10.1073/pnas.1716826115,"Naoki H. Kumagai, Jorge García Molinosa, Hiroya Yamano, Shintaro Takao, Masahiko Fujii, Yasuhiro Yamanaka",Ocean currents and herbivory drive macroalgae-to-coral community shift under climate warming,2018,PNAS,Dataset S1,shifts calculated as least coast path distances along the coast between reported northernmost records between periods,NA,"start/end years and number of censuses were entered as na because the reported range-edge shifts represent averages derived from multiple literature and/or occurrence-record sources covering different periods and locations, and thus these values were not explicitly reported. zero shifts were included when calculating the reported average shifts.",na,Jorge
1,entire_japan,Japan,Japan,species,Undaria pinnatifida,Chromista,Ochrophyta,Phaeophyceae,Laminariales,Alariaceae,Undaria,marine,marine,literature and specimens,horizontal,trailing edge,occurrence_presonly,occurrence,na,NA,NA,NA,na,NA,NA,NA,21,NA,NA,0,km/year,NA,no,na,no,no,no,stated,en,E_jgm1,Kumagai et al. 2018,10.1073/pnas.1716826115,"Naoki H. Kumagai, Jorge García Molinosa, Hiroya Yamano, Shintaro Takao, Masahiko Fujii, Yasuhiro Yamanaka",Ocean currents and herbivory drive macroalgae-to-coral community shift under climate warming,2018,PNAS,Dataset S1,shifts calculated as least coast path distances along the coast between reported northernmost records between periods,NA,"start/end years and number of censuses were entered as na because the reported range-edge shifts represent averages derived from multiple literature and/or occurrence-record sources covering different periods and locations, and thus these values were not explicitly reported. zero shifts were included when calculating the reported average shifts.",na,Jorge
1,entire_japan,Japan,Japan,species,Undaria pinnatifida,Chromista,Ochrophyta,Phaeophyceae,Laminariales,Alariaceae,Undaria,marine,marine,literature and specimens,horizontal,trailing edge,occurrence_presonly,occurrence,na,NA,NA,NA,na,NA,NA,NA,40.5,NA,NA,1.64,km/year,NA,no,na,no,no,no,stated,en,E_jgm1,Kumagai et al. 2018,10.1073/pnas.1716826115,"Naoki H. Kumagai, Jorge García Molinosa, Hiroya Yamano, Shintaro Takao, Masahiko Fujii, Yasuhiro Yamanaka",Ocean currents and herbivory drive macroalgae-to-coral community shift under climate warming,2018,PNAS,Dataset S1,shifts calculated as least coast path distances along the coast between reported northernmost records between periods,NA,"start/end years and number of censuses were entered as na because the reported range-edge shifts represent averages derived from multiple literature and/or occurrence-record sources covering different periods and locations, and thus these values were not explicitly reported. zero shifts were included when calculating the reported average shifts.",na,Jorge
1,entire_japan,Japan,Japan,species,Undaria pinnatifida,Chromista,Ochrophyta,Phaeophyceae,Laminariales,Alariaceae,Undaria,marine,marine,literature and specimens,horizontal,trailing edge,occurrence_presonly,occurrence,na,NA,NA,NA,na,NA,NA,NA,22,NA,NA,0,km/year,NA,no,na,no,no,no,stated,en,E_jgm1,Kumagai et al. 2018,10.1073/pnas.1716826115,"Naoki H. Kumagai, Jorge García Molinosa, Hiroya Yamano, Shintaro Takao, Masahiko Fujii, Yasuhiro Yamanaka",Ocean currents and herbivory drive macroalgae-to-coral community shift under climate warming,2018,PNAS,Dataset S1,shifts calculated as least coast path distances along the coast between reported northernmost records between periods,NA,"start/end years and number of censuses were entered as na because the reported range-edge shifts represent averages derived from multiple literature and/or occurrence-record sources covering different periods and locations, and thus these values were not explicitly reported. zero shifts were included when calculating the reported average shifts.",na,Jorge
1,entire_japan,Japan,Japan,species,Ecklonia stolonifera,Chromista,Ochrophyta,Phaeophyceae,Laminariales,Lessoniaceae,Ecklonia,marine,marine,literature and specimens,horizontal,trailing edge,occurrence_presonly,occurrence,na,NA,NA,NA,na,NA,NA,NA,7,NA,NA,0,km/year,NA,no,na,no,no,no,stated,en,E_jgm1,Kumagai et al. 2018,10.1073/pnas.1716826115,"Naoki H. Kumagai, Jorge García Molinosa, Hiroya Yamano, Shintaro Takao, Masahiko Fujii, Yasuhiro Yamanaka",Ocean currents and herbivory drive macroalgae-to-coral community shift under climate warming,2018,PNAS,Dataset S1,shifts calculated as least coast path distances along the coast between reported northernmost records between periods,NA,"start/end years and number of censuses were entered as na because the reported range-edge shifts represent averages derived from multiple literature and/or occurrence-record sources covering different periods and locations, and thus these values were not explicitly reported. zero shifts were included when calculating the reported average shifts.",na,Jorge
1,entire_japan,Japan,Japan,species,Ecklonia cava,Chromista,Ochrophyta,Phaeophyceae,Laminariales,Lessoniaceae,Ecklonia,marine,marine,literature and specimens,horizontal,trailing edge,occurrence_presonly,occurrence,na,NA,NA,NA,na,NA,NA,NA,22.9,NA,NA,2.31,km/year,NA,no,na,no,no,no,stated,en,E_jgm1,Kumagai et al. 2018,10.1073/pnas.1716826115,"Naoki H. Kumagai, Jorge García Molinosa, Hiroya Yamano, Shintaro Takao, Masahiko Fujii, Yasuhiro Yamanaka",Ocean currents and herbivory drive macroalgae-to-coral community shift under climate warming,2018,PNAS,Dataset S1,shifts calculated as least coast path distances along the coast between reported northernmost records between periods,NA,"start/end years and number of censuses were entered as na because the reported range-edge shifts represent averages derived from multiple literature and/or occurrence-record sources covering different periods and locations, and thus these values were not explicitly reported. zero shifts were included when calculating the reported average shifts.",na,Jorge
1,entire_japan,Japan,Japan,species,Ecklonia radicosa,Chromista,Ochrophyta,Phaeophyceae,Laminariales,Lessoniaceae,Ecklonia,marine,marine,literature and specimens,horizontal,trailing edge,occurrence_presonly,occurrence,na,NA,NA,NA,na,NA,NA,NA,29.7,NA,NA,7.2,km/year,NA,no,na,no,no,no,stated,en,E_jgm1,Kumagai et al. 2018,10.1073/pnas.1716826115,"Naoki H. Kumagai, Jorge García Molinosa, Hiroya Yamano, Shintaro Takao, Masahiko Fujii, Yasuhiro Yamanaka",Ocean currents and herbivory drive macroalgae-to-coral community shift under climate warming,2018,PNAS,Dataset S1,shifts calculated as least coast path distances along the coast between reported northernmost records between periods,NA,"start/end years and number of censuses were entered as na because the reported range-edge shifts represent averages derived from multiple literature and/or occurrence-record sources covering different periods and locations, and thus these values were not explicitly reported. zero shifts were included when calculating the reported average shifts.",na,Jorge
1,entire_japan,Japan,Japan,species,Eisenia bicyclis,Chromista,Ochrophyta,Phaeophyceae,Laminariales,Lessoniaceae,Eisenia,marine,marine,literature and specimens,horizontal,trailing edge,occurrence_presonly,occurrence,na,NA,NA,NA,na,NA,NA,NA,33,NA,NA,0,km/year,NA,no,na,no,no,no,stated,en,E_jgm1,Kumagai et al. 2018,10.1073/pnas.1716826115,"Naoki H. Kumagai, Jorge García Molinosa, Hiroya Yamano, Shintaro Takao, Masahiko Fujii, Yasuhiro Yamanaka",Ocean currents and herbivory drive macroalgae-to-coral community shift under climate warming,2018,PNAS,Dataset S1,shifts calculated as least coast path distances along the coast between reported northernmost records between periods,NA,"start/end years and number of censuses were entered as na because the reported range-edge shifts represent averages derived from multiple literature and/or occurrence-record sources covering different periods and locations, and thus these values were not explicitly reported. zero shifts were included when calculating the reported average shifts.",na,Jorge
1,entire_japan,Japan,Japan,species,Eisenia arborea,Chromista,Ochrophyta,Phaeophyceae,Laminariales,Lessoniaceae,Eisenia,marine,marine,literature and specimens,horizontal,trailing edge,occurrence_presonly,occurrence,na,NA,NA,NA,na,NA,NA,NA,16,NA,NA,0.8,km/year,NA,no,na,no,no,no,stated,en,E_jgm1,Kumagai et al. 2018,10.1073/pnas.1716826115,"Naoki H. Kumagai, Jorge García Molinosa, Hiroya Yamano, Shintaro Takao, Masahiko Fujii, Yasuhiro Yamanaka",Ocean currents and herbivory drive macroalgae-to-coral community shift under climate warming,2018,PNAS,Dataset S1,shifts calculated as least coast path distances along the coast between reported northernmost records between periods,NA,"start/end years and number of censuses were entered as na because the reported range-edge shifts represent averages derived from multiple literature and/or occurrence-record sources covering different periods and locations, and thus these values were not explicitly reported. zero shifts were included when calculating the reported average shifts.",na,Jorge
1,entire_japan,Japan,Japan,species,Barbatia virescens,Animalia,Mollusca,Bivalvia,Arcida,Arcidae,Barbatia,marine,marine,resurvey,latitude,centroid,abundance_density,abundance,1978,1978,1978,1978,2006,2006,2006,2006,28,28,7,-1.1419280977522623,km/year,NA,no,no,yes,yes,"sea current, species interaction, ultraviolet radiation, salinity",stated,en,E0407,Kurihara et al. 2011,10.1007/s00227-011-1717-4,"Kurihara, T; Takami, H; Kosuge, T; Chiba, S; Iseda, M; Sasaki, T",Area-specific temporal changes of species composition and species-specific range shifts in rocky-shore mollusks associated with warming kuroshio current,2011,Marine Biology,"Fig. 3, 5, 6, ESM4",the shift was stated in fig. 5 and esm4 for each species showing long term trend value.,NA,na,"edited data entry for position from ""average (population density weighted)"" to ""centroid"". the study notes that population density weighted average will likely shift under warming but also that this average is not the same meaning as ""center of species range"" that was used by brown 1984 and brown et al. 1995. but ""centroid"" was used because most studies align with this definition of centroid, not necessarily matching with center of species range. also, removed ""north"" in the azimuth column and kept it ""empty"" because the gradient is ""latitude"" for this data, not horizontal.",Dai
1,entire_japan,Japan,Japan,species,Cardita leana,Animalia,Mollusca,Bivalvia,Carditida,Carditidae,Cardita,marine,marine,resurvey,latitude,centroid,abundance_density,abundance,1978,1978,1978,1978,2006,2006,2006,2006,28,28,7,11.04270998232576,km/year,NA,no,no,yes,yes,"sea current, species interaction, ultraviolet radiation, salinity",stated,en,E0407,Kurihara et al. 2011,10.1007/s00227-011-1717-4,"Kurihara, T; Takami, H; Kosuge, T; Chiba, S; Iseda, M; Sasaki, T",Area-specific temporal changes of species composition and species-specific range shifts in rocky-shore mollusks associated with warming kuroshio current,2011,Marine Biology,"Fig. 3, 5, 6, ESM4",the shift was stated in fig. 5 and esm4 for each species showing long term trend value.,NA,na,"edited data entry for position from ""average (population density weighted)"" to ""centroid"". the study notes that population density weighted average will likely shift under warming but also that this average is not the same meaning as ""center of species range"" that was used by brown 1984 and brown et al. 1995. but ""centroid"" was used because most studies align with this definition of centroid, not necessarily matching with center of species range. also, removed ""north"" in the azimuth column and kept it ""empty"" because the gradient is ""latitude"" for this data, not horizontal.",Dai
1,entire_japan,Japan,Japan,species,Modiolus auriculatus,Animalia,Mollusca,Bivalvia,Mytilida,Modiolidae,Modiolus,marine,marine,resurvey,latitude,centroid,abundance_density,abundance,1978,1978,1978,1978,2006,2006,2006,2006,28,28,7,0,km/year,NA,no,no,yes,yes,"sea current, species interaction, ultraviolet radiation, salinity",stated,en,E0407,Kurihara et al. 2011,10.1007/s00227-011-1717-4,"Kurihara, T; Takami, H; Kosuge, T; Chiba, S; Iseda, M; Sasaki, T",Area-specific temporal changes of species composition and species-specific range shifts in rocky-shore mollusks associated with warming kuroshio current,2011,Marine Biology,"Fig. 3, 5, 6, ESM4",the shift was stated in fig. 5 and esm4 for each species showing long term trend value.,NA,na,"edited data entry for position from ""average (population density weighted)"" to ""centroid"". the study notes that population density weighted average will likely shift under warming but also that this average is not the same meaning as ""center of species range"" that was used by brown 1984 and brown et al. 1995. but ""centroid"" was used because most studies align with this definition of centroid, not necessarily matching with center of species range. also, removed ""north"" in the azimuth column and kept it ""empty"" because the gradient is ""latitude"" for this data, not horizontal.",Dai
1,entire_japan,Japan,Japan,species,Hormomya mutabilis,Animalia,Mollusca,Bivalvia,Mytilida,Mytilidae,Hormomya,marine,marine,resurvey,latitude,centroid,abundance_density,abundance,1978,1978,1978,1978,2006,2006,2006,2006,28,28,7,-3.3153465365514725,km/year,NA,no,no,yes,yes,"sea current, species interaction, ultraviolet radiation, salinity",stated,en,E0407,Kurihara et al. 2011,10.1007/s00227-011-1717-4,"Kurihara, T; Takami, H; Kosuge, T; Chiba, S; Iseda, M; Sasaki, T",Area-specific temporal changes of species composition and species-specific range shifts in rocky-shore mollusks associated with warming kuroshio current,2011,Marine Biology,"Fig. 3, 5, 6, ESM4",the shift was stated in fig. 5 and esm4 for each species showing long term trend value.,NA,na,"edited data entry for position from ""average (population density weighted)"" to ""centroid"". the study notes that population density weighted average will likely shift under warming but also that this average is not the same meaning as ""center of species range"" that was used by brown 1984 and brown et al. 1995. but ""centroid"" was used because most studies align with this definition of centroid, not necessarily matching with center of species range. also, removed ""north"" in the azimuth column and kept it ""empty"" because the gradient is ""latitude"" for this data, not horizontal.",Dai
1,entire_japan,Japan,Japan,species,Musculista senhousia,Animalia,Mollusca,Bivalvia,Mytilida,Mytilidae,Musculista,marine,marine,resurvey,latitude,centroid,abundance_density,abundance,1978,1978,1978,1978,2006,2006,2006,2006,28,28,7,2.570279553500654,km/year,NA,no,no,yes,yes,"sea current, species interaction, ultraviolet radiation, salinity",stated,en,E0407,Kurihara et al. 2011,10.1007/s00227-011-1717-4,"Kurihara, T; Takami, H; Kosuge, T; Chiba, S; Iseda, M; Sasaki, T",Area-specific temporal changes of species composition and species-specific range shifts in rocky-shore mollusks associated with warming kuroshio current,2011,Marine Biology,"Fig. 3, 5, 6, ESM4",the shift was stated in fig. 5 and esm4 for each species showing long term trend value.,NA,na,"edited data entry for position from ""average (population density weighted)"" to ""centroid"". the study notes that population density weighted average will likely shift under warming but also that this average is not the same meaning as ""center of species range"" that was used by brown 1984 and brown et al. 1995. but ""centroid"" was used because most studies align with this definition of centroid, not necessarily matching with center of species range. also, removed ""north"" in the azimuth column and kept it ""empty"" because the gradient is ""latitude"" for this data, not horizontal.",Dai
1,entire_japan,Japan,Japan,species,Mytilus galloprovincialis,Animalia,Mollusca,Bivalvia,Mytilida,Mytilidae,Mytilus,marine,marine,resurvey,latitude,centroid,abundance_density,abundance,1978,1978,1978,1978,2006,2006,2006,2006,28,28,7,27.52082962706578,km/year,NA,no,no,yes,yes,"sea current, species interaction, ultraviolet radiation, salinity",stated,en,E0407,Kurihara et al. 2011,10.1007/s00227-011-1717-4,"Kurihara, T; Takami, H; Kosuge, T; Chiba, S; Iseda, M; Sasaki, T",Area-specific temporal changes of species composition and species-specific range shifts in rocky-shore mollusks associated with warming kuroshio current,2011,Marine Biology,"Fig. 3, 5, 6, ESM4",the shift was stated in fig. 5 and esm4 for each species showing long term trend value.,NA,na,"edited data entry for position from ""average (population density weighted)"" to ""centroid"". the study notes that population density weighted average will likely shift under warming but also that this average is not the same meaning as ""center of species range"" that was used by brown 1984 and brown et al. 1995. but ""centroid"" was used because most studies align with this definition of centroid, not necessarily matching with center of species range. also, removed ""north"" in the azimuth column and kept it ""empty"" because the gradient is ""latitude"" for this data, not horizontal.",Dai
1,entire_japan,Japan,Japan,species,Septifer bilocularis,Animalia,Mollusca,Bivalvia,Mytilida,Mytilidae,Septifer,marine,marine,resurvey,latitude,centroid,abundance_density,abundance,1978,1978,1978,1978,2006,2006,2006,2006,28,28,7,-4.391028175821612,km/year,NA,no,no,yes,yes,"sea current, species interaction, ultraviolet radiation, salinity",stated,en,E0407,Kurihara et al. 2011,10.1007/s00227-011-1717-4,"Kurihara, T; Takami, H; Kosuge, T; Chiba, S; Iseda, M; Sasaki, T",Area-specific temporal changes of species composition and species-specific range shifts in rocky-shore mollusks associated with warming kuroshio current,2011,Marine Biology,"Fig. 3, 5, 6, ESM4",the shift was stated in fig. 5 and esm4 for each species showing long term trend value.,NA,na,"edited data entry for position from ""average (population density weighted)"" to ""centroid"". the study notes that population density weighted average will likely shift under warming but also that this average is not the same meaning as ""center of species range"" that was used by brown 1984 and brown et al. 1995. but ""centroid"" was used because most studies align with this definition of centroid, not necessarily matching with center of species range. also, removed ""north"" in the azimuth column and kept it ""empty"" because the gradient is ""latitude"" for this data, not horizontal.",Dai
1,entire_japan,Japan,Japan,species,Septifer virgatus,Animalia,Mollusca,Bivalvia,Mytilida,Mytilidae,Septifer,marine,marine,resurvey,latitude,centroid,abundance_density,abundance,1978,1978,1978,1978,2006,2006,2006,2006,28,28,7,8.80663505693487,km/year,NA,no,no,yes,yes,"sea current, species interaction, ultraviolet radiation, salinity",stated,en,E0407,Kurihara et al. 2011,10.1007/s00227-011-1717-4,"Kurihara, T; Takami, H; Kosuge, T; Chiba, S; Iseda, M; Sasaki, T",Area-specific temporal changes of species composition and species-specific range shifts in rocky-shore mollusks associated with warming kuroshio current,2011,Marine Biology,"Fig. 3, 5, 6, ESM4",the shift was stated in fig. 5 and esm4 for each species showing long term trend value.,NA,na,"edited data entry for position from ""average (population density weighted)"" to ""centroid"". the study notes that population density weighted average will likely shift under warming but also that this average is not the same meaning as ""center of species range"" that was used by brown 1984 and brown et al. 1995. but ""centroid"" was used because most studies align with this definition of centroid, not necessarily matching with center of species range. also, removed ""north"" in the azimuth column and kept it ""empty"" because the gradient is ""latitude"" for this data, not horizontal.",Dai
1,entire_japan,Japan,Japan,species,Saccostrea kegaki,Animalia,Mollusca,Bivalvia,Ostreida,Ostreidae,Saccostrea,marine,marine,resurvey,latitude,centroid,abundance_density,abundance,1978,1978,1978,1978,2006,2006,2006,2006,28,28,7,5.002406471523286,km/year,NA,no,no,yes,yes,"sea current, species interaction, ultraviolet radiation, salinity",stated,en,E0407,Kurihara et al. 2011,10.1007/s00227-011-1717-4,"Kurihara, T; Takami, H; Kosuge, T; Chiba, S; Iseda, M; Sasaki, T",Area-specific temporal changes of species composition and species-specific range shifts in rocky-shore mollusks associated with warming kuroshio current,2011,Marine Biology,"Fig. 3, 5, 6, ESM4",the shift was stated in fig. 5 and esm4 for each species showing long term trend value.,NA,na,"edited data entry for position from ""average (population density weighted)"" to ""centroid"". the study notes that population density weighted average will likely shift under warming but also that this average is not the same meaning as ""center of species range"" that was used by brown 1984 and brown et al. 1995. but ""centroid"" was used because most studies align with this definition of centroid, not necessarily matching with center of species range. also, removed ""north"" in the azimuth column and kept it ""empty"" because the gradient is ""latitude"" for this data, not horizontal.",Dai
1,entire_japan,Japan,Japan,species,Irus mitis,Animalia,Mollusca,Bivalvia,Venerida,Veneridae,Irus,marine,marine,resurvey,latitude,centroid,abundance_density,abundance,1978,1978,1978,1978,2006,2006,2006,2006,28,28,7,-8.913479160403423,km/year,NA,no,no,yes,yes,"sea current, species interaction, ultraviolet radiation, salinity",stated,en,E0407,Kurihara et al. 2011,10.1007/s00227-011-1717-4,"Kurihara, T; Takami, H; Kosuge, T; Chiba, S; Iseda, M; Sasaki, T",Area-specific temporal changes of species composition and species-specific range shifts in rocky-shore mollusks associated with warming kuroshio current,2011,Marine Biology,"Fig. 3, 5, 6, ESM4",the shift was stated in fig. 5 and esm4 for each species showing long term trend value.,NA,na,"edited data entry for position from ""average (population density weighted)"" to ""centroid"". the study notes that population density weighted average will likely shift under warming but also that this average is not the same meaning as ""center of species range"" that was used by brown 1984 and brown et al. 1995. but ""centroid"" was used because most studies align with this definition of centroid, not necessarily matching with center of species range. also, removed ""north"" in the azimuth column and kept it ""empty"" because the gradient is ""latitude"" for this data, not horizontal.",Dai
1,entire_japan,Japan,Japan,species,Batillaria cumingii,Animalia,Mollusca,Gastropoda,Caenogastropoda incertae sedis,Batillariidae,Batillaria,marine,marine,resurvey,latitude,centroid,abundance_density,abundance,1978,1978,1978,1978,2006,2006,2006,2006,28,28,7,11.586783426521036,km/year,NA,no,no,yes,yes,"sea current, species interaction, ultraviolet radiation, salinity",stated,en,E0407,Kurihara et al. 2011,10.1007/s00227-011-1717-4,"Kurihara, T; Takami, H; Kosuge, T; Chiba, S; Iseda, M; Sasaki, T",Area-specific temporal changes of species composition and species-specific range shifts in rocky-shore mollusks associated with warming kuroshio current,2011,Marine Biology,"Fig. 3, 5, 6, ESM4",the shift was stated in fig. 5 and esm4 for each species showing long term trend value.,NA,na,"edited data entry for position from ""average (population density weighted)"" to ""centroid"". the study notes that population density weighted average will likely shift under warming but also that this average is not the same meaning as ""center of species range"" that was used by brown 1984 and brown et al. 1995. but ""centroid"" was used because most studies align with this definition of centroid, not necessarily matching with center of species range. also, removed ""north"" in the azimuth column and kept it ""empty"" because the gradient is ""latitude"" for this data, not horizontal.",Dai
1,entire_japan,Japan,Japan,species,Nerita helicinoides,Animalia,Mollusca,Gastropoda,Cycloneritida,Neritidae,Nerita,marine,marine,resurvey,latitude,centroid,abundance_density,abundance,1978,1978,1978,1978,2006,2006,2006,2006,28,28,7,0,km/year,NA,no,no,yes,yes,"sea current, species interaction, ultraviolet radiation, salinity",stated,en,E0407,Kurihara et al. 2011,10.1007/s00227-011-1717-4,"Kurihara, T; Takami, H; Kosuge, T; Chiba, S; Iseda, M; Sasaki, T",Area-specific temporal changes of species composition and species-specific range shifts in rocky-shore mollusks associated with warming kuroshio current,2011,Marine Biology,"Fig. 3, 5, 6, ESM4",the shift was stated in fig. 5 and esm4 for each species showing long term trend value.,NA,na,"edited data entry for position from ""average (population density weighted)"" to ""centroid"". the study notes that population density weighted average will likely shift under warming but also that this average is not the same meaning as ""center of species range"" that was used by brown 1984 and brown et al. 1995. but ""centroid"" was used because most studies align with this definition of centroid, not necessarily matching with center of species range. also, removed ""north"" in the azimuth column and kept it ""empty"" because the gradient is ""latitude"" for this data, not horizontal.",Dai
1,entire_japan,Japan,Japan,species,Nerita albicilla,Animalia,Mollusca,Gastropoda,Cycloneritida,Neritidae,Nerita,marine,marine,resurvey,latitude,centroid,abundance_density,abundance,1978,1978,1978,1978,2006,2006,2006,2006,28,28,7,2.1022727000791486,km/year,NA,no,no,yes,yes,"sea current, species interaction, ultraviolet radiation, salinity",stated,en,E0407,Kurihara et al. 2011,10.1007/s00227-011-1717-4,"Kurihara, T; Takami, H; Kosuge, T; Chiba, S; Iseda, M; Sasaki, T",Area-specific temporal changes of species composition and species-specific range shifts in rocky-shore mollusks associated with warming kuroshio current,2011,Marine Biology,"Fig. 3, 5, 6, ESM4",the shift was stated in fig. 5 and esm4 for each species showing long term trend value.,NA,na,"edited data entry for position from ""average (population density weighted)"" to ""centroid"". the study notes that population density weighted average will likely shift under warming but also that this average is not the same meaning as ""center of species range"" that was used by brown 1984 and brown et al. 1995. but ""centroid"" was used because most studies align with this definition of centroid, not necessarily matching with center of species range. also, removed ""north"" in the azimuth column and kept it ""empty"" because the gradient is ""latitude"" for this data, not horizontal.",Dai
1,entire_japan,Japan,Japan,species,Montfortia picta,Animalia,Mollusca,Gastropoda,Lepetellida,Fissurellidae,Montfortia,marine,marine,resurvey,latitude,centroid,abundance_density,abundance,1978,1978,1978,1978,2006,2006,2006,2006,28,28,7,1.1547695788782202,km/year,NA,no,no,yes,yes,"sea current, species interaction, ultraviolet radiation, salinity",stated,en,E0407,Kurihara et al. 2011,10.1007/s00227-011-1717-4,"Kurihara, T; Takami, H; Kosuge, T; Chiba, S; Iseda, M; Sasaki, T",Area-specific temporal changes of species composition and species-specific range shifts in rocky-shore mollusks associated with warming kuroshio current,2011,Marine Biology,"Fig. 3, 5, 6, ESM4",the shift was stated in fig. 5 and esm4 for each species showing long term trend value.,NA,na,"edited data entry for position from ""average (population density weighted)"" to ""centroid"". the study notes that population density weighted average will likely shift under warming but also that this average is not the same meaning as ""center of species range"" that was used by brown 1984 and brown et al. 1995. but ""centroid"" was used because most studies align with this definition of centroid, not necessarily matching with center of species range. also, removed ""north"" in the azimuth column and kept it ""empty"" because the gradient is ""latitude"" for this data, not horizontal.",Dai
1,entire_japan,Japan,Japan,species,Echininus cumingii spinulosus,Animalia,Mollusca,Gastropoda,Littorinimorpha,Littorinidae,Echininus,marine,marine,resurvey,latitude,centroid,abundance_density,abundance,1978,1978,1978,1978,2006,2006,2006,2006,28,28,7,0,km/year,NA,no,no,yes,yes,"sea current, species interaction, ultraviolet radiation, salinity",stated,en,E0407,Kurihara et al. 2011,10.1007/s00227-011-1717-4,"Kurihara, T; Takami, H; Kosuge, T; Chiba, S; Iseda, M; Sasaki, T",Area-specific temporal changes of species composition and species-specific range shifts in rocky-shore mollusks associated with warming kuroshio current,2011,Marine Biology,"Fig. 3, 5, 6, ESM4",the shift was stated in fig. 5 and esm4 for each species showing long term trend value.,NA,na,"edited data entry for position from ""average (population density weighted)"" to ""centroid"". the study notes that population density weighted average will likely shift under warming but also that this average is not the same meaning as ""center of species range"" that was used by brown 1984 and brown et al. 1995. but ""centroid"" was used because most studies align with this definition of centroid, not necessarily matching with center of species range. also, removed ""north"" in the azimuth column and kept it ""empty"" because the gradient is ""latitude"" for this data, not horizontal.",Dai
1,entire_japan,Japan,Japan,species,Littorina sitkana,Animalia,Mollusca,Gastropoda,Littorinimorpha,Littorinidae,Littorina,marine,marine,resurvey,latitude,centroid,abundance_density,abundance,1978,1978,1978,1978,2006,2006,2006,2006,28,28,7,-3.7600446776797662,km/year,NA,no,no,yes,yes,"sea current, species interaction, ultraviolet radiation, salinity",stated,en,E0407,Kurihara et al. 2011,10.1007/s00227-011-1717-4,"Kurihara, T; Takami, H; Kosuge, T; Chiba, S; Iseda, M; Sasaki, T",Area-specific temporal changes of species composition and species-specific range shifts in rocky-shore mollusks associated with warming kuroshio current,2011,Marine Biology,"Fig. 3, 5, 6, ESM4",the shift was stated in fig. 5 and esm4 for each species showing long term trend value.,NA,na,"edited data entry for position from ""average (population density weighted)"" to ""centroid"". the study notes that population density weighted average will likely shift under warming but also that this average is not the same meaning as ""center of species range"" that was used by brown 1984 and brown et al. 1995. but ""centroid"" was used because most studies align with this definition of centroid, not necessarily matching with center of species range. also, removed ""north"" in the azimuth column and kept it ""empty"" because the gradient is ""latitude"" for this data, not horizontal.",Dai
1,entire_japan,Japan,Japan,species,Littorina brevicula,Animalia,Mollusca,Gastropoda,Littorinimorpha,Littorinidae,Littorina,marine,marine,resurvey,latitude,centroid,abundance_density,abundance,1978,1978,1978,1978,2006,2006,2006,2006,28,28,7,-2.7330133961561707,km/year,NA,no,no,yes,yes,"sea current, species interaction, ultraviolet radiation, salinity",stated,en,E0407,Kurihara et al. 2011,10.1007/s00227-011-1717-4,"Kurihara, T; Takami, H; Kosuge, T; Chiba, S; Iseda, M; Sasaki, T",Area-specific temporal changes of species composition and species-specific range shifts in rocky-shore mollusks associated with warming kuroshio current,2011,Marine Biology,"Fig. 3, 5, 6, ESM4",the shift was stated in fig. 5 and esm4 for each species showing long term trend value.,NA,na,"edited data entry for position from ""average (population density weighted)"" to ""centroid"". the study notes that population density weighted average will likely shift under warming but also that this average is not the same meaning as ""center of species range"" that was used by brown 1984 and brown et al. 1995. but ""centroid"" was used because most studies align with this definition of centroid, not necessarily matching with center of species range. also, removed ""north"" in the azimuth column and kept it ""empty"" because the gradient is ""latitude"" for this data, not horizontal.",Dai
1,entire_japan,Japan,Japan,species,Nodilittorina radiata,Animalia,Mollusca,Gastropoda,Littorinimorpha,Littorinidae,Nodilittorina,marine,marine,resurvey,latitude,centroid,abundance_density,abundance,1978,1978,1978,1978,2006,2006,2006,2006,28,28,7,1.6092357773312638,km/year,NA,no,no,yes,yes,"sea current, species interaction, ultraviolet radiation, salinity",stated,en,E0407,Kurihara et al. 2011,10.1007/s00227-011-1717-4,"Kurihara, T; Takami, H; Kosuge, T; Chiba, S; Iseda, M; Sasaki, T",Area-specific temporal changes of species composition and species-specific range shifts in rocky-shore mollusks associated with warming kuroshio current,2011,Marine Biology,"Fig. 3, 5, 6, ESM4",the shift was stated in fig. 5 and esm4 for each species showing long term trend value.,NA,na,"edited data entry for position from ""average (population density weighted)"" to ""centroid"". the study notes that population density weighted average will likely shift under warming but also that this average is not the same meaning as ""center of species range"" that was used by brown 1984 and brown et al. 1995. but ""centroid"" was used because most studies align with this definition of centroid, not necessarily matching with center of species range. also, removed ""north"" in the azimuth column and kept it ""empty"" because the gradient is ""latitude"" for this data, not horizontal.",Dai
1,entire_japan,Japan,Japan,species,Nodilittorina trochoides,Animalia,Mollusca,Gastropoda,Littorinimorpha,Littorinidae,Nodilittorina,marine,marine,resurvey,latitude,centroid,abundance_density,abundance,1978,1978,1978,1978,2006,2006,2006,2006,28,28,7,5.084006574569089,km/year,NA,no,no,yes,yes,"sea current, species interaction, ultraviolet radiation, salinity",stated,en,E0407,Kurihara et al. 2011,10.1007/s00227-011-1717-4,"Kurihara, T; Takami, H; Kosuge, T; Chiba, S; Iseda, M; Sasaki, T",Area-specific temporal changes of species composition and species-specific range shifts in rocky-shore mollusks associated with warming kuroshio current,2011,Marine Biology,"Fig. 3, 5, 6, ESM4",the shift was stated in fig. 5 and esm4 for each species showing long term trend value.,NA,na,"edited data entry for position from ""average (population density weighted)"" to ""centroid"". the study notes that population density weighted average will likely shift under warming but also that this average is not the same meaning as ""center of species range"" that was used by brown 1984 and brown et al. 1995. but ""centroid"" was used because most studies align with this definition of centroid, not necessarily matching with center of species range. also, removed ""north"" in the azimuth column and kept it ""empty"" because the gradient is ""latitude"" for this data, not horizontal.",Dai
1,entire_japan,Japan,Japan,species,Serpulorbis imbricatus,Animalia,Mollusca,Gastropoda,Littorinimorpha,Vermetidae,Serpulorbis,marine,marine,resurvey,latitude,centroid,abundance_density,abundance,1978,1978,1978,1978,2006,2006,2006,2006,28,28,7,-3.456462218981018,km/year,NA,no,no,yes,yes,"sea current, species interaction, ultraviolet radiation, salinity",stated,en,E0407,Kurihara et al. 2011,10.1007/s00227-011-1717-4,"Kurihara, T; Takami, H; Kosuge, T; Chiba, S; Iseda, M; Sasaki, T",Area-specific temporal changes of species composition and species-specific range shifts in rocky-shore mollusks associated with warming kuroshio current,2011,Marine Biology,"Fig. 3, 5, 6, ESM4",the shift was stated in fig. 5 and esm4 for each species showing long term trend value.,NA,na,"edited data entry for position from ""average (population density weighted)"" to ""centroid"". the study notes that population density weighted average will likely shift under warming but also that this average is not the same meaning as ""center of species range"" that was used by brown 1984 and brown et al. 1995. but ""centroid"" was used because most studies align with this definition of centroid, not necessarily matching with center of species range. also, removed ""north"" in the azimuth column and kept it ""empty"" because the gradient is ""latitude"" for this data, not horizontal.",Dai
1,entire_japan,Japan,Japan,species,Patelloida saccharina lanx,Animalia,Mollusca,Gastropoda,Nacellida,Lottiidae,Patelloida,marine,marine,resurvey,latitude,centroid,abundance_density,abundance,1978,1978,1978,1978,2006,2006,2006,2006,28,28,7,-4.078986658388316,km/year,NA,no,no,yes,yes,"sea current, species interaction, ultraviolet radiation, salinity",stated,en,E0407,Kurihara et al. 2011,10.1007/s00227-011-1717-4,"Kurihara, T; Takami, H; Kosuge, T; Chiba, S; Iseda, M; Sasaki, T",Area-specific temporal changes of species composition and species-specific range shifts in rocky-shore mollusks associated with warming kuroshio current,2011,Marine Biology,"Fig. 3, 5, 6, ESM4",the shift was stated in fig. 5 and esm4 for each species showing long term trend value.,NA,na,"edited data entry for position from ""average (population density weighted)"" to ""centroid"". the study notes that population density weighted average will likely shift under warming but also that this average is not the same meaning as ""center of species range"" that was used by brown 1984 and brown et al. 1995. but ""centroid"" was used because most studies align with this definition of centroid, not necessarily matching with center of species range. also, removed ""north"" in the azimuth column and kept it ""empty"" because the gradient is ""latitude"" for this data, not horizontal.",Dai
1,entire_japan,Japan,Japan,species,Cellana grata,Animalia,Mollusca,Gastropoda,Nacellida,Nacellidae,Cellana,marine,marine,resurvey,latitude,centroid,abundance_density,abundance,1978,1978,1978,1978,2006,2006,2006,2006,28,28,7,7.283434435982349,km/year,NA,no,no,yes,yes,"sea current, species interaction, ultraviolet radiation, salinity",stated,en,E0407,Kurihara et al. 2011,10.1007/s00227-011-1717-4,"Kurihara, T; Takami, H; Kosuge, T; Chiba, S; Iseda, M; Sasaki, T",Area-specific temporal changes of species composition and species-specific range shifts in rocky-shore mollusks associated with warming kuroshio current,2011,Marine Biology,"Fig. 3, 5, 6, ESM4",the shift was stated in fig. 5 and esm4 for each species showing long term trend value.,NA,na,"edited data entry for position from ""average (population density weighted)"" to ""centroid"". the study notes that population density weighted average will likely shift under warming but also that this average is not the same meaning as ""center of species range"" that was used by brown 1984 and brown et al. 1995. but ""centroid"" was used because most studies align with this definition of centroid, not necessarily matching with center of species range. also, removed ""north"" in the azimuth column and kept it ""empty"" because the gradient is ""latitude"" for this data, not horizontal.",Dai
1,entire_japan,Japan,Japan,species,Cellana nigrolineata,Animalia,Mollusca,Gastropoda,Nacellida,Nacellidae,Cellana,marine,marine,resurvey,latitude,centroid,abundance_density,abundance,1978,1978,1978,1978,2006,2006,2006,2006,28,28,7,0.14366540195374292,km/year,NA,no,no,yes,yes,"sea current, species interaction, ultraviolet radiation, salinity",stated,en,E0407,Kurihara et al. 2011,10.1007/s00227-011-1717-4,"Kurihara, T; Takami, H; Kosuge, T; Chiba, S; Iseda, M; Sasaki, T",Area-specific temporal changes of species composition and species-specific range shifts in rocky-shore mollusks associated with warming kuroshio current,2011,Marine Biology,"Fig. 3, 5, 6, ESM4",the shift was stated in fig. 5 and esm4 for each species showing long term trend value.,NA,na,"edited data entry for position from ""average (population density weighted)"" to ""centroid"". the study notes that population density weighted average will likely shift under warming but also that this average is not the same meaning as ""center of species range"" that was used by brown 1984 and brown et al. 1995. but ""centroid"" was used because most studies align with this definition of centroid, not necessarily matching with center of species range. also, removed ""north"" in the azimuth column and kept it ""empty"" because the gradient is ""latitude"" for this data, not horizontal.",Dai
1,entire_japan,Japan,Japan,species,Cellana toreuma,Animalia,Mollusca,Gastropoda,Nacellida,Nacellidae,Cellana,marine,marine,resurvey,latitude,centroid,abundance_density,abundance,1978,1978,1978,1978,2006,2006,2006,2006,28,28,7,1.3877618406241647,km/year,NA,no,no,yes,yes,"sea current, species interaction, ultraviolet radiation, salinity",stated,en,E0407,Kurihara et al. 2011,10.1007/s00227-011-1717-4,"Kurihara, T; Takami, H; Kosuge, T; Chiba, S; Iseda, M; Sasaki, T",Area-specific temporal changes of species composition and species-specific range shifts in rocky-shore mollusks associated with warming kuroshio current,2011,Marine Biology,"Fig. 3, 5, 6, ESM4",the shift was stated in fig. 5 and esm4 for each species showing long term trend value.,NA,na,"edited data entry for position from ""average (population density weighted)"" to ""centroid"". the study notes that population density weighted average will likely shift under warming but also that this average is not the same meaning as ""center of species range"" that was used by brown 1984 and brown et al. 1995. but ""centroid"" was used because most studies align with this definition of centroid, not necessarily matching with center of species range. also, removed ""north"" in the azimuth column and kept it ""empty"" because the gradient is ""latitude"" for this data, not horizontal.",Dai
1,entire_japan,Japan,Japan,species,Conus ebraeus,Animalia,Mollusca,Gastropoda,Neogastropoda,Conidae,Conus,marine,marine,resurvey,latitude,centroid,abundance_density,abundance,1978,1978,1978,1978,2006,2006,2006,2006,28,28,7,-1.4108690279978223e-14,km/year,NA,no,no,yes,yes,"sea current, species interaction, ultraviolet radiation, salinity",stated,en,E0407,Kurihara et al. 2011,10.1007/s00227-011-1717-4,"Kurihara, T; Takami, H; Kosuge, T; Chiba, S; Iseda, M; Sasaki, T",Area-specific temporal changes of species composition and species-specific range shifts in rocky-shore mollusks associated with warming kuroshio current,2011,Marine Biology,"Fig. 3, 5, 6, ESM4",the shift was stated in fig. 5 and esm4 for each species showing long term trend value.,NA,na,"edited data entry for position from ""average (population density weighted)"" to ""centroid"". the study notes that population density weighted average will likely shift under warming but also that this average is not the same meaning as ""center of species range"" that was used by brown 1984 and brown et al. 1995. but ""centroid"" was used because most studies align with this definition of centroid, not necessarily matching with center of species range. also, removed ""north"" in the azimuth column and kept it ""empty"" because the gradient is ""latitude"" for this data, not horizontal.",Dai
1,entire_japan,Japan,Japan,species,Strigatella retusa,Animalia,Mollusca,Gastropoda,Neogastropoda,Mitridae,Strigatella,marine,marine,resurvey,latitude,centroid,abundance_density,abundance,1978,1978,1978,1978,2006,2006,2006,2006,28,28,7,-1.4108690279978223e-14,km/year,NA,no,no,yes,yes,"sea current, species interaction, ultraviolet radiation, salinity",stated,en,E0407,Kurihara et al. 2011,10.1007/s00227-011-1717-4,"Kurihara, T; Takami, H; Kosuge, T; Chiba, S; Iseda, M; Sasaki, T",Area-specific temporal changes of species composition and species-specific range shifts in rocky-shore mollusks associated with warming kuroshio current,2011,Marine Biology,"Fig. 3, 5, 6, ESM4",the shift was stated in fig. 5 and esm4 for each species showing long term trend value.,NA,na,"edited data entry for position from ""average (population density weighted)"" to ""centroid"". the study notes that population density weighted average will likely shift under warming but also that this average is not the same meaning as ""center of species range"" that was used by brown 1984 and brown et al. 1995. but ""centroid"" was used because most studies align with this definition of centroid, not necessarily matching with center of species range. also, removed ""north"" in the azimuth column and kept it ""empty"" because the gradient is ""latitude"" for this data, not horizontal.",Dai
1,entire_japan,Japan,Japan,species,Strigatella paupercula,Animalia,Mollusca,Gastropoda,Neogastropoda,Mitridae,Strigatella,marine,marine,resurvey,latitude,centroid,abundance_density,abundance,1978,1978,1978,1978,2006,2006,2006,2006,28,28,7,1.4108690279978223e-14,km/year,NA,no,no,yes,yes,"sea current, species interaction, ultraviolet radiation, salinity",stated,en,E0407,Kurihara et al. 2011,10.1007/s00227-011-1717-4,"Kurihara, T; Takami, H; Kosuge, T; Chiba, S; Iseda, M; Sasaki, T",Area-specific temporal changes of species composition and species-specific range shifts in rocky-shore mollusks associated with warming kuroshio current,2011,Marine Biology,"Fig. 3, 5, 6, ESM4",the shift was stated in fig. 5 and esm4 for each species showing long term trend value.,NA,na,"edited data entry for position from ""average (population density weighted)"" to ""centroid"". the study notes that population density weighted average will likely shift under warming but also that this average is not the same meaning as ""center of species range"" that was used by brown 1984 and brown et al. 1995. but ""centroid"" was used because most studies align with this definition of centroid, not necessarily matching with center of species range. also, removed ""north"" in the azimuth column and kept it ""empty"" because the gradient is ""latitude"" for this data, not horizontal.",Dai
1,entire_japan,Japan,Japan,species,Strigatella litterata,Animalia,Mollusca,Gastropoda,Neogastropoda,Mitridae,Strigatella,marine,marine,resurvey,latitude,centroid,abundance_density,abundance,1978,1978,1978,1978,2006,2006,2006,2006,28,28,7,1.4108690279978223e-14,km/year,NA,no,no,yes,yes,"sea current, species interaction, ultraviolet radiation, salinity",stated,en,E0407,Kurihara et al. 2011,10.1007/s00227-011-1717-4,"Kurihara, T; Takami, H; Kosuge, T; Chiba, S; Iseda, M; Sasaki, T",Area-specific temporal changes of species composition and species-specific range shifts in rocky-shore mollusks associated with warming kuroshio current,2011,Marine Biology,"Fig. 3, 5, 6, ESM4",the shift was stated in fig. 5 and esm4 for each species showing long term trend value.,NA,na,"edited data entry for position from ""average (population density weighted)"" to ""centroid"". the study notes that population density weighted average will likely shift under warming but also that this average is not the same meaning as ""center of species range"" that was used by brown 1984 and brown et al. 1995. but ""centroid"" was used because most studies align with this definition of centroid, not necessarily matching with center of species range. also, removed ""north"" in the azimuth column and kept it ""empty"" because the gradient is ""latitude"" for this data, not horizontal.",Dai
1,entire_japan,Japan,Japan,species,Arakawania granulata,Animalia,Mollusca,Gastropoda,Neogastropoda,Muricidae,Arakawania,marine,marine,resurvey,latitude,centroid,abundance_density,abundance,1978,1978,1978,1978,2006,2006,2006,2006,28,28,7,0,km/year,NA,no,no,yes,yes,"sea current, species interaction, ultraviolet radiation, salinity",stated,en,E0407,Kurihara et al. 2011,10.1007/s00227-011-1717-4,"Kurihara, T; Takami, H; Kosuge, T; Chiba, S; Iseda, M; Sasaki, T",Area-specific temporal changes of species composition and species-specific range shifts in rocky-shore mollusks associated with warming kuroshio current,2011,Marine Biology,"Fig. 3, 5, 6, ESM4",the shift was stated in fig. 5 and esm4 for each species showing long term trend value.,NA,na,"edited data entry for position from ""average (population density weighted)"" to ""centroid"". the study notes that population density weighted average will likely shift under warming but also that this average is not the same meaning as ""center of species range"" that was used by brown 1984 and brown et al. 1995. but ""centroid"" was used because most studies align with this definition of centroid, not necessarily matching with center of species range. also, removed ""north"" in the azimuth column and kept it ""empty"" because the gradient is ""latitude"" for this data, not horizontal.",Dai
1,entire_japan,Japan,Japan,species,Thais clavigera,Animalia,Mollusca,Gastropoda,Neogastropoda,Muricidae,Thais,marine,marine,resurvey,latitude,centroid,abundance_density,abundance,1978,1978,1978,1978,2006,2006,2006,2006,28,28,7,1.786394778970484,km/year,NA,no,no,yes,yes,"sea current, species interaction, ultraviolet radiation, salinity",stated,en,E0407,Kurihara et al. 2011,10.1007/s00227-011-1717-4,"Kurihara, T; Takami, H; Kosuge, T; Chiba, S; Iseda, M; Sasaki, T",Area-specific temporal changes of species composition and species-specific range shifts in rocky-shore mollusks associated with warming kuroshio current,2011,Marine Biology,"Fig. 3, 5, 6, ESM4",the shift was stated in fig. 5 and esm4 for each species showing long term trend value.,NA,na,"edited data entry for position from ""average (population density weighted)"" to ""centroid"". the study notes that population density weighted average will likely shift under warming but also that this average is not the same meaning as ""center of species range"" that was used by brown 1984 and brown et al. 1995. but ""centroid"" was used because most studies align with this definition of centroid, not necessarily matching with center of species range. also, removed ""north"" in the azimuth column and kept it ""empty"" because the gradient is ""latitude"" for this data, not horizontal.",Dai
1,entire_japan,Japan,Japan,species,Thais bronni,Animalia,Mollusca,Gastropoda,Neogastropoda,Muricidae,Thais,marine,marine,resurvey,latitude,centroid,abundance_density,abundance,1978,1978,1978,1978,2006,2006,2006,2006,28,28,7,18.962406423013967,km/year,NA,no,no,yes,yes,"sea current, species interaction, ultraviolet radiation, salinity",stated,en,E0407,Kurihara et al. 2011,10.1007/s00227-011-1717-4,"Kurihara, T; Takami, H; Kosuge, T; Chiba, S; Iseda, M; Sasaki, T",Area-specific temporal changes of species composition and species-specific range shifts in rocky-shore mollusks associated with warming kuroshio current,2011,Marine Biology,"Fig. 3, 5, 6, ESM4",the shift was stated in fig. 5 and esm4 for each species showing long term trend value.,NA,na,"edited data entry for position from ""average (population density weighted)"" to ""centroid"". the study notes that population density weighted average will likely shift under warming but also that this average is not the same meaning as ""center of species range"" that was used by brown 1984 and brown et al. 1995. but ""centroid"" was used because most studies align with this definition of centroid, not necessarily matching with center of species range. also, removed ""north"" in the azimuth column and kept it ""empty"" because the gradient is ""latitude"" for this data, not horizontal.",Dai
1,entire_japan,Japan,Japan,species,Engina mendicaria,Animalia,Mollusca,Gastropoda,Neogastropoda,Pisaniidae,Engina,marine,marine,resurvey,latitude,centroid,abundance_density,abundance,1978,1978,1978,1978,2006,2006,2006,2006,28,28,7,0,km/year,NA,no,no,yes,yes,"sea current, species interaction, ultraviolet radiation, salinity",stated,en,E0407,Kurihara et al. 2011,10.1007/s00227-011-1717-4,"Kurihara, T; Takami, H; Kosuge, T; Chiba, S; Iseda, M; Sasaki, T",Area-specific temporal changes of species composition and species-specific range shifts in rocky-shore mollusks associated with warming kuroshio current,2011,Marine Biology,"Fig. 3, 5, 6, ESM4",the shift was stated in fig. 5 and esm4 for each species showing long term trend value.,NA,na,"edited data entry for position from ""average (population density weighted)"" to ""centroid"". the study notes that population density weighted average will likely shift under warming but also that this average is not the same meaning as ""center of species range"" that was used by brown 1984 and brown et al. 1995. but ""centroid"" was used because most studies align with this definition of centroid, not necessarily matching with center of species range. also, removed ""north"" in the azimuth column and kept it ""empty"" because the gradient is ""latitude"" for this data, not horizontal.",Dai
1,entire_japan,Japan,Japan,species,Siphonaria laciniosa,Animalia,Mollusca,Gastropoda,Siphonariida,Siphonariidae,Siphonaria,marine,marine,resurvey,latitude,centroid,abundance_density,abundance,1978,1978,1978,1978,2006,2006,2006,2006,28,28,7,0,km/year,NA,no,no,yes,yes,"sea current, species interaction, ultraviolet radiation, salinity",stated,en,E0407,Kurihara et al. 2011,10.1007/s00227-011-1717-4,"Kurihara, T; Takami, H; Kosuge, T; Chiba, S; Iseda, M; Sasaki, T",Area-specific temporal changes of species composition and species-specific range shifts in rocky-shore mollusks associated with warming kuroshio current,2011,Marine Biology,"Fig. 3, 5, 6, ESM4",the shift was stated in fig. 5 and esm4 for each species showing long term trend value.,NA,na,"edited data entry for position from ""average (population density weighted)"" to ""centroid"". the study notes that population density weighted average will likely shift under warming but also that this average is not the same meaning as ""center of species range"" that was used by brown 1984 and brown et al. 1995. but ""centroid"" was used because most studies align with this definition of centroid, not necessarily matching with center of species range. also, removed ""north"" in the azimuth column and kept it ""empty"" because the gradient is ""latitude"" for this data, not horizontal.",Dai
1,entire_japan,Japan,Japan,species,Siphonaria japonica,Animalia,Mollusca,Gastropoda,Siphonariida,Siphonariidae,Siphonaria,marine,marine,resurvey,latitude,centroid,abundance_density,abundance,1978,1978,1978,1978,2006,2006,2006,2006,28,28,7,1.9662691527758696,km/year,NA,no,no,yes,yes,"sea current, species interaction, ultraviolet radiation, salinity",stated,en,E0407,Kurihara et al. 2011,10.1007/s00227-011-1717-4,"Kurihara, T; Takami, H; Kosuge, T; Chiba, S; Iseda, M; Sasaki, T",Area-specific temporal changes of species composition and species-specific range shifts in rocky-shore mollusks associated with warming kuroshio current,2011,Marine Biology,"Fig. 3, 5, 6, ESM4",the shift was stated in fig. 5 and esm4 for each species showing long term trend value.,NA,na,"edited data entry for position from ""average (population density weighted)"" to ""centroid"". the study notes that population density weighted average will likely shift under warming but also that this average is not the same meaning as ""center of species range"" that was used by brown 1984 and brown et al. 1995. but ""centroid"" was used because most studies align with this definition of centroid, not necessarily matching with center of species range. also, removed ""north"" in the azimuth column and kept it ""empty"" because the gradient is ""latitude"" for this data, not horizontal.",Dai
1,entire_japan,Japan,Japan,species,Siphonaria sirius,Animalia,Mollusca,Gastropoda,Siphonariida,Siphonariidae,Siphonaria,marine,marine,resurvey,latitude,centroid,abundance_density,abundance,1978,1978,1978,1978,2006,2006,2006,2006,28,28,7,-2.597882721084557,km/year,NA,no,no,yes,yes,"sea current, species interaction, ultraviolet radiation, salinity",stated,en,E0407,Kurihara et al. 2011,10.1007/s00227-011-1717-4,"Kurihara, T; Takami, H; Kosuge, T; Chiba, S; Iseda, M; Sasaki, T",Area-specific temporal changes of species composition and species-specific range shifts in rocky-shore mollusks associated with warming kuroshio current,2011,Marine Biology,"Fig. 3, 5, 6, ESM4",the shift was stated in fig. 5 and esm4 for each species showing long term trend value.,NA,na,"edited data entry for position from ""average (population density weighted)"" to ""centroid"". the study notes that population density weighted average will likely shift under warming but also that this average is not the same meaning as ""center of species range"" that was used by brown 1984 and brown et al. 1995. but ""centroid"" was used because most studies align with this definition of centroid, not necessarily matching with center of species range. also, removed ""north"" in the azimuth column and kept it ""empty"" because the gradient is ""latitude"" for this data, not horizontal.",Dai
1,entire_japan,Japan,Japan,species,Chlorostoma lischkei,Animalia,Mollusca,Gastropoda,Trochida,Tegulidae,Chlorostoma,marine,marine,resurvey,latitude,centroid,abundance_density,abundance,1978,1978,1978,1978,2006,2006,2006,2006,28,28,7,2.2507039285026194,km/year,NA,no,no,yes,yes,"sea current, species interaction, ultraviolet radiation, salinity",stated,en,E0407,Kurihara et al. 2011,10.1007/s00227-011-1717-4,"Kurihara, T; Takami, H; Kosuge, T; Chiba, S; Iseda, M; Sasaki, T",Area-specific temporal changes of species composition and species-specific range shifts in rocky-shore mollusks associated with warming kuroshio current,2011,Marine Biology,"Fig. 3, 5, 6, ESM4",the shift was stated in fig. 5 and esm4 for each species showing long term trend value.,NA,na,"edited data entry for position from ""average (population density weighted)"" to ""centroid"". the study notes that population density weighted average will likely shift under warming but also that this average is not the same meaning as ""center of species range"" that was used by brown 1984 and brown et al. 1995. but ""centroid"" was used because most studies align with this definition of centroid, not necessarily matching with center of species range. also, removed ""north"" in the azimuth column and kept it ""empty"" because the gradient is ""latitude"" for this data, not horizontal.",Dai
1,entire_japan,Japan,Japan,species,Monodonta labio confusa,Animalia,Mollusca,Gastropoda,Trochida,Trochidae,Monodonta,marine,marine,resurvey,latitude,centroid,abundance_density,abundance,1978,1978,1978,1978,2006,2006,2006,2006,28,28,7,2.782947582727022,km/year,NA,no,no,yes,yes,"sea current, species interaction, ultraviolet radiation, salinity",stated,en,E0407,Kurihara et al. 2011,10.1007/s00227-011-1717-4,"Kurihara, T; Takami, H; Kosuge, T; Chiba, S; Iseda, M; Sasaki, T",Area-specific temporal changes of species composition and species-specific range shifts in rocky-shore mollusks associated with warming kuroshio current,2011,Marine Biology,"Fig. 3, 5, 6, ESM4",the shift was stated in fig. 5 and esm4 for each species showing long term trend value.,NA,na,"edited data entry for position from ""average (population density weighted)"" to ""centroid"". the study notes that population density weighted average will likely shift under warming but also that this average is not the same meaning as ""center of species range"" that was used by brown 1984 and brown et al. 1995. but ""centroid"" was used because most studies align with this definition of centroid, not necessarily matching with center of species range. also, removed ""north"" in the azimuth column and kept it ""empty"" because the gradient is ""latitude"" for this data, not horizontal.",Dai
1,entire_japan,Japan,Japan,species,Monodonta perplexa perplexa,Animalia,Mollusca,Gastropoda,Trochida,Trochidae,Monodonta,marine,marine,resurvey,latitude,centroid,abundance_density,abundance,1978,1978,1978,1978,2006,2006,2006,2006,28,28,7,0,km/year,NA,no,no,yes,yes,"sea current, species interaction, ultraviolet radiation, salinity",stated,en,E0407,Kurihara et al. 2011,10.1007/s00227-011-1717-4,"Kurihara, T; Takami, H; Kosuge, T; Chiba, S; Iseda, M; Sasaki, T",Area-specific temporal changes of species composition and species-specific range shifts in rocky-shore mollusks associated with warming kuroshio current,2011,Marine Biology,"Fig. 3, 5, 6, ESM4",the shift was stated in fig. 5 and esm4 for each species showing long term trend value.,NA,na,"edited data entry for position from ""average (population density weighted)"" to ""centroid"". the study notes that population density weighted average will likely shift under warming but also that this average is not the same meaning as ""center of species range"" that was used by brown 1984 and brown et al. 1995. but ""centroid"" was used because most studies align with this definition of centroid, not necessarily matching with center of species range. also, removed ""north"" in the azimuth column and kept it ""empty"" because the gradient is ""latitude"" for this data, not horizontal.",Dai
1,entire_japan,Japan,Japan,species,Pictodiloma suavis,Animalia,Mollusca,Gastropoda,Trochida,Trochidae,Pictodiloma,marine,marine,resurvey,latitude,centroid,abundance_density,abundance,1978,1978,1978,1978,2006,2006,2006,2006,28,28,7,7.063971531006068,km/year,NA,no,no,yes,yes,"sea current, species interaction, ultraviolet radiation, salinity",stated,en,E0407,Kurihara et al. 2011,10.1007/s00227-011-1717-4,"Kurihara, T; Takami, H; Kosuge, T; Chiba, S; Iseda, M; Sasaki, T",Area-specific temporal changes of species composition and species-specific range shifts in rocky-shore mollusks associated with warming kuroshio current,2011,Marine Biology,"Fig. 3, 5, 6, ESM4",the shift was stated in fig. 5 and esm4 for each species showing long term trend value.,NA,na,"edited data entry for position from ""average (population density weighted)"" to ""centroid"". the study notes that population density weighted average will likely shift under warming but also that this average is not the same meaning as ""center of species range"" that was used by brown 1984 and brown et al. 1995. but ""centroid"" was used because most studies align with this definition of centroid, not necessarily matching with center of species range. also, removed ""north"" in the azimuth column and kept it ""empty"" because the gradient is ""latitude"" for this data, not horizontal.",Dai
1,entire_japan,Japan,Japan,species,Lunella correensis,Animalia,Mollusca,Gastropoda,Trochida,Turbinidae,Lunella,marine,marine,resurvey,latitude,centroid,abundance_density,abundance,1978,1978,1978,1978,2006,2006,2006,2006,28,28,7,2.359158031256553,km/year,NA,no,no,yes,yes,"sea current, species interaction, ultraviolet radiation, salinity",stated,en,E0407,Kurihara et al. 2011,10.1007/s00227-011-1717-4,"Kurihara, T; Takami, H; Kosuge, T; Chiba, S; Iseda, M; Sasaki, T",Area-specific temporal changes of species composition and species-specific range shifts in rocky-shore mollusks associated with warming kuroshio current,2011,Marine Biology,"Fig. 3, 5, 6, ESM4",the shift was stated in fig. 5 and esm4 for each species showing long term trend value.,NA,na,"edited data entry for position from ""average (population density weighted)"" to ""centroid"". the study notes that population density weighted average will likely shift under warming but also that this average is not the same meaning as ""center of species range"" that was used by brown 1984 and brown et al. 1995. but ""centroid"" was used because most studies align with this definition of centroid, not necessarily matching with center of species range. also, removed ""north"" in the azimuth column and kept it ""empty"" because the gradient is ""latitude"" for this data, not horizontal.",Dai
1,entire_japan,Japan,Japan,species,Turbo stenogyrus,Animalia,Mollusca,Gastropoda,Trochida,Turbinidae,Turbo,marine,marine,resurvey,latitude,centroid,abundance_density,abundance,1978,1978,1978,1978,2006,2006,2006,2006,28,28,7,-0.08935306605366326,km/year,NA,no,no,yes,yes,"sea current, species interaction, ultraviolet radiation, salinity",stated,en,E0407,Kurihara et al. 2011,10.1007/s00227-011-1717-4,"Kurihara, T; Takami, H; Kosuge, T; Chiba, S; Iseda, M; Sasaki, T",Area-specific temporal changes of species composition and species-specific range shifts in rocky-shore mollusks associated with warming kuroshio current,2011,Marine Biology,"Fig. 3, 5, 6, ESM4",the shift was stated in fig. 5 and esm4 for each species showing long term trend value.,NA,na,"edited data entry for position from ""average (population density weighted)"" to ""centroid"". the study notes that population density weighted average will likely shift under warming but also that this average is not the same meaning as ""center of species range"" that was used by brown 1984 and brown et al. 1995. but ""centroid"" was used because most studies align with this definition of centroid, not necessarily matching with center of species range. also, removed ""north"" in the azimuth column and kept it ""empty"" because the gradient is ""latitude"" for this data, not horizontal.",Dai
1,entire_japan,Japan,Japan,species,Acanthochitona achates,Animalia,Mollusca,Polyplacophora,Chitonida,Acanthochitonidae,Acanthochitona,marine,marine,resurvey,latitude,centroid,abundance_density,abundance,1978,1978,1978,1978,2006,2006,2006,2006,28,28,7,-0.8001238920934524,km/year,NA,no,no,yes,yes,"sea current, species interaction, ultraviolet radiation, salinity",stated,en,E0407,Kurihara et al. 2011,10.1007/s00227-011-1717-4,"Kurihara, T; Takami, H; Kosuge, T; Chiba, S; Iseda, M; Sasaki, T",Area-specific temporal changes of species composition and species-specific range shifts in rocky-shore mollusks associated with warming kuroshio current,2011,Marine Biology,"Fig. 3, 5, 6, ESM4",the shift was stated in fig. 5 and esm4 for each species showing long term trend value.,NA,na,"edited data entry for position from ""average (population density weighted)"" to ""centroid"". the study notes that population density weighted average will likely shift under warming but also that this average is not the same meaning as ""center of species range"" that was used by brown 1984 and brown et al. 1995. but ""centroid"" was used because most studies align with this definition of centroid, not necessarily matching with center of species range. also, removed ""north"" in the azimuth column and kept it ""empty"" because the gradient is ""latitude"" for this data, not horizontal.",Dai
1,entire_japan,Japan,Japan,species,Acanthopleura japonica,Animalia,Mollusca,Polyplacophora,Chitonida,Chitonidae,Acanthopleura,marine,marine,resurvey,latitude,centroid,abundance_density,abundance,1978,1978,1978,1978,2006,2006,2006,2006,28,28,7,2.3571312019036554,km/year,NA,no,no,yes,yes,"sea current, species interaction, ultraviolet radiation, salinity",stated,en,E0407,Kurihara et al. 2011,10.1007/s00227-011-1717-4,"Kurihara, T; Takami, H; Kosuge, T; Chiba, S; Iseda, M; Sasaki, T",Area-specific temporal changes of species composition and species-specific range shifts in rocky-shore mollusks associated with warming kuroshio current,2011,Marine Biology,"Fig. 3, 5, 6, ESM4",the shift was stated in fig. 5 and esm4 for each species showing long term trend value.,NA,na,"edited data entry for position from ""average (population density weighted)"" to ""centroid"". the study notes that population density weighted average will likely shift under warming but also that this average is not the same meaning as ""center of species range"" that was used by brown 1984 and brown et al. 1995. but ""centroid"" was used because most studies align with this definition of centroid, not necessarily matching with center of species range. also, removed ""north"" in the azimuth column and kept it ""empty"" because the gradient is ""latitude"" for this data, not horizontal.",Dai
1,entire_japan,Japan,Japan,species,Modiolus auriculatus,Animalia,Mollusca,Bivalvia,Mytilida,Modiolidae,Modiolus,marine,marine,resurvey,latitude,leading edge,abundance_density,abundance,1978,1978,1978,1978,2006,2006,2006,2006,28,28,7,0,km/year,NA,no,no,yes,yes,"sea current, species interaction, ultraviolet radiation, salinity",stated,en,E0407,Kurihara et al. 2011,10.1007/s00227-011-1717-4,"Kurihara, T; Takami, H; Kosuge, T; Chiba, S; Iseda, M; Sasaki, T",Area-specific temporal changes of species composition and species-specific range shifts in rocky-shore mollusks associated with warming kuroshio current,2011,Marine Biology,"Fig. 3, 5, 6, ESM4",the shift was stated in fig. 5 and esm4 for each species showing long term trend value.,NA,na,"removed ""north"" in the azimuth column and kept it ""empty"" because the gradient is ""latitude"" for this data, not horizontal.",Dai
1,entire_japan,Japan,Japan,species,Hormomya mutabilis,Animalia,Mollusca,Bivalvia,Mytilida,Mytilidae,Hormomya,marine,marine,resurvey,latitude,leading edge,abundance_density,abundance,1978,1978,1978,1978,2006,2006,2006,2006,28,28,7,-7.032417234381231,km/year,NA,no,no,yes,yes,"sea current, species interaction, ultraviolet radiation, salinity",stated,en,E0407,Kurihara et al. 2011,10.1007/s00227-011-1717-4,"Kurihara, T; Takami, H; Kosuge, T; Chiba, S; Iseda, M; Sasaki, T",Area-specific temporal changes of species composition and species-specific range shifts in rocky-shore mollusks associated with warming kuroshio current,2011,Marine Biology,"Fig. 3, 5, 6, ESM4",the shift was stated in fig. 5 and esm4 for each species showing long term trend value.,NA,na,"removed ""north"" in the azimuth column and kept it ""empty"" because the gradient is ""latitude"" for this data, not horizontal.",Dai
1,entire_japan,Japan,Japan,species,Septifer bilocularis,Animalia,Mollusca,Bivalvia,Mytilida,Mytilidae,Septifer,marine,marine,resurvey,latitude,leading edge,abundance_density,abundance,1978,1978,1978,1978,2006,2006,2006,2006,28,28,7,0,km/year,NA,no,no,yes,yes,"sea current, species interaction, ultraviolet radiation, salinity",stated,en,E0407,Kurihara et al. 2011,10.1007/s00227-011-1717-4,"Kurihara, T; Takami, H; Kosuge, T; Chiba, S; Iseda, M; Sasaki, T",Area-specific temporal changes of species composition and species-specific range shifts in rocky-shore mollusks associated with warming kuroshio current,2011,Marine Biology,"Fig. 3, 5, 6, ESM4",the shift was stated in fig. 5 and esm4 for each species showing long term trend value.,NA,na,"removed ""north"" in the azimuth column and kept it ""empty"" because the gradient is ""latitude"" for this data, not horizontal.",Dai
1,entire_japan,Japan,Japan,species,Nerita helicinoides,Animalia,Mollusca,Gastropoda,Cycloneritida,Neritidae,Nerita,marine,marine,resurvey,latitude,leading edge,abundance_density,abundance,1978,1978,1978,1978,2006,2006,2006,2006,28,28,7,0,km/year,NA,no,no,yes,yes,"sea current, species interaction, ultraviolet radiation, salinity",stated,en,E0407,Kurihara et al. 2011,10.1007/s00227-011-1717-4,"Kurihara, T; Takami, H; Kosuge, T; Chiba, S; Iseda, M; Sasaki, T",Area-specific temporal changes of species composition and species-specific range shifts in rocky-shore mollusks associated with warming kuroshio current,2011,Marine Biology,"Fig. 3, 5, 6, ESM4",the shift was stated in fig. 5 and esm4 for each species showing long term trend value.,NA,na,"removed ""north"" in the azimuth column and kept it ""empty"" because the gradient is ""latitude"" for this data, not horizontal.",Dai
1,entire_japan,Japan,Japan,species,Nerita albicilla,Animalia,Mollusca,Gastropoda,Cycloneritida,Neritidae,Nerita,marine,marine,resurvey,latitude,leading edge,abundance_density,abundance,1978,1978,1978,1978,2006,2006,2006,2006,28,28,7,3.475944582797227,km/year,NA,no,no,yes,yes,"sea current, species interaction, ultraviolet radiation, salinity",stated,en,E0407,Kurihara et al. 2011,10.1007/s00227-011-1717-4,"Kurihara, T; Takami, H; Kosuge, T; Chiba, S; Iseda, M; Sasaki, T",Area-specific temporal changes of species composition and species-specific range shifts in rocky-shore mollusks associated with warming kuroshio current,2011,Marine Biology,"Fig. 3, 5, 6, ESM4",the shift was stated in fig. 5 and esm4 for each species showing long term trend value.,NA,na,"removed ""north"" in the azimuth column and kept it ""empty"" because the gradient is ""latitude"" for this data, not horizontal.",Dai
1,entire_japan,Japan,Japan,species,Montfortia picta,Animalia,Mollusca,Gastropoda,Lepetellida,Fissurellidae,Montfortia,marine,marine,resurvey,latitude,leading edge,abundance_density,abundance,1978,1978,1978,1978,2006,2006,2006,2006,28,28,7,2.2603016351997494,km/year,NA,no,no,yes,yes,"sea current, species interaction, ultraviolet radiation, salinity",stated,en,E0407,Kurihara et al. 2011,10.1007/s00227-011-1717-4,"Kurihara, T; Takami, H; Kosuge, T; Chiba, S; Iseda, M; Sasaki, T",Area-specific temporal changes of species composition and species-specific range shifts in rocky-shore mollusks associated with warming kuroshio current,2011,Marine Biology,"Fig. 3, 5, 6, ESM4",the shift was stated in fig. 5 and esm4 for each species showing long term trend value.,NA,na,"removed ""north"" in the azimuth column and kept it ""empty"" because the gradient is ""latitude"" for this data, not horizontal.",Dai
1,entire_japan,Japan,Japan,species,Echininus cumingii spinulosus,Animalia,Mollusca,Gastropoda,Littorinimorpha,Littorinidae,Echininus,marine,marine,resurvey,latitude,leading edge,abundance_density,abundance,1978,1978,1978,1978,2006,2006,2006,2006,28,28,7,0,km/year,NA,no,no,yes,yes,"sea current, species interaction, ultraviolet radiation, salinity",stated,en,E0407,Kurihara et al. 2011,10.1007/s00227-011-1717-4,"Kurihara, T; Takami, H; Kosuge, T; Chiba, S; Iseda, M; Sasaki, T",Area-specific temporal changes of species composition and species-specific range shifts in rocky-shore mollusks associated with warming kuroshio current,2011,Marine Biology,"Fig. 3, 5, 6, ESM4",the shift was stated in fig. 5 and esm4 for each species showing long term trend value.,NA,na,"removed ""north"" in the azimuth column and kept it ""empty"" because the gradient is ""latitude"" for this data, not horizontal.",Dai
1,entire_japan,Japan,Japan,species,Nodilittorina trochoides,Animalia,Mollusca,Gastropoda,Littorinimorpha,Littorinidae,Nodilittorina,marine,marine,resurvey,latitude,leading edge,abundance_density,abundance,1978,1978,1978,1978,2006,2006,2006,2006,28,28,7,2.2603016351997494,km/year,NA,no,no,yes,yes,"sea current, species interaction, ultraviolet radiation, salinity",stated,en,E0407,Kurihara et al. 2011,10.1007/s00227-011-1717-4,"Kurihara, T; Takami, H; Kosuge, T; Chiba, S; Iseda, M; Sasaki, T",Area-specific temporal changes of species composition and species-specific range shifts in rocky-shore mollusks associated with warming kuroshio current,2011,Marine Biology,"Fig. 3, 5, 6, ESM4",the shift was stated in fig. 5 and esm4 for each species showing long term trend value.,NA,na,"removed ""north"" in the azimuth column and kept it ""empty"" because the gradient is ""latitude"" for this data, not horizontal.",Dai
1,entire_japan,Japan,Japan,species,Serpulorbis imbricatus,Animalia,Mollusca,Gastropoda,Littorinimorpha,Vermetidae,Serpulorbis,marine,marine,resurvey,latitude,leading edge,abundance_density,abundance,1978,1978,1978,1978,2006,2006,2006,2006,28,28,7,-7.901679161369229,km/year,NA,no,no,yes,yes,"sea current, species interaction, ultraviolet radiation, salinity",stated,en,E0407,Kurihara et al. 2011,10.1007/s00227-011-1717-4,"Kurihara, T; Takami, H; Kosuge, T; Chiba, S; Iseda, M; Sasaki, T",Area-specific temporal changes of species composition and species-specific range shifts in rocky-shore mollusks associated with warming kuroshio current,2011,Marine Biology,"Fig. 3, 5, 6, ESM4",the shift was stated in fig. 5 and esm4 for each species showing long term trend value.,NA,na,"removed ""north"" in the azimuth column and kept it ""empty"" because the gradient is ""latitude"" for this data, not horizontal.",Dai
1,entire_japan,Japan,Japan,species,Patelloida saccharina lanx,Animalia,Mollusca,Gastropoda,Nacellida,Lottiidae,Patelloida,marine,marine,resurvey,latitude,leading edge,abundance_density,abundance,1978,1978,1978,1978,2006,2006,2006,2006,28,28,7,0,km/year,NA,no,no,yes,yes,"sea current, species interaction, ultraviolet radiation, salinity",stated,en,E0407,Kurihara et al. 2011,10.1007/s00227-011-1717-4,"Kurihara, T; Takami, H; Kosuge, T; Chiba, S; Iseda, M; Sasaki, T",Area-specific temporal changes of species composition and species-specific range shifts in rocky-shore mollusks associated with warming kuroshio current,2011,Marine Biology,"Fig. 3, 5, 6, ESM4",the shift was stated in fig. 5 and esm4 for each species showing long term trend value.,NA,na,"removed ""north"" in the azimuth column and kept it ""empty"" because the gradient is ""latitude"" for this data, not horizontal.",Dai
1,entire_japan,Japan,Japan,species,Cellana nigrolineata,Animalia,Mollusca,Gastropoda,Nacellida,Nacellidae,Cellana,marine,marine,resurvey,latitude,leading edge,abundance_density,abundance,1978,1978,1978,1978,2006,2006,2006,2006,28,28,7,-0.8687103644106152,km/year,NA,no,no,yes,yes,"sea current, species interaction, ultraviolet radiation, salinity",stated,en,E0407,Kurihara et al. 2011,10.1007/s00227-011-1717-4,"Kurihara, T; Takami, H; Kosuge, T; Chiba, S; Iseda, M; Sasaki, T",Area-specific temporal changes of species composition and species-specific range shifts in rocky-shore mollusks associated with warming kuroshio current,2011,Marine Biology,"Fig. 3, 5, 6, ESM4",the shift was stated in fig. 5 and esm4 for each species showing long term trend value.,NA,na,"removed ""north"" in the azimuth column and kept it ""empty"" because the gradient is ""latitude"" for this data, not horizontal.",Dai
1,entire_japan,Japan,Japan,species,Conus ebraeus,Animalia,Mollusca,Gastropoda,Neogastropoda,Conidae,Conus,marine,marine,resurvey,latitude,leading edge,abundance_density,abundance,1978,1978,1978,1978,2006,2006,2006,2006,28,28,7,0,km/year,NA,no,no,yes,yes,"sea current, species interaction, ultraviolet radiation, salinity",stated,en,E0407,Kurihara et al. 2011,10.1007/s00227-011-1717-4,"Kurihara, T; Takami, H; Kosuge, T; Chiba, S; Iseda, M; Sasaki, T",Area-specific temporal changes of species composition and species-specific range shifts in rocky-shore mollusks associated with warming kuroshio current,2011,Marine Biology,"Fig. 3, 5, 6, ESM4",the shift was stated in fig. 5 and esm4 for each species showing long term trend value.,NA,na,"removed ""north"" in the azimuth column and kept it ""empty"" because the gradient is ""latitude"" for this data, not horizontal.",Dai
1,entire_japan,Japan,Japan,species,Strigatella retusa,Animalia,Mollusca,Gastropoda,Neogastropoda,Mitridae,Strigatella,marine,marine,resurvey,latitude,leading edge,abundance_density,abundance,1978,1978,1978,1978,2006,2006,2006,2006,28,28,7,0,km/year,NA,no,no,yes,yes,"sea current, species interaction, ultraviolet radiation, salinity",stated,en,E0407,Kurihara et al. 2011,10.1007/s00227-011-1717-4,"Kurihara, T; Takami, H; Kosuge, T; Chiba, S; Iseda, M; Sasaki, T",Area-specific temporal changes of species composition and species-specific range shifts in rocky-shore mollusks associated with warming kuroshio current,2011,Marine Biology,"Fig. 3, 5, 6, ESM4",the shift was stated in fig. 5 and esm4 for each species showing long term trend value.,NA,na,"removed ""north"" in the azimuth column and kept it ""empty"" because the gradient is ""latitude"" for this data, not horizontal.",Dai
1,entire_japan,Japan,Japan,species,Strigatella paupercula,Animalia,Mollusca,Gastropoda,Neogastropoda,Mitridae,Strigatella,marine,marine,resurvey,latitude,leading edge,abundance_density,abundance,1978,1978,1978,1978,2006,2006,2006,2006,28,28,7,0,km/year,NA,no,no,yes,yes,"sea current, species interaction, ultraviolet radiation, salinity",stated,en,E0407,Kurihara et al. 2011,10.1007/s00227-011-1717-4,"Kurihara, T; Takami, H; Kosuge, T; Chiba, S; Iseda, M; Sasaki, T",Area-specific temporal changes of species composition and species-specific range shifts in rocky-shore mollusks associated with warming kuroshio current,2011,Marine Biology,"Fig. 3, 5, 6, ESM4",the shift was stated in fig. 5 and esm4 for each species showing long term trend value.,NA,na,"removed ""north"" in the azimuth column and kept it ""empty"" because the gradient is ""latitude"" for this data, not horizontal.",Dai
1,entire_japan,Japan,Japan,species,Strigatella litterata,Animalia,Mollusca,Gastropoda,Neogastropoda,Mitridae,Strigatella,marine,marine,resurvey,latitude,leading edge,abundance_density,abundance,1978,1978,1978,1978,2006,2006,2006,2006,28,28,7,0,km/year,NA,no,no,yes,yes,"sea current, species interaction, ultraviolet radiation, salinity",stated,en,E0407,Kurihara et al. 2011,10.1007/s00227-011-1717-4,"Kurihara, T; Takami, H; Kosuge, T; Chiba, S; Iseda, M; Sasaki, T",Area-specific temporal changes of species composition and species-specific range shifts in rocky-shore mollusks associated with warming kuroshio current,2011,Marine Biology,"Fig. 3, 5, 6, ESM4",the shift was stated in fig. 5 and esm4 for each species showing long term trend value.,NA,na,"removed ""north"" in the azimuth column and kept it ""empty"" because the gradient is ""latitude"" for this data, not horizontal.",Dai
1,entire_japan,Japan,Japan,species,Arakawania granulata,Animalia,Mollusca,Gastropoda,Neogastropoda,Muricidae,Arakawania,marine,marine,resurvey,latitude,leading edge,abundance_density,abundance,1978,1978,1978,1978,2006,2006,2006,2006,28,28,7,0,km/year,NA,no,no,yes,yes,"sea current, species interaction, ultraviolet radiation, salinity",stated,en,E0407,Kurihara et al. 2011,10.1007/s00227-011-1717-4,"Kurihara, T; Takami, H; Kosuge, T; Chiba, S; Iseda, M; Sasaki, T",Area-specific temporal changes of species composition and species-specific range shifts in rocky-shore mollusks associated with warming kuroshio current,2011,Marine Biology,"Fig. 3, 5, 6, ESM4",the shift was stated in fig. 5 and esm4 for each species showing long term trend value.,NA,na,"removed ""north"" in the azimuth column and kept it ""empty"" because the gradient is ""latitude"" for this data, not horizontal.",Dai
1,entire_japan,Japan,Japan,species,Engina mendicaria,Animalia,Mollusca,Gastropoda,Neogastropoda,Pisaniidae,Engina,marine,marine,resurvey,latitude,leading edge,abundance_density,abundance,1978,1978,1978,1978,2006,2006,2006,2006,28,28,7,0,km/year,NA,no,no,yes,yes,"sea current, species interaction, ultraviolet radiation, salinity",stated,en,E0407,Kurihara et al. 2011,10.1007/s00227-011-1717-4,"Kurihara, T; Takami, H; Kosuge, T; Chiba, S; Iseda, M; Sasaki, T",Area-specific temporal changes of species composition and species-specific range shifts in rocky-shore mollusks associated with warming kuroshio current,2011,Marine Biology,"Fig. 3, 5, 6, ESM4",the shift was stated in fig. 5 and esm4 for each species showing long term trend value.,NA,na,"removed ""north"" in the azimuth column and kept it ""empty"" because the gradient is ""latitude"" for this data, not horizontal.",Dai
1,entire_japan,Japan,Japan,species,Siphonaria laciniosa,Animalia,Mollusca,Gastropoda,Siphonariida,Siphonariidae,Siphonaria,marine,marine,resurvey,latitude,leading edge,abundance_density,abundance,1978,1978,1978,1978,2006,2006,2006,2006,28,28,7,0,km/year,NA,no,no,yes,yes,"sea current, species interaction, ultraviolet radiation, salinity",stated,en,E0407,Kurihara et al. 2011,10.1007/s00227-011-1717-4,"Kurihara, T; Takami, H; Kosuge, T; Chiba, S; Iseda, M; Sasaki, T",Area-specific temporal changes of species composition and species-specific range shifts in rocky-shore mollusks associated with warming kuroshio current,2011,Marine Biology,"Fig. 3, 5, 6, ESM4",the shift was stated in fig. 5 and esm4 for each species showing long term trend value.,NA,na,"removed ""north"" in the azimuth column and kept it ""empty"" because the gradient is ""latitude"" for this data, not horizontal.",Dai
1,entire_japan,Japan,Japan,species,Pictodiloma suavis,Animalia,Mollusca,Gastropoda,Trochida,Trochidae,Pictodiloma,marine,marine,resurvey,latitude,leading edge,abundance_density,abundance,1978,1978,1978,1978,2006,2006,2006,2006,28,28,7,10.132748003795141,km/year,NA,no,no,yes,yes,"sea current, species interaction, ultraviolet radiation, salinity",stated,en,E0407,Kurihara et al. 2011,10.1007/s00227-011-1717-4,"Kurihara, T; Takami, H; Kosuge, T; Chiba, S; Iseda, M; Sasaki, T",Area-specific temporal changes of species composition and species-specific range shifts in rocky-shore mollusks associated with warming kuroshio current,2011,Marine Biology,"Fig. 3, 5, 6, ESM4",the shift was stated in fig. 5 and esm4 for each species showing long term trend value.,NA,na,"removed ""north"" in the azimuth column and kept it ""empty"" because the gradient is ""latitude"" for this data, not horizontal.",Dai
1,entire_japan,Japan,Japan,species,Turbo stenogyrus,Animalia,Mollusca,Gastropoda,Trochida,Turbinidae,Turbo,marine,marine,resurvey,latitude,leading edge,abundance_density,abundance,1978,1978,1978,1978,2006,2006,2006,2006,28,28,7,13.233078769237803,km/year,NA,no,no,yes,yes,"sea current, species interaction, ultraviolet radiation, salinity",stated,en,E0407,Kurihara et al. 2011,10.1007/s00227-011-1717-4,"Kurihara, T; Takami, H; Kosuge, T; Chiba, S; Iseda, M; Sasaki, T",Area-specific temporal changes of species composition and species-specific range shifts in rocky-shore mollusks associated with warming kuroshio current,2011,Marine Biology,"Fig. 3, 5, 6, ESM4",the shift was stated in fig. 5 and esm4 for each species showing long term trend value.,NA,na,"removed ""north"" in the azimuth column and kept it ""empty"" because the gradient is ""latitude"" for this data, not horizontal.",Dai
1,subprefectural,Shizuoka,Mt.Fuji,species,Alnus maximowiczii,Plantae,Tracheophyta,Magnoliopsida,Fagales,Betulaceae,Alnus,alpine,terrestrial,resurvey,elevation,leading edge,abundance,abundance,1978,1978,1978,1978,1999,1999,1999,1999,21,21,2,0.38038403767303997,m/year,NA,no,na,no,no,volcanic recovery,estimated,en,E_saki1,Sakio & Masuzawa 2012,https://doi.org/10.1007/s10265-011-0465-3,Sakio & Masuzawa,The advancing timberline on Mt. Fuji: natural recovery or climate change?,2012,Journal of Plant Research,Fig. 4,the shift represents change in abundance-weighted mean elevation calculated based on values shown in figure 4. values for plots 1-13 were used. significance testing was not conducted because it is not possible with this type of data sampling.,NA,na,"corrected notes ""1-13""",Sakiyama
1,subprefectural,Shizuoka,Mt.Fuji,species,Salix reinii,Plantae,Tracheophyta,Magnoliopsida,Malpighiales,Salicaceae,Salix,alpine,terrestrial,resurvey,elevation,leading edge,abundance,abundance,1978,1978,1978,1978,1999,1999,1999,1999,21,21,2,-0.3835978835978833,m/year,NA,no,na,no,no,volcanic recovery,estimated,en,E_saki1,Sakio & Masuzawa 2012,https://doi.org/10.1007/s10265-011-0465-3,Sakio & Masuzawa,The advancing timberline on Mt. Fuji: natural recovery or climate change?,2012,Journal of Plant Research,Fig. 4,the shift represents change in abundance-weighted mean elevation calculated based on values shown in figure 4. values for plots 1-13 were used. significance testing was not conducted because it is not possible with this type of data sampling.,NA,na,na,Sakiyama
1,subprefectural,Shizuoka,Mt.Fuji,species,Abies veitchii,Plantae,Tracheophyta,Pinopsida,Pinales,Pinaceae,Abies,alpine,terrestrial,resurvey,elevation,leading edge,abundance,abundance,1978,1978,1978,1978,1999,1999,1999,1999,21,21,2,0.011337868480725571,m/year,NA,no,na,no,no,volcanic recovery,estimated,en,E_saki1,Sakio & Masuzawa 2012,https://doi.org/10.1007/s10265-011-0465-3,Sakio & Masuzawa,The advancing timberline on Mt. Fuji: natural recovery or climate change?,2012,Journal of Plant Research,Fig. 4,the shift represents change in abundance-weighted mean elevation calculated based on values shown in figure 4. values for plots 1-13 were used. significance testing was not conducted because it is not possible with this type of data sampling.,NA,na,"corrected notes ""1-13""",Sakiyama
1,subprefectural,Shizuoka,Mt.Fuji,species,Larix kaempferi,Plantae,Tracheophyta,Pinopsida,Pinales,Pinaceae,Larix,alpine,terrestrial,resurvey,elevation,leading edge,abundance,abundance,1978,1978,1978,1978,1999,1999,1999,1999,21,21,2,0.6078972724827905,m/year,NA,no,na,no,no,volcanic recovery,estimated,en,E_saki1,Sakio & Masuzawa 2012,https://doi.org/10.1007/s10265-011-0465-3,Sakio & Masuzawa,The advancing timberline on Mt. Fuji: natural recovery or climate change?,2012,Journal of Plant Research,Fig. 4,the shift represents change in abundance-weighted mean elevation calculated based on values shown in figure 4. values for plots 1-13 were used. significance testing was not conducted because it is not possible with this type of data sampling.,NA,na,"corrected notes ""1-13""",Sakiyama
1,subprefectural,Shizuoka,Mt.Fuji,species,Picea jezoensis,Plantae,Tracheophyta,Pinopsida,Pinales,Pinaceae,Picea,alpine,terrestrial,resurvey,elevation,leading edge,abundance,abundance,1978,1978,1978,1978,1999,1999,1999,1999,21,21,2,0.5860805860805857,m/year,NA,no,na,no,no,volcanic recovery,estimated,en,E_saki1,Sakio & Masuzawa 2012,https://doi.org/10.1007/s10265-011-0465-3,Sakio & Masuzawa,The advancing timberline on Mt. Fuji: natural recovery or climate change?,2012,Journal of Plant Research,Fig. 4,the shift represents change in abundance-weighted mean elevation calculated based on values shown in figure 4. values for plots 1-13 were used. significance testing was not conducted because it is not possible with this type of data sampling.,NA,na,"corrected notes ""1-13""",Sakiyama
1,regional,Hokkaido,Hokkaido,species,Ochotona hyperborea,Animalia,Chordata,Mammalia,Lagomorpha,Ochotonidae,Ochotona,"forest, alpine",terrestrial,resurvey,elevation,centroid,occurrence,occurrence,1960-2010,1960,2010,1985,2021-2023,2021,2023,2022,37,37,2,4.594594594594595,m/year,NA,yes,no,no,yes,"human activity, species interaction, land use",stated,en,E0434,Sakiyama 2024,https://eprints.lib.hokudai.ac.jp/dspace/bitstream/2115/94024/1/SAKIYAMA_Tomoki.pdf,T Sakiyama,The role of microclimate in maintaining species distribution under climate change: a case study of the northern pika,2024,PhD dissertation,"Fig. 3-2, S5-1, Main text",resurvey of the past elevational plots,NA,na,entered taxonomic unit_revised column,Dai
1,subprefectural,Aomori,Hakkoda Mountains,species,Abies mariesii,Plantae,Tracheophyta,Pinopsida,Pinales,Pinaceae,Abies,subalpine,terrestrial,remote sensing,elevation,centroid,abundance,abundance,1967,1967,1967,1967,2003,2003,2003,2003,36,36,2,0.5555555555555556,m/year,NA,no,na,no,no,distance from moorland,stated,en,E0267,Shimazaki et al. 2011,10.1111/j.1365-2486.2011.02491.x,"Shimazaki, M; Sasaki, T; Hikosaka, K; Nakashizuka, T",Environmental dependence of population dynamics and height growth of a subalpine conifer across its vertical distribution: an approach using high-resolution aerial photographs,2011,Global Change Biology,"Table 1, Text",na,NA,na,"data entry for position column was edited to centroid from average. this is because the study covers largely the entire elevational limit that abies mariesii is found in. the species is found from above 1000m and the study used aerial photographs that covers this lower limit to higher limit. so the position could be considered centroid in the elevational gradient. /// although remote sensing analysis not conducted in a census style like field resurveys, number of censuses was edited from 1 to 2 considering that the census was conducted on the start and end year.",Hitomi
1,regional,Kii,Kii,species,Nezara viridula,Animalia,Arthropoda,Insecta,Hemiptera,Pentatomidae,Nezara,terrestrial,terrestrial,resurvey,latitude,leading edge,occurrence,occurrence,1960-1962,1960,1962,1961,1999-2007,1999,2007,2003,42,42,2,2.0238095238095237,km/year,NA,no,na,no,no,species interaction,stated,en,E0400,Tougou et al. 2009,10.1111/j.1570-7458.2008.00818.x,"Tougou, D; Musolin, DL; Fujisaki, K",Some like it hot! Rapid climate change promotes changes in distribution ranges of nezara viridula and nezara antennata in japan,2009,Entomologia Experimentalis et Applicata,"Abstract, Fig. 2",na,NA,na,na,Dai
1,sub_japan,Sea of Japan,central-western sector,species,Squalus acanthias,Animalia,Chordata,Elasmobranchii,Squaliformes,Squalidae,Squalus,marine,marine,fishery statistics,horizontal,centroid,abundance_cpue,abundance,1977–1988,1977,1988,1982.5,1989–2002,1989,2002,1995.5,na,13,NA,9.509606465993649,km/year,23.44486959179966,NA,NA,NA,NA,NA,NA,en,E1585,Tu et al. 2015,10.1111/fog.12101,"Tu, CY; Tian, YJ; Hsieh, CH",Effects of climate on temporal variation in the abundance and distribution of the demersal fish assemblage in the tsushima warm current region of the japan sea,2015,Fisheries Oceanography,Fig. 3,NA,NA,magnitude and azimuth of the horizontal shift estimated by combining latitude and longitude shift observations,NA,NA
1,sub_japan,Sea of Japan,central-western sector,species,Glossanodon semifasciatus,Animalia,Chordata,Teleostei,Argentiniformes,Argentinidae,Glossanodon,marine,marine,fishery statistics,horizontal,centroid,abundance_cpue,abundance,1977–1988,1977,1988,1982.5,1989–2002,1989,2002,1995.5,na,13,NA,6.540787167236083,km/year,62.76129393689996,NA,NA,NA,NA,NA,NA,en,E1585,Tu et al. 2015,10.1111/fog.12101,"Tu, CY; Tian, YJ; Hsieh, CH",Effects of climate on temporal variation in the abundance and distribution of the demersal fish assemblage in the tsushima warm current region of the japan sea,2015,Fisheries Oceanography,Fig. 3,NA,NA,magnitude and azimuth of the horizontal shift estimated by combining latitude and longitude shift observations,NA,NA
1,sub_japan,Sea of Japan,central-western sector,species,Dentex tumifrons,Animalia,Chordata,Teleostei,Eupercaria incertae sedis,Sparidae,Dentex,marine,marine,fishery statistics,horizontal,centroid,abundance_cpue,abundance,1977–1988,1977,1988,1982.5,1989–2002,1989,2002,1995.5,na,13,NA,1.9883451493734594,km/year,61.75793945571985,NA,NA,NA,NA,NA,NA,en,E1585,Tu et al. 2015,10.1111/fog.12101,"Tu, CY; Tian, YJ; Hsieh, CH",Effects of climate on temporal variation in the abundance and distribution of the demersal fish assemblage in the tsushima warm current region of the japan sea,2015,Fisheries Oceanography,Fig. 3,NA,NA,magnitude and azimuth of the horizontal shift estimated by combining latitude and longitude shift observations,NA,NA
1,sub_japan,Sea of Japan,central-western sector,species,Evynnis tumifrons,Animalia,Chordata,Teleostei,Eupercaria incertae sedis,Sparidae,Evynnis,marine,marine,fishery statistics,horizontal,centroid,abundance_cpue,abundance,1977–1988,1977,1988,1982.5,1989–2002,1989,2002,1995.5,na,13,NA,1.769761508454859,km/year,203.32245176000106,NA,NA,NA,NA,NA,NA,en,E1585,Tu et al. 2015,10.1111/fog.12101,"Tu, CY; Tian, YJ; Hsieh, CH",Effects of climate on temporal variation in the abundance and distribution of the demersal fish assemblage in the tsushima warm current region of the japan sea,2015,Fisheries Oceanography,Fig. 3,NA,NA,magnitude and azimuth of the horizontal shift estimated by combining latitude and longitude shift observations,NA,NA
1,sub_japan,Sea of Japan,central-western sector,species,Pagrus major,Animalia,Chordata,Teleostei,Eupercaria incertae sedis,Sparidae,Pagrus,marine,marine,fishery statistics,horizontal,centroid,abundance_cpue,abundance,1977–1988,1977,1988,1982.5,1989–2002,1989,2002,1995.5,na,13,NA,3.5084831030099766,km/year,208.63901399362464,NA,NA,NA,NA,NA,NA,en,E1585,Tu et al. 2015,10.1111/fog.12101,"Tu, CY; Tian, YJ; Hsieh, CH",Effects of climate on temporal variation in the abundance and distribution of the demersal fish assemblage in the tsushima warm current region of the japan sea,2015,Fisheries Oceanography,Fig. 3,NA,NA,magnitude and azimuth of the horizontal shift estimated by combining latitude and longitude shift observations,NA,NA
1,sub_japan,Sea of Japan,central-western sector,species,Gadus macrocephalus,Animalia,Chordata,Teleostei,Gadiformes,Gadidae,Gadus,marine,marine,fishery statistics,horizontal,centroid,abundance_cpue,abundance,1977–1988,1977,1988,1982.5,1989–2002,1989,2002,1995.5,na,13,NA,10.317534612342067,km/year,43.84234252661247,NA,NA,NA,NA,NA,NA,en,E1585,Tu et al. 2015,10.1111/fog.12101,"Tu, CY; Tian, YJ; Hsieh, CH",Effects of climate on temporal variation in the abundance and distribution of the demersal fish assemblage in the tsushima warm current region of the japan sea,2015,Fisheries Oceanography,Fig. 3,NA,NA,magnitude and azimuth of the horizontal shift estimated by combining latitude and longitude shift observations,NA,NA
1,sub_japan,Sea of Japan,central-western sector,species,Gadus chalcogrammus,Animalia,Chordata,Teleostei,Gadiformes,Gadidae,Gadus,marine,marine,fishery statistics,horizontal,centroid,abundance_cpue,abundance,1977–1988,1977,1988,1982.5,1989–2002,1989,2002,1995.5,na,13,NA,18.43865589921388,km/year,48.79769106516517,NA,NA,NA,NA,NA,NA,en,E1585,Tu et al. 2015,10.1111/fog.12101,"Tu, CY; Tian, YJ; Hsieh, CH",Effects of climate on temporal variation in the abundance and distribution of the demersal fish assemblage in the tsushima warm current region of the japan sea,2015,Fisheries Oceanography,Fig. 3,NA,NA,magnitude and azimuth of the horizontal shift estimated by combining latitude and longitude shift observations,NA,NA
1,sub_japan,Sea of Japan,central-western sector,species,Pleurogrammus azonus,Animalia,Chordata,Teleostei,Perciformes,Hexagrammidae,Pleurogrammus,marine,marine,fishery statistics,horizontal,centroid,abundance_cpue,abundance,1977–1988,1977,1988,1982.5,1989–2002,1989,2002,1995.5,na,13,NA,6.504795647843131,km/year,214.06362826836542,NA,NA,NA,NA,NA,NA,en,E1585,Tu et al. 2015,10.1111/fog.12101,"Tu, CY; Tian, YJ; Hsieh, CH",Effects of climate on temporal variation in the abundance and distribution of the demersal fish assemblage in the tsushima warm current region of the japan sea,2015,Fisheries Oceanography,Fig. 3,NA,NA,magnitude and azimuth of the horizontal shift estimated by combining latitude and longitude shift observations,NA,NA
1,sub_japan,Sea of Japan,central-western sector,species,Arctoscopus japonicus,Animalia,Chordata,Teleostei,Perciformes,Trichodontidae,Arctoscopus,marine,marine,fishery statistics,horizontal,centroid,abundance_cpue,abundance,1977–1988,1977,1988,1982.5,1989–2002,1989,2002,1995.5,na,13,NA,9.982484894657407,km/year,61.325441469414386,NA,NA,NA,NA,NA,NA,en,E1585,Tu et al. 2015,10.1111/fog.12101,"Tu, CY; Tian, YJ; Hsieh, CH",Effects of climate on temporal variation in the abundance and distribution of the demersal fish assemblage in the tsushima warm current region of the japan sea,2015,Fisheries Oceanography,Fig. 3,NA,NA,magnitude and azimuth of the horizontal shift estimated by combining latitude and longitude shift observations,NA,NA
1,sub_japan,Sea of Japan,central-western sector,species,Lepidotrigla microptera,Animalia,Chordata,Teleostei,Perciformes,Triglidae,Lepidotrigla,marine,marine,fishery statistics,horizontal,centroid,abundance_cpue,abundance,1977–1988,1977,1988,1982.5,1989–2002,1989,2002,1995.5,na,13,NA,6.186674957374807,km/year,233.5229140378429,NA,NA,NA,NA,NA,NA,en,E1585,Tu et al. 2015,10.1111/fog.12101,"Tu, CY; Tian, YJ; Hsieh, CH",Effects of climate on temporal variation in the abundance and distribution of the demersal fish assemblage in the tsushima warm current region of the japan sea,2015,Fisheries Oceanography,Fig. 3,NA,NA,magnitude and azimuth of the horizontal shift estimated by combining latitude and longitude shift observations,NA,NA
1,sub_japan,Sea of Japan,central-western sector,species,Paralichthys olivaceus,Animalia,Chordata,Teleostei,Pleuronectiformes,Paralichthyidae,Paralichthys,marine,marine,fishery statistics,horizontal,centroid,abundance_cpue,abundance,1977–1988,1977,1988,1982.5,1989–2002,1989,2002,1995.5,na,13,NA,8.059675345222873,km/year,216.2386398908843,NA,NA,NA,NA,NA,NA,en,E1585,Tu et al. 2015,10.1111/fog.12101,"Tu, CY; Tian, YJ; Hsieh, CH",Effects of climate on temporal variation in the abundance and distribution of the demersal fish assemblage in the tsushima warm current region of the japan sea,2015,Fisheries Oceanography,Fig. 3,NA,NA,magnitude and azimuth of the horizontal shift estimated by combining latitude and longitude shift observations,NA,NA
1,sub_japan,Sea of Japan,central-western sector,species,Cleisthenes pinetorum,Animalia,Chordata,Teleostei,Pleuronectiformes,Pleuronectidae,Cleisthenes,marine,marine,fishery statistics,horizontal,centroid,abundance_cpue,abundance,1977–1988,1977,1988,1982.5,1989–2002,1989,2002,1995.5,na,13,NA,2.403078889286383,km/year,57.73024644904666,NA,NA,NA,NA,NA,NA,en,E1585,Tu et al. 2015,10.1111/fog.12101,"Tu, CY; Tian, YJ; Hsieh, CH",Effects of climate on temporal variation in the abundance and distribution of the demersal fish assemblage in the tsushima warm current region of the japan sea,2015,Fisheries Oceanography,Fig. 3,NA,NA,magnitude and azimuth of the horizontal shift estimated by combining latitude and longitude shift observations,NA,NA
1,sub_japan,Sea of Japan,central-western sector,species,Eopsetta grigorjewi,Animalia,Chordata,Teleostei,Pleuronectiformes,Pleuronectidae,Eopsetta,marine,marine,fishery statistics,horizontal,centroid,abundance_cpue,abundance,1977–1988,1977,1988,1982.5,1989–2002,1989,2002,1995.5,na,13,NA,6.517907698520496,km/year,226.96880499016802,NA,NA,NA,NA,NA,NA,en,E1585,Tu et al. 2015,10.1111/fog.12101,"Tu, CY; Tian, YJ; Hsieh, CH",Effects of climate on temporal variation in the abundance and distribution of the demersal fish assemblage in the tsushima warm current region of the japan sea,2015,Fisheries Oceanography,Fig. 3,NA,NA,magnitude and azimuth of the horizontal shift estimated by combining latitude and longitude shift observations,NA,NA
1,sub_japan,Sea of Japan,central-western sector,species,Glyptocephalus stelleri,Animalia,Chordata,Teleostei,Pleuronectiformes,Pleuronectidae,Glyptocephalus,marine,marine,fishery statistics,horizontal,centroid,abundance_cpue,abundance,1977–1988,1977,1988,1982.5,1989–2002,1989,2002,1995.5,na,13,NA,1.5178996444602855,km/year,51.694334876927655,NA,NA,NA,NA,NA,NA,en,E1585,Tu et al. 2015,10.1111/fog.12101,"Tu, CY; Tian, YJ; Hsieh, CH",Effects of climate on temporal variation in the abundance and distribution of the demersal fish assemblage in the tsushima warm current region of the japan sea,2015,Fisheries Oceanography,Fig. 3,NA,NA,magnitude and azimuth of the horizontal shift estimated by combining latitude and longitude shift observations,NA,NA
1,sub_japan,Sea of Japan,central-western sector,species,Hippoglossoides dubius,Animalia,Chordata,Teleostei,Pleuronectiformes,Pleuronectidae,Hippoglossoides,marine,marine,fishery statistics,horizontal,centroid,abundance_cpue,abundance,1977–1988,1977,1988,1982.5,1989–2002,1989,2002,1995.5,na,13,NA,2.52975593324678,km/year,66.06270209829614,NA,NA,NA,NA,NA,NA,en,E1585,Tu et al. 2015,10.1111/fog.12101,"Tu, CY; Tian, YJ; Hsieh, CH",Effects of climate on temporal variation in the abundance and distribution of the demersal fish assemblage in the tsushima warm current region of the japan sea,2015,Fisheries Oceanography,Fig. 3,NA,NA,magnitude and azimuth of the horizontal shift estimated by combining latitude and longitude shift observations,NA,NA
1,sub_japan,Sea of Japan,central-western sector,species,Microstomus achne,Animalia,Chordata,Teleostei,Pleuronectiformes,Pleuronectidae,Microstomus,marine,marine,fishery statistics,horizontal,centroid,abundance_cpue,abundance,1977–1988,1977,1988,1982.5,1989–2002,1989,2002,1995.5,na,13,NA,6.649648998204744,km/year,208.99225106423378,NA,NA,NA,NA,NA,NA,en,E1585,Tu et al. 2015,10.1111/fog.12101,"Tu, CY; Tian, YJ; Hsieh, CH",Effects of climate on temporal variation in the abundance and distribution of the demersal fish assemblage in the tsushima warm current region of the japan sea,2015,Fisheries Oceanography,Fig. 3,NA,NA,magnitude and azimuth of the horizontal shift estimated by combining latitude and longitude shift observations,NA,NA
1,sub_japan,Sea of Japan,central-western sector,species,Pseudopleuronectes herzensteini,Animalia,Chordata,Teleostei,Pleuronectiformes,Pleuronectidae,Pseudopleuronectes,marine,marine,fishery statistics,horizontal,centroid,abundance_cpue,abundance,1977–1988,1977,1988,1982.5,1989–2002,1989,2002,1995.5,na,13,NA,2.2765393568769716,km/year,230.30302814038632,NA,NA,NA,NA,NA,NA,en,E1585,Tu et al. 2015,10.1111/fog.12101,"Tu, CY; Tian, YJ; Hsieh, CH",Effects of climate on temporal variation in the abundance and distribution of the demersal fish assemblage in the tsushima warm current region of the japan sea,2015,Fisheries Oceanography,Fig. 3,NA,NA,magnitude and azimuth of the horizontal shift estimated by combining latitude and longitude shift observations,NA,NA
1,sub_japan,Sea of Japan,central-western sector,species,Tanakius kitaharae,Animalia,Chordata,Teleostei,Pleuronectiformes,Pleuronectidae,Tanakius,marine,marine,fishery statistics,horizontal,centroid,abundance_cpue,abundance,1977–1988,1977,1988,1982.5,1989–2002,1989,2002,1995.5,na,13,NA,1.2783105233256495,km/year,330.44219973272834,NA,NA,NA,NA,NA,NA,en,E1585,Tu et al. 2015,10.1111/fog.12101,"Tu, CY; Tian, YJ; Hsieh, CH",Effects of climate on temporal variation in the abundance and distribution of the demersal fish assemblage in the tsushima warm current region of the japan sea,2015,Fisheries Oceanography,Fig. 3,NA,NA,magnitude and azimuth of the horizontal shift estimated by combining latitude and longitude shift observations,NA,NA
1,sub_japan,Sea of Japan,central-western sector,species,Trichiurus japonicus,Animalia,Chordata,Teleostei,Scombriformes,Trichiuridae,Trichiurus,marine,marine,fishery statistics,horizontal,centroid,abundance_cpue,abundance,1977–1988,1977,1988,1982.5,1989–2002,1989,2002,1995.5,na,13,NA,2.095717958472566,km/year,75.82503389080051,NA,NA,NA,NA,NA,NA,en,E1585,Tu et al. 2015,10.1111/fog.12101,"Tu, CY; Tian, YJ; Hsieh, CH",Effects of climate on temporal variation in the abundance and distribution of the demersal fish assemblage in the tsushima warm current region of the japan sea,2015,Fisheries Oceanography,Fig. 3,NA,NA,magnitude and azimuth of the horizontal shift estimated by combining latitude and longitude shift observations,NA,NA
1,sub_japan,Sea of Japan,central-western sector,species,Squalus acanthias,Animalia,Chordata,Elasmobranchii,Squaliformes,Squalidae,Squalus,marine,marine,fishery statistics,latitude,centroid,abundance_cpue,abundance,1977–1988,1977,1988,1982.5,1989–2002,1989,2002,1995.5,na,13,NA,8.724525013649993,km/year,27.89727103094763,yes,yes,na,no,na,estimated,en,E1585,Tu et al. 2015,10.1111/fog.12101,"Tu, CY; Tian, YJ; Hsieh, CH",Effects of climate on temporal variation in the abundance and distribution of the demersal fish assemblage in the tsushima warm current region of the japan sea,2015,Fisheries Oceanography,Fig. 3,shifts estimated from fig. 3. the significance tested corresponds to the overall centroid shift not the lat/lon ones as stated in the paper. azimuths (bearings) calculated from the lat/lon shifts.,NA,na,na,Jorge
1,sub_japan,Sea of Japan,central-western sector,species,Glossanodon semifasciatus,Animalia,Chordata,Teleostei,Argentiniformes,Argentinidae,Glossanodon,marine,marine,fishery statistics,latitude,centroid,abundance_cpue,abundance,1977–1988,1977,1988,1982.5,1989–2002,1989,2002,1995.5,na,13,NA,2.99370956350735,km/year,67.13549187810035,yes,yes,na,no,na,estimated,en,E1585,Tu et al. 2015,10.1111/fog.12101,"Tu, CY; Tian, YJ; Hsieh, CH",Effects of climate on temporal variation in the abundance and distribution of the demersal fish assemblage in the tsushima warm current region of the japan sea,2015,Fisheries Oceanography,Fig. 3,shifts estimated from fig. 3. the significance tested corresponds to the overall centroid shift not the lat/lon ones as stated in the paper. azimuths (bearings) calculated from the lat/lon shifts.,NA,na,na,Jorge
1,sub_japan,Sea of Japan,central-western sector,species,Dentex tumifrons,Animalia,Chordata,Teleostei,Eupercaria incertae sedis,Sparidae,Dentex,marine,marine,fishery statistics,latitude,centroid,abundance_cpue,abundance,1977–1988,1977,1988,1982.5,1989–2002,1989,2002,1995.5,na,13,NA,0.9408801485308816,km/year,66.25050550713324,yes,yes,na,no,na,estimated,en,E1585,Tu et al. 2015,10.1111/fog.12101,"Tu, CY; Tian, YJ; Hsieh, CH",Effects of climate on temporal variation in the abundance and distribution of the demersal fish assemblage in the tsushima warm current region of the japan sea,2015,Fisheries Oceanography,Fig. 3,shifts estimated from fig. 3. the significance tested corresponds to the overall centroid shift not the lat/lon ones as stated in the paper. azimuths (bearings) calculated from the lat/lon shifts.,NA,na,na,Jorge
1,sub_japan,Sea of Japan,central-western sector,species,Evynnis tumifrons,Animalia,Chordata,Teleostei,Eupercaria incertae sedis,Sparidae,Evynnis,marine,marine,fishery statistics,latitude,centroid,abundance_cpue,abundance,1977–1988,1977,1988,1982.5,1989–2002,1989,2002,1995.5,na,13,NA,-1.6251566201897043,km/year,207.75854060106002,yes,yes,na,no,na,estimated,en,E1585,Tu et al. 2015,10.1111/fog.12101,"Tu, CY; Tian, YJ; Hsieh, CH",Effects of climate on temporal variation in the abundance and distribution of the demersal fish assemblage in the tsushima warm current region of the japan sea,2015,Fisheries Oceanography,Fig. 3,shifts estimated from fig. 3. the significance tested corresponds to the overall centroid shift not the lat/lon ones as stated in the paper. azimuths (bearings) calculated from the lat/lon shifts.,NA,na,na,Jorge
1,sub_japan,Sea of Japan,central-western sector,species,Pagrus major,Animalia,Chordata,Teleostei,Eupercaria incertae sedis,Sparidae,Pagrus,marine,marine,fishery statistics,latitude,centroid,abundance_cpue,abundance,1977–1988,1977,1988,1982.5,1989–2002,1989,2002,1995.5,na,13,NA,-3.0792441224647034,km/year,213.69006752597977,yes,yes,na,no,na,estimated,en,E1585,Tu et al. 2015,10.1111/fog.12101,"Tu, CY; Tian, YJ; Hsieh, CH",Effects of climate on temporal variation in the abundance and distribution of the demersal fish assemblage in the tsushima warm current region of the japan sea,2015,Fisheries Oceanography,Fig. 3,shifts estimated from fig. 3. the significance tested corresponds to the overall centroid shift not the lat/lon ones as stated in the paper. azimuths (bearings) calculated from the lat/lon shifts.,NA,na,na,Jorge
1,sub_japan,Sea of Japan,central-western sector,species,Gadus macrocephalus,Animalia,Chordata,Teleostei,Gadiformes,Gadidae,Gadus,marine,marine,fishery statistics,latitude,centroid,abundance_cpue,abundance,1977–1988,1977,1988,1982.5,1989–2002,1989,2002,1995.5,na,13,NA,7.441506629289701,km/year,49.53777250790665,yes,yes,na,no,na,estimated,en,E1585,Tu et al. 2015,10.1111/fog.12101,"Tu, CY; Tian, YJ; Hsieh, CH",Effects of climate on temporal variation in the abundance and distribution of the demersal fish assemblage in the tsushima warm current region of the japan sea,2015,Fisheries Oceanography,Fig. 3,shifts estimated from fig. 3. the significance tested corresponds to the overall centroid shift not the lat/lon ones as stated in the paper. azimuths (bearings) calculated from the lat/lon shifts.,NA,na,na,Jorge
1,sub_japan,Sea of Japan,central-western sector,species,Gadus chalcogrammus,Animalia,Chordata,Teleostei,Gadiformes,Gadidae,Gadus,marine,marine,fishery statistics,latitude,centroid,abundance_cpue,abundance,1977–1988,1977,1988,1982.5,1989–2002,1989,2002,1995.5,na,13,NA,12.145907371944107,km/year,54.35297925009325,yes,yes,na,no,na,estimated,en,E1585,Tu et al. 2015,10.1111/fog.12101,"Tu, CY; Tian, YJ; Hsieh, CH",Effects of climate on temporal variation in the abundance and distribution of the demersal fish assemblage in the tsushima warm current region of the japan sea,2015,Fisheries Oceanography,Fig. 3,shifts estimated from fig. 3. the significance tested corresponds to the overall centroid shift not the lat/lon ones as stated in the paper. azimuths (bearings) calculated from the lat/lon shifts.,NA,na,na,Jorge
1,sub_japan,Sea of Japan,central-western sector,species,Pleurogrammus azonus,Animalia,Chordata,Teleostei,Perciformes,Hexagrammidae,Pleurogrammus,marine,marine,fishery statistics,latitude,centroid,abundance_cpue,abundance,1977–1988,1977,1988,1982.5,1989–2002,1989,2002,1995.5,na,13,NA,-5.38867721431323,km/year,219.53615718676338,yes,yes,na,no,na,estimated,en,E1585,Tu et al. 2015,10.1111/fog.12101,"Tu, CY; Tian, YJ; Hsieh, CH",Effects of climate on temporal variation in the abundance and distribution of the demersal fish assemblage in the tsushima warm current region of the japan sea,2015,Fisheries Oceanography,Fig. 3,shifts estimated from fig. 3. the significance tested corresponds to the overall centroid shift not the lat/lon ones as stated in the paper. azimuths (bearings) calculated from the lat/lon shifts.,NA,na,na,Jorge
1,sub_japan,Sea of Japan,central-western sector,species,Arctoscopus japonicus,Animalia,Chordata,Teleostei,Perciformes,Trichodontidae,Arctoscopus,marine,marine,fishery statistics,latitude,centroid,abundance_cpue,abundance,1977–1988,1977,1988,1982.5,1989–2002,1989,2002,1995.5,na,13,NA,4.789935301611762,km/year,65.86762040541919,yes,no,na,no,na,estimated,en,E1585,Tu et al. 2015,10.1111/fog.12101,"Tu, CY; Tian, YJ; Hsieh, CH",Effects of climate on temporal variation in the abundance and distribution of the demersal fish assemblage in the tsushima warm current region of the japan sea,2015,Fisheries Oceanography,Fig. 3,shifts estimated from fig. 3. the significance tested corresponds to the overall centroid shift not the lat/lon ones as stated in the paper. azimuths (bearings) calculated from the lat/lon shifts.,NA,na,na,Jorge
1,sub_japan,Sea of Japan,central-western sector,species,Lepidotrigla microptera,Animalia,Chordata,Teleostei,Perciformes,Triglidae,Lepidotrigla,marine,marine,fishery statistics,latitude,centroid,abundance_cpue,abundance,1977–1988,1977,1988,1982.5,1989–2002,1989,2002,1995.5,na,13,NA,-3.6779860351661733,km/year,238.79948539601938,yes,no,na,no,na,estimated,en,E1585,Tu et al. 2015,10.1111/fog.12101,"Tu, CY; Tian, YJ; Hsieh, CH",Effects of climate on temporal variation in the abundance and distribution of the demersal fish assemblage in the tsushima warm current region of the japan sea,2015,Fisheries Oceanography,Fig. 3,shifts estimated from fig. 3. the significance tested corresponds to the overall centroid shift not the lat/lon ones as stated in the paper. azimuths (bearings) calculated from the lat/lon shifts.,NA,na,na,Jorge
1,sub_japan,Sea of Japan,central-western sector,species,Paralichthys olivaceus,Animalia,Chordata,Teleostei,Pleuronectiformes,Paralichthyidae,Paralichthys,marine,marine,fishery statistics,latitude,centroid,abundance_cpue,abundance,1977–1988,1977,1988,1982.5,1989–2002,1989,2002,1995.5,na,13,NA,-6.500626480758817,km/year,221.82016988013578,yes,yes,na,no,na,estimated,en,E1585,Tu et al. 2015,10.1111/fog.12101,"Tu, CY; Tian, YJ; Hsieh, CH",Effects of climate on temporal variation in the abundance and distribution of the demersal fish assemblage in the tsushima warm current region of the japan sea,2015,Fisheries Oceanography,Fig. 3,shifts estimated from fig. 3. the significance tested corresponds to the overall centroid shift not the lat/lon ones as stated in the paper. azimuths (bearings) calculated from the lat/lon shifts.,NA,na,na,Jorge
1,sub_japan,Sea of Japan,central-western sector,species,Cleisthenes pinetorum,Animalia,Chordata,Teleostei,Pleuronectiformes,Pleuronectidae,Cleisthenes,marine,marine,fishery statistics,latitude,centroid,abundance_cpue,abundance,1977–1988,1977,1988,1982.5,1989–2002,1989,2002,1995.5,na,13,NA,1.2830183843602931,km/year,62.65012421993012,yes,yes,na,no,na,estimated,en,E1585,Tu et al. 2015,10.1111/fog.12101,"Tu, CY; Tian, YJ; Hsieh, CH",Effects of climate on temporal variation in the abundance and distribution of the demersal fish assemblage in the tsushima warm current region of the japan sea,2015,Fisheries Oceanography,Fig. 3,shifts estimated from fig. 3. the significance tested corresponds to the overall centroid shift not the lat/lon ones as stated in the paper. azimuths (bearings) calculated from the lat/lon shifts.,NA,na,na,Jorge
1,sub_japan,Sea of Japan,central-western sector,species,Eopsetta grigorjewi,Animalia,Chordata,Teleostei,Pleuronectiformes,Pleuronectidae,Eopsetta,marine,marine,fishery statistics,latitude,centroid,abundance_cpue,abundance,1977–1988,1977,1988,1982.5,1989–2002,1989,2002,1995.5,na,13,NA,-4.44779706578235,km/year,232.59464336859145,yes,no,na,no,na,estimated,en,E1585,Tu et al. 2015,10.1111/fog.12101,"Tu, CY; Tian, YJ; Hsieh, CH",Effects of climate on temporal variation in the abundance and distribution of the demersal fish assemblage in the tsushima warm current region of the japan sea,2015,Fisheries Oceanography,Fig. 3,shifts estimated from fig. 3. the significance tested corresponds to the overall centroid shift not the lat/lon ones as stated in the paper. azimuths (bearings) calculated from the lat/lon shifts.,NA,na,na,Jorge
1,sub_japan,Sea of Japan,central-western sector,species,Glyptocephalus stelleri,Animalia,Chordata,Teleostei,Pleuronectiformes,Pleuronectidae,Glyptocephalus,marine,marine,fishery statistics,latitude,centroid,abundance_cpue,abundance,1977–1988,1977,1988,1982.5,1989–2002,1989,2002,1995.5,na,13,NA,0.9408801485308816,km/year,57.09475707701211,yes,yes,na,no,na,estimated,en,E1585,Tu et al. 2015,10.1111/fog.12101,"Tu, CY; Tian, YJ; Hsieh, CH",Effects of climate on temporal variation in the abundance and distribution of the demersal fish assemblage in the tsushima warm current region of the japan sea,2015,Fisheries Oceanography,Fig. 3,shifts estimated from fig. 3. the significance tested corresponds to the overall centroid shift not the lat/lon ones as stated in the paper. azimuths (bearings) calculated from the lat/lon shifts.,NA,na,na,Jorge
1,sub_japan,Sea of Japan,central-western sector,species,Hippoglossoides dubius,Animalia,Chordata,Teleostei,Pleuronectiformes,Pleuronectidae,Hippoglossoides,marine,marine,fishery statistics,latitude,centroid,abundance_cpue,abundance,1977–1988,1977,1988,1982.5,1989–2002,1989,2002,1995.5,na,13,NA,1.0264147074882344,km/year,70.01689347810003,yes,no,na,no,na,estimated,en,E1585,Tu et al. 2015,10.1111/fog.12101,"Tu, CY; Tian, YJ; Hsieh, CH",Effects of climate on temporal variation in the abundance and distribution of the demersal fish assemblage in the tsushima warm current region of the japan sea,2015,Fisheries Oceanography,Fig. 3,shifts estimated from fig. 3. the significance tested corresponds to the overall centroid shift not the lat/lon ones as stated in the paper. azimuths (bearings) calculated from the lat/lon shifts.,NA,na,na,Jorge
1,sub_japan,Sea of Japan,central-western sector,species,Microstomus achne,Animalia,Chordata,Teleostei,Pleuronectiformes,Pleuronectidae,Microstomus,marine,marine,fishery statistics,latitude,centroid,abundance_cpue,abundance,1977–1988,1977,1988,1982.5,1989–2002,1989,2002,1995.5,na,13,NA,-5.816350009099996,km/year,214.07719528013075,yes,yes,na,no,na,estimated,en,E1585,Tu et al. 2015,10.1111/fog.12101,"Tu, CY; Tian, YJ; Hsieh, CH",Effects of climate on temporal variation in the abundance and distribution of the demersal fish assemblage in the tsushima warm current region of the japan sea,2015,Fisheries Oceanography,Fig. 3,shifts estimated from fig. 3. the significance tested corresponds to the overall centroid shift not the lat/lon ones as stated in the paper. azimuths (bearings) calculated from the lat/lon shifts.,NA,na,na,Jorge
1,sub_japan,Sea of Japan,central-western sector,species,Pseudopleuronectes herzensteini,Animalia,Chordata,Teleostei,Pleuronectiformes,Pleuronectidae,Pseudopleuronectes,marine,marine,fishery statistics,latitude,centroid,abundance_cpue,abundance,1977–1988,1977,1988,1982.5,1989–2002,1989,2002,1995.5,na,13,NA,-1.454087502274999,km/year,235.7842978675626,yes,no,na,no,na,estimated,en,E1585,Tu et al. 2015,10.1111/fog.12101,"Tu, CY; Tian, YJ; Hsieh, CH",Effects of climate on temporal variation in the abundance and distribution of the demersal fish assemblage in the tsushima warm current region of the japan sea,2015,Fisheries Oceanography,Fig. 3,shifts estimated from fig. 3. the significance tested corresponds to the overall centroid shift not the lat/lon ones as stated in the paper. azimuths (bearings) calculated from the lat/lon shifts.,NA,na,na,Jorge
1,sub_japan,Sea of Japan,central-western sector,species,Tanakius kitaharae,Animalia,Chordata,Teleostei,Pleuronectiformes,Pleuronectidae,Tanakius,marine,marine,fishery statistics,latitude,centroid,abundance_cpue,abundance,1977–1988,1977,1988,1982.5,1989–2002,1989,2002,1995.5,na,13,NA,1.1119492664455874,km/year,325.304846468766,yes,no,na,no,na,estimated,en,E1585,Tu et al. 2015,10.1111/fog.12101,"Tu, CY; Tian, YJ; Hsieh, CH",Effects of climate on temporal variation in the abundance and distribution of the demersal fish assemblage in the tsushima warm current region of the japan sea,2015,Fisheries Oceanography,Fig. 3,shifts estimated from fig. 3. the significance tested corresponds to the overall centroid shift not the lat/lon ones as stated in the paper. azimuths (bearings) calculated from the lat/lon shifts.,NA,na,na,Jorge
1,sub_japan,Sea of Japan,central-western sector,species,Trichiurus japonicus,Animalia,Chordata,Teleostei,Scombriformes,Trichiuridae,Trichiurus,marine,marine,fishery statistics,latitude,centroid,abundance_cpue,abundance,1977–1988,1977,1988,1982.5,1989–2002,1989,2002,1995.5,na,13,NA,0.5132073537441172,km/year,78.3106308245608,yes,yes,na,no,na,estimated,en,E1585,Tu et al. 2015,10.1111/fog.12101,"Tu, CY; Tian, YJ; Hsieh, CH",Effects of climate on temporal variation in the abundance and distribution of the demersal fish assemblage in the tsushima warm current region of the japan sea,2015,Fisheries Oceanography,Fig. 3,shifts estimated from fig. 3. the significance tested corresponds to the overall centroid shift not the lat/lon ones as stated in the paper. azimuths (bearings) calculated from the lat/lon shifts.,NA,na,na,Jorge
1,sub_japan,Sea of Japan,central-western sector,species,Squalus acanthias,Animalia,Chordata,Elasmobranchii,Squaliformes,Squalidae,Squalus,marine,marine,fishery statistics,longitude,centroid,abundance_cpue,abundance,1977–1988,1977,1988,1982.5,1989–2002,1989,2002,1995.5,na,13,NA,3.783553676672738,km/year,27.89727103094763,yes,yes,na,no,na,estimated,en,E1585,Tu et al. 2015,10.1111/fog.12101,"Tu, CY; Tian, YJ; Hsieh, CH",Effects of climate on temporal variation in the abundance and distribution of the demersal fish assemblage in the tsushima warm current region of the japan sea,2015,Fisheries Oceanography,Fig. 3,shifts estimated from fig. 3. the significance tested corresponds to the overall centroid shift not the lat/lon ones as stated in the paper. azimuths (bearings) calculated from the lat/lon shifts.,35,na,na,Jorge
1,sub_japan,Sea of Japan,central-western sector,species,Glossanodon semifasciatus,Animalia,Chordata,Teleostei,Argentiniformes,Argentinidae,Glossanodon,marine,marine,fishery statistics,longitude,centroid,abundance_cpue,abundance,1977–1988,1977,1988,1982.5,1989–2002,1989,2002,1995.5,na,13,NA,5.81546213266365,km/year,67.13549187810035,yes,yes,na,no,na,estimated,en,E1585,Tu et al. 2015,10.1111/fog.12101,"Tu, CY; Tian, YJ; Hsieh, CH",Effects of climate on temporal variation in the abundance and distribution of the demersal fish assemblage in the tsushima warm current region of the japan sea,2015,Fisheries Oceanography,Fig. 3,shifts estimated from fig. 3. the significance tested corresponds to the overall centroid shift not the lat/lon ones as stated in the paper. azimuths (bearings) calculated from the lat/lon shifts.,35,na,na,Jorge
1,sub_japan,Sea of Japan,central-western sector,species,Dentex tumifrons,Animalia,Chordata,Teleostei,Eupercaria incertae sedis,Sparidae,Dentex,marine,marine,fishery statistics,longitude,centroid,abundance_cpue,abundance,1977–1988,1977,1988,1982.5,1989–2002,1989,2002,1995.5,na,13,NA,1.7516452206818225,km/year,66.25050550713324,yes,yes,na,no,na,estimated,en,E1585,Tu et al. 2015,10.1111/fog.12101,"Tu, CY; Tian, YJ; Hsieh, CH",Effects of climate on temporal variation in the abundance and distribution of the demersal fish assemblage in the tsushima warm current region of the japan sea,2015,Fisheries Oceanography,Fig. 3,shifts estimated from fig. 3. the significance tested corresponds to the overall centroid shift not the lat/lon ones as stated in the paper. azimuths (bearings) calculated from the lat/lon shifts.,35,na,na,Jorge
1,sub_japan,Sea of Japan,central-western sector,species,Evynnis tumifrons,Animalia,Chordata,Teleostei,Eupercaria incertae sedis,Sparidae,Evynnis,marine,marine,fishery statistics,longitude,centroid,abundance_cpue,abundance,1977–1988,1977,1988,1982.5,1989–2002,1989,2002,1995.5,na,13,NA,-0.700658088272729,km/year,207.75854060106002,yes,yes,na,no,na,estimated,en,E1585,Tu et al. 2015,10.1111/fog.12101,"Tu, CY; Tian, YJ; Hsieh, CH",Effects of climate on temporal variation in the abundance and distribution of the demersal fish assemblage in the tsushima warm current region of the japan sea,2015,Fisheries Oceanography,Fig. 3,shifts estimated from fig. 3. the significance tested corresponds to the overall centroid shift not the lat/lon ones as stated in the paper. azimuths (bearings) calculated from the lat/lon shifts.,35,na,na,Jorge
1,sub_japan,Sea of Japan,central-western sector,species,Pagrus major,Animalia,Chordata,Teleostei,Eupercaria incertae sedis,Sparidae,Pagrus,marine,marine,fishery statistics,longitude,centroid,abundance_cpue,abundance,1977–1988,1977,1988,1982.5,1989–2002,1989,2002,1995.5,na,13,NA,-1.6815794118545495,km/year,213.69006752597977,yes,yes,na,no,na,estimated,en,E1585,Tu et al. 2015,10.1111/fog.12101,"Tu, CY; Tian, YJ; Hsieh, CH",Effects of climate on temporal variation in the abundance and distribution of the demersal fish assemblage in the tsushima warm current region of the japan sea,2015,Fisheries Oceanography,Fig. 3,shifts estimated from fig. 3. the significance tested corresponds to the overall centroid shift not the lat/lon ones as stated in the paper. azimuths (bearings) calculated from the lat/lon shifts.,35,na,na,Jorge
1,sub_japan,Sea of Japan,central-western sector,species,Gadus macrocephalus,Animalia,Chordata,Teleostei,Gadiformes,Gadidae,Gadus,marine,marine,fishery statistics,longitude,centroid,abundance_cpue,abundance,1977–1988,1977,1988,1982.5,1989–2002,1989,2002,1995.5,na,13,NA,7.146712500381836,km/year,49.53777250790665,yes,yes,na,no,na,estimated,en,E1585,Tu et al. 2015,10.1111/fog.12101,"Tu, CY; Tian, YJ; Hsieh, CH",Effects of climate on temporal variation in the abundance and distribution of the demersal fish assemblage in the tsushima warm current region of the japan sea,2015,Fisheries Oceanography,Fig. 3,shifts estimated from fig. 3. the significance tested corresponds to the overall centroid shift not the lat/lon ones as stated in the paper. azimuths (bearings) calculated from the lat/lon shifts.,35,na,na,Jorge
1,sub_japan,Sea of Japan,central-western sector,species,Gadus chalcogrammus,Animalia,Chordata,Teleostei,Gadiformes,Gadidae,Gadus,marine,marine,fishery statistics,longitude,centroid,abundance_cpue,abundance,1977–1988,1977,1988,1982.5,1989–2002,1989,2002,1995.5,na,13,NA,13.873030147800035,km/year,54.35297925009325,yes,yes,na,no,na,estimated,en,E1585,Tu et al. 2015,10.1111/fog.12101,"Tu, CY; Tian, YJ; Hsieh, CH",Effects of climate on temporal variation in the abundance and distribution of the demersal fish assemblage in the tsushima warm current region of the japan sea,2015,Fisheries Oceanography,Fig. 3,shifts estimated from fig. 3. the significance tested corresponds to the overall centroid shift not the lat/lon ones as stated in the paper. azimuths (bearings) calculated from the lat/lon shifts.,35,na,na,Jorge
1,sub_japan,Sea of Japan,central-western sector,species,Pleurogrammus azonus,Animalia,Chordata,Teleostei,Perciformes,Hexagrammidae,Pleurogrammus,marine,marine,fishery statistics,longitude,centroid,abundance_cpue,abundance,1977–1988,1977,1988,1982.5,1989–2002,1989,2002,1995.5,na,13,NA,-3.6434220590181914,km/year,219.53615718676338,yes,yes,na,no,na,estimated,en,E1585,Tu et al. 2015,10.1111/fog.12101,"Tu, CY; Tian, YJ; Hsieh, CH",Effects of climate on temporal variation in the abundance and distribution of the demersal fish assemblage in the tsushima warm current region of the japan sea,2015,Fisheries Oceanography,Fig. 3,shifts estimated from fig. 3. the significance tested corresponds to the overall centroid shift not the lat/lon ones as stated in the paper. azimuths (bearings) calculated from the lat/lon shifts.,35,na,na,Jorge
1,sub_japan,Sea of Japan,central-western sector,species,Arctoscopus japonicus,Animalia,Chordata,Teleostei,Perciformes,Trichodontidae,Arctoscopus,marine,marine,fishery statistics,longitude,centroid,abundance_cpue,abundance,1977–1988,1977,1988,1982.5,1989–2002,1989,2002,1995.5,na,13,NA,8.758226103409111,km/year,65.86762040541919,yes,yes,na,no,na,estimated,en,E1585,Tu et al. 2015,10.1111/fog.12101,"Tu, CY; Tian, YJ; Hsieh, CH",Effects of climate on temporal variation in the abundance and distribution of the demersal fish assemblage in the tsushima warm current region of the japan sea,2015,Fisheries Oceanography,Fig. 3,shifts estimated from fig. 3. the significance tested corresponds to the overall centroid shift not the lat/lon ones as stated in the paper. azimuths (bearings) calculated from the lat/lon shifts.,35,na,na,Jorge
1,sub_japan,Sea of Japan,central-western sector,species,Lepidotrigla microptera,Animalia,Chordata,Teleostei,Perciformes,Triglidae,Lepidotrigla,marine,marine,fishery statistics,longitude,centroid,abundance_cpue,abundance,1977–1988,1977,1988,1982.5,1989–2002,1989,2002,1995.5,na,13,NA,-4.974672426736376,km/year,238.79948539601938,yes,yes,na,no,na,estimated,en,E1585,Tu et al. 2015,10.1111/fog.12101,"Tu, CY; Tian, YJ; Hsieh, CH",Effects of climate on temporal variation in the abundance and distribution of the demersal fish assemblage in the tsushima warm current region of the japan sea,2015,Fisheries Oceanography,Fig. 3,shifts estimated from fig. 3. the significance tested corresponds to the overall centroid shift not the lat/lon ones as stated in the paper. azimuths (bearings) calculated from the lat/lon shifts.,35,na,na,Jorge
1,sub_japan,Sea of Japan,central-western sector,species,Paralichthys olivaceus,Animalia,Chordata,Teleostei,Pleuronectiformes,Paralichthyidae,Paralichthys,marine,marine,fishery statistics,longitude,centroid,abundance_cpue,abundance,1977–1988,1977,1988,1982.5,1989–2002,1989,2002,1995.5,na,13,NA,-4.764475000254558,km/year,221.82016988013578,yes,yes,na,no,na,estimated,en,E1585,Tu et al. 2015,10.1111/fog.12101,"Tu, CY; Tian, YJ; Hsieh, CH",Effects of climate on temporal variation in the abundance and distribution of the demersal fish assemblage in the tsushima warm current region of the japan sea,2015,Fisheries Oceanography,Fig. 3,shifts estimated from fig. 3. the significance tested corresponds to the overall centroid shift not the lat/lon ones as stated in the paper. azimuths (bearings) calculated from the lat/lon shifts.,35,na,na,Jorge
1,sub_japan,Sea of Japan,central-western sector,species,Cleisthenes pinetorum,Animalia,Chordata,Teleostei,Pleuronectiformes,Pleuronectidae,Cleisthenes,marine,marine,fishery statistics,longitude,centroid,abundance_cpue,abundance,1977–1988,1977,1988,1982.5,1989–2002,1989,2002,1995.5,na,13,NA,2.031908455990914,km/year,62.65012421993012,yes,yes,na,no,na,estimated,en,E1585,Tu et al. 2015,10.1111/fog.12101,"Tu, CY; Tian, YJ; Hsieh, CH",Effects of climate on temporal variation in the abundance and distribution of the demersal fish assemblage in the tsushima warm current region of the japan sea,2015,Fisheries Oceanography,Fig. 3,shifts estimated from fig. 3. the significance tested corresponds to the overall centroid shift not the lat/lon ones as stated in the paper. azimuths (bearings) calculated from the lat/lon shifts.,35,na,na,Jorge
1,sub_japan,Sea of Japan,central-western sector,species,Eopsetta grigorjewi,Animalia,Chordata,Teleostei,Pleuronectiformes,Pleuronectidae,Eopsetta,marine,marine,fishery statistics,longitude,centroid,abundance_cpue,abundance,1977–1988,1977,1988,1982.5,1989–2002,1989,2002,1995.5,na,13,NA,-4.764475000254558,km/year,232.59464336859145,yes,yes,na,no,na,estimated,en,E1585,Tu et al. 2015,10.1111/fog.12101,"Tu, CY; Tian, YJ; Hsieh, CH",Effects of climate on temporal variation in the abundance and distribution of the demersal fish assemblage in the tsushima warm current region of the japan sea,2015,Fisheries Oceanography,Fig. 3,shifts estimated from fig. 3. the significance tested corresponds to the overall centroid shift not the lat/lon ones as stated in the paper. azimuths (bearings) calculated from the lat/lon shifts.,35,na,na,Jorge
1,sub_japan,Sea of Japan,central-western sector,species,Glyptocephalus stelleri,Animalia,Chordata,Teleostei,Pleuronectiformes,Pleuronectidae,Glyptocephalus,marine,marine,fishery statistics,longitude,centroid,abundance_cpue,abundance,1977–1988,1977,1988,1982.5,1989–2002,1989,2002,1995.5,na,13,NA,1.1911187500636395,km/year,57.09475707701211,yes,yes,na,no,na,estimated,en,E1585,Tu et al. 2015,10.1111/fog.12101,"Tu, CY; Tian, YJ; Hsieh, CH",Effects of climate on temporal variation in the abundance and distribution of the demersal fish assemblage in the tsushima warm current region of the japan sea,2015,Fisheries Oceanography,Fig. 3,shifts estimated from fig. 3. the significance tested corresponds to the overall centroid shift not the lat/lon ones as stated in the paper. azimuths (bearings) calculated from the lat/lon shifts.,35,na,na,Jorge
1,sub_japan,Sea of Japan,central-western sector,species,Hippoglossoides dubius,Animalia,Chordata,Teleostei,Pleuronectiformes,Pleuronectidae,Hippoglossoides,marine,marine,fishery statistics,longitude,centroid,abundance_cpue,abundance,1977–1988,1977,1988,1982.5,1989–2002,1989,2002,1995.5,na,13,NA,2.312171691300006,km/year,70.01689347810003,yes,yes,na,no,na,estimated,en,E1585,Tu et al. 2015,10.1111/fog.12101,"Tu, CY; Tian, YJ; Hsieh, CH",Effects of climate on temporal variation in the abundance and distribution of the demersal fish assemblage in the tsushima warm current region of the japan sea,2015,Fisheries Oceanography,Fig. 3,shifts estimated from fig. 3. the significance tested corresponds to the overall centroid shift not the lat/lon ones as stated in the paper. azimuths (bearings) calculated from the lat/lon shifts.,35,na,na,Jorge
1,sub_japan,Sea of Japan,central-western sector,species,Microstomus achne,Animalia,Chordata,Teleostei,Pleuronectiformes,Pleuronectidae,Microstomus,marine,marine,fishery statistics,longitude,centroid,abundance_cpue,abundance,1977–1988,1977,1988,1982.5,1989–2002,1989,2002,1995.5,na,13,NA,-3.2230272060545535,km/year,214.07719528013075,yes,yes,na,no,na,estimated,en,E1585,Tu et al. 2015,10.1111/fog.12101,"Tu, CY; Tian, YJ; Hsieh, CH",Effects of climate on temporal variation in the abundance and distribution of the demersal fish assemblage in the tsushima warm current region of the japan sea,2015,Fisheries Oceanography,Fig. 3,shifts estimated from fig. 3. the significance tested corresponds to the overall centroid shift not the lat/lon ones as stated in the paper. azimuths (bearings) calculated from the lat/lon shifts.,35,na,na,Jorge
1,sub_japan,Sea of Japan,central-western sector,species,Pseudopleuronectes herzensteini,Animalia,Chordata,Teleostei,Pleuronectiformes,Pleuronectidae,Pseudopleuronectes,marine,marine,fishery statistics,longitude,centroid,abundance_cpue,abundance,1977–1988,1977,1988,1982.5,1989–2002,1989,2002,1995.5,na,13,NA,-1.7516452206818225,km/year,235.7842978675626,yes,yes,na,no,na,estimated,en,E1585,Tu et al. 2015,10.1111/fog.12101,"Tu, CY; Tian, YJ; Hsieh, CH",Effects of climate on temporal variation in the abundance and distribution of the demersal fish assemblage in the tsushima warm current region of the japan sea,2015,Fisheries Oceanography,Fig. 3,shifts estimated from fig. 3. the significance tested corresponds to the overall centroid shift not the lat/lon ones as stated in the paper. azimuths (bearings) calculated from the lat/lon shifts.,35,na,na,Jorge
1,sub_japan,Sea of Japan,central-western sector,species,Tanakius kitaharae,Animalia,Chordata,Teleostei,Pleuronectiformes,Pleuronectidae,Tanakius,marine,marine,fishery statistics,longitude,centroid,abundance_cpue,abundance,1977–1988,1977,1988,1982.5,1989–2002,1989,2002,1995.5,na,13,NA,-0.630592279445456,km/year,325.304846468766,yes,yes,na,no,na,estimated,en,E1585,Tu et al. 2015,10.1111/fog.12101,"Tu, CY; Tian, YJ; Hsieh, CH",Effects of climate on temporal variation in the abundance and distribution of the demersal fish assemblage in the tsushima warm current region of the japan sea,2015,Fisheries Oceanography,Fig. 3,shifts estimated from fig. 3. the significance tested corresponds to the overall centroid shift not the lat/lon ones as stated in the paper. azimuths (bearings) calculated from the lat/lon shifts.,35,na,na,Jorge
1,sub_japan,Sea of Japan,central-western sector,species,Trichiurus japonicus,Animalia,Chordata,Teleostei,Scombriformes,Trichiuridae,Trichiurus,marine,marine,fishery statistics,longitude,centroid,abundance_cpue,abundance,1977–1988,1977,1988,1982.5,1989–2002,1989,2002,1995.5,na,13,NA,2.031908455990914,km/year,78.3106308245608,yes,yes,na,no,na,estimated,en,E1585,Tu et al. 2015,10.1111/fog.12101,"Tu, CY; Tian, YJ; Hsieh, CH",Effects of climate on temporal variation in the abundance and distribution of the demersal fish assemblage in the tsushima warm current region of the japan sea,2015,Fisheries Oceanography,Fig. 3,shifts estimated from fig. 3. the significance tested corresponds to the overall centroid shift not the lat/lon ones as stated in the paper. azimuths (bearings) calculated from the lat/lon shifts.,35,na,na,Jorge
1,entire_japan,Japan,Japan,species,Panulirus japonicus,Animalia,Arthropoda,Malacostraca,Decapoda,Palinuridae,Panulirus,marine,marine,fishery statistics,horizontal,centroid,abundance_catchlandings,abundance,1905,1905,1905,1905,2021,2021,2021,2021,117,116,111,1.9209500176629686,km/year,73.43270606140538,NA,NA,NA,NA,NA,NA,en,E_jgm2,Watari et al. 2024,10.3389/fmars.2024.1265907,"S. Watari, S. Takemura, H. Oyaizu",Charting and analyzing the catch distribution of Japan's coastal fisheries resources based on centennial statistics,2024,Frontiers in Marine Science,Table S1,NA,NA,magnitude and azimuth of the horizontal shift estimated by combining latitude and longitude shift observations,NA,NA
1,entire_japan,Japan,Japan,genus,Seriola spp.,Animalia,Chordata,Teleostei,Carangiformes,Carangidae,Seriola,marine,marine,fishery statistics,horizontal,centroid,abundance_catchlandings,abundance,1894,1894,1894,1894,2021,2021,2021,2021,128,127,128,118.33591206241343,km/year,89.36475643338503,NA,NA,NA,NA,NA,NA,en,E_jgm2,Watari et al. 2024,10.3389/fmars.2024.1265907,"S. Watari, S. Takemura, H. Oyaizu",Charting and analyzing the catch distribution of Japan's coastal fisheries resources based on centennial statistics,2024,Frontiers in Marine Science,Table S1,NA,NA,magnitude and azimuth of the horizontal shift estimated by combining latitude and longitude shift observations,NA,NA
1,entire_japan,Japan,Japan,species,Mugil cephalus,Animalia,Chordata,Teleostei,Mugiliformes,Mugilidae,Mugil,marine,marine,fishery statistics,horizontal,centroid,abundance_catchlandings,abundance,1894,1894,1894,1894,2006,2006,2006,2006,113,112,110,2.0208910626818612,km/year,240.07366000063604,NA,NA,NA,NA,NA,NA,en,E_jgm2,Watari et al. 2024,10.3389/fmars.2024.1265907,"S. Watari, S. Takemura, H. Oyaizu",Charting and analyzing the catch distribution of Japan's coastal fisheries resources based on centennial statistics,2024,Frontiers in Marine Science,Table S1,NA,NA,magnitude and azimuth of the horizontal shift estimated by combining latitude and longitude shift observations,NA,NA
1,entire_japan,Japan,Japan,family,Scombridae spp.,Animalia,Chordata,Teleostei,Scombriformes,Scombridae,NA,marine,marine,fishery statistics,horizontal,centroid,abundance_catchlandings,abundance,1894,1894,1894,1894,2021,2021,2021,2021,128,127,118,0.2599921788115385,km/year,305.6809901762468,NA,NA,NA,NA,NA,NA,en,E_jgm2,Watari et al. 2024,10.3389/fmars.2024.1265907,"S. Watari, S. Takemura, H. Oyaizu",Charting and analyzing the catch distribution of Japan's coastal fisheries resources based on centennial statistics,2024,Frontiers in Marine Science,Table S1,NA,NA,magnitude and azimuth of the horizontal shift estimated by combining latitude and longitude shift observations,NA,NA
1,entire_japan,Japan,Japan,class-level,Holothuroidea spp.,Animalia,Echinodermata,Holothuroidea,NA,NA,NA,marine,marine,fishery statistics,horizontal,centroid,abundance_catchlandings,abundance,1894,1894,1894,1894,2021,2021,2021,2021,128,127,108,1.0625182718033257,km/year,21.124798777645992,NA,NA,NA,NA,NA,NA,en,E_jgm2,Watari et al. 2024,10.3389/fmars.2024.1265907,"S. Watari, S. Takemura, H. Oyaizu",Charting and analyzing the catch distribution of Japan's coastal fisheries resources based on centennial statistics,2024,Frontiers in Marine Science,Table S1,NA,NA,magnitude and azimuth of the horizontal shift estimated by combining latitude and longitude shift observations,NA,NA
1,entire_japan,Japan,Japan,genus,Meretrix spp.,Animalia,Mollusca,Bivalvia,Venerida,Veneridae,Meretrix,marine,marine,fishery statistics,horizontal,centroid,abundance_catchlandings,abundance,1894,1894,1894,1894,2006,2006,2006,2006,113,112,104,1.3798553585887015,km/year,243.56717258172148,NA,NA,NA,NA,NA,NA,en,E_jgm2,Watari et al. 2024,10.3389/fmars.2024.1265907,"S. Watari, S. Takemura, H. Oyaizu",Charting and analyzing the catch distribution of Japan's coastal fisheries resources based on centennial statistics,2024,Frontiers in Marine Science,Table S1,NA,NA,magnitude and azimuth of the horizontal shift estimated by combining latitude and longitude shift observations,NA,NA
1,entire_japan,Japan,Japan,genus,Ruditapes spp.,Animalia,Mollusca,Bivalvia,Venerida,Veneridae,Ruditapes,marine,marine,fishery statistics,horizontal,centroid,abundance_catchlandings,abundance,1909,1909,1909,1909,2021,2021,2021,2021,113,112,104,1.554032232492625,km/year,276.80889519221796,NA,NA,NA,NA,NA,NA,en,E_jgm2,Watari et al. 2024,10.3389/fmars.2024.1265907,"S. Watari, S. Takemura, H. Oyaizu",Charting and analyzing the catch distribution of Japan's coastal fisheries resources based on centennial statistics,2024,Frontiers in Marine Science,Table S1,NA,NA,magnitude and azimuth of the horizontal shift estimated by combining latitude and longitude shift observations,NA,NA
1,entire_japan,Japan,Japan,order,Octopoda,Animalia,Mollusca,Cephalopoda,Octopoda,NA,NA,marine,marine,fishery statistics,horizontal,centroid,abundance_catchlandings,abundance,1894,1894,1894,1894,2021,2021,2021,2021,128,127,128,4.6502306692534034,km/year,33.25554842631868,NA,NA,NA,NA,NA,NA,en,E_jgm2,Watari et al. 2024,10.3389/fmars.2024.1265907,"S. Watari, S. Takemura, H. Oyaizu",Charting and analyzing the catch distribution of Japan's coastal fisheries resources based on centennial statistics,2024,Frontiers in Marine Science,Table S1,NA,NA,magnitude and azimuth of the horizontal shift estimated by combining latitude and longitude shift observations,NA,NA
1,entire_japan,Japan,Japan,genus,Haliotis spp.,Animalia,Mollusca,Gastropoda,Lepetellida,Haliotidae,Haliotis,marine,marine,fishery statistics,horizontal,centroid,abundance_catchlandings,abundance,1894,1894,1894,1894,2021,2021,2021,2021,128,127,125,2.3004196902590035,km/year,227.90230871920113,NA,NA,NA,NA,NA,NA,en,E_jgm2,Watari et al. 2024,10.3389/fmars.2024.1265907,"S. Watari, S. Takemura, H. Oyaizu",Charting and analyzing the catch distribution of Japan's coastal fisheries resources based on centennial statistics,2024,Frontiers in Marine Science,Table S1,NA,NA,magnitude and azimuth of the horizontal shift estimated by combining latitude and longitude shift observations,NA,NA
1,entire_japan,Japan,Japan,species,Turbo cornutus,Animalia,Mollusca,Gastropoda,Trochida,Turbinidae,Turbo,marine,marine,fishery statistics,horizontal,centroid,abundance_catchlandings,abundance,1915,1915,1915,1915,2021,2021,2021,2021,107,106,104,0.5919718682516634,km/year,286.9860920912722,NA,NA,NA,NA,NA,NA,en,E_jgm2,Watari et al. 2024,10.3389/fmars.2024.1265907,"S. Watari, S. Takemura, H. Oyaizu",Charting and analyzing the catch distribution of Japan's coastal fisheries resources based on centennial statistics,2024,Frontiers in Marine Science,Table S1,NA,NA,magnitude and azimuth of the horizontal shift estimated by combining latitude and longitude shift observations,NA,NA
1,entire_japan,Japan,Japan,genus,Undaria spp.,Chromista,Ochrophyta,Phaeophyceae,Laminariales,Alariaceae,Undaria,marine,marine,fishery statistics,horizontal,centroid,abundance_catchlandings,abundance,1922,1922,1922,1922,2006,2006,2006,2006,85,84,82,1.7257420303473465,km/year,211.55481573349937,NA,NA,NA,NA,NA,NA,en,E_jgm2,Watari et al. 2024,10.3389/fmars.2024.1265907,"S. Watari, S. Takemura, H. Oyaizu",Charting and analyzing the catch distribution of Japan's coastal fisheries resources based on centennial statistics,2024,Frontiers in Marine Science,Table S1,NA,NA,magnitude and azimuth of the horizontal shift estimated by combining latitude and longitude shift observations,NA,NA
1,entire_japan,Japan,Japan,family,Gelidiaceae spp.,Plantae,Rhodophyta,Florideophyceae ,Gelidiales ,Gelidiaceae,NA,marine,marine,fishery statistics,horizontal,centroid,abundance_catchlandings,abundance,1894,1894,1894,1894,2006,2006,2006,2006,113,112,105,1.4205565121489434,km/year,234.16512215498557,NA,NA,NA,NA,NA,NA,en,E_jgm2,Watari et al. 2024,10.3389/fmars.2024.1265907,"S. Watari, S. Takemura, H. Oyaizu",Charting and analyzing the catch distribution of Japan's coastal fisheries resources based on centennial statistics,2024,Frontiers in Marine Science,Table S1,NA,NA,magnitude and azimuth of the horizontal shift estimated by combining latitude and longitude shift observations,NA,NA
1,entire_japan,Japan,Japan,species,Panulirus japonicus,Animalia,Arthropoda,Malacostraca,Decapoda,Palinuridae,Panulirus,marine,marine,fishery statistics,latitude,centroid,abundance_catchlandings,abundance,1905,1905,1905,1905,2021,2021,2021,2021,117,116,111,0.5477421527943679,km/year,73.26646044083623,yes,yes,yes,yes,no,estimated,en,E_jgm2,Watari et al. 2024,10.3389/fmars.2024.1265907,"S. Watari, S. Takemura, H. Oyaizu",Charting and analyzing the catch distribution of Japan's coastal fisheries resources based on centennial statistics,2024,Frontiers in Marine Science,Table S1,shifts estimated as the slope coefficient of the linear regression fitted to the annual lat and lon of centroids provided in sup. table s1. the significance test corresponds to the p-value of the regression slope (significant if p-value <= 0.05). azimuths (bearings) calculated from the initial and final coordinates of the centroid in the series.,NA,na,na,Jorge
1,entire_japan,Japan,Japan,genus,Seriola spp.,Animalia,Chordata,Teleostei,Carangiformes,Carangidae,Seriola,marine,marine,fishery statistics,latitude,centroid,abundance_catchlandings,abundance,1894,1894,1894,1894,2021,2021,2021,2021,128,127,128,1.311974239882774,km/year,43.35736234262333,yes,yes,yes,yes,no,estimated,en,E_jgm2,Watari et al. 2024,10.3389/fmars.2024.1265907,"S. Watari, S. Takemura, H. Oyaizu",Charting and analyzing the catch distribution of Japan's coastal fisheries resources based on centennial statistics,2024,Frontiers in Marine Science,Table S1,shifts estimated as the slope coefficient of the linear regression fitted to the annual lat and lon of centroids provided in sup. table s1. the significance test corresponds to the p-value of the regression slope (significant if p-value <= 0.05). azimuths (bearings) calculated from the initial and final coordinates of the centroid in the series.,NA,na,changed the number of censuses of seriola spp. from 126 to 128 because the collecting period is 1894-2021 (128 years).,Jorge
1,entire_japan,Japan,Japan,species,Mugil cephalus,Animalia,Chordata,Teleostei,Mugiliformes,Mugilidae,Mugil,marine,marine,fishery statistics,latitude,centroid,abundance_catchlandings,abundance,1894,1894,1894,1894,2006,2006,2006,2006,113,112,110,-1.0081946964007282,km/year,237.97749584914544,yes,yes,yes,yes,no,estimated,en,E_jgm2,Watari et al. 2024,10.3389/fmars.2024.1265907,"S. Watari, S. Takemura, H. Oyaizu",Charting and analyzing the catch distribution of Japan's coastal fisheries resources based on centennial statistics,2024,Frontiers in Marine Science,Table S1,shifts estimated as the slope coefficient of the linear regression fitted to the annual lat and lon of centroids provided in sup. table s1. the significance test corresponds to the p-value of the regression slope (significant if p-value <= 0.05). azimuths (bearings) calculated from the initial and final coordinates of the centroid in the series.,NA,na,na,Jorge
1,entire_japan,Japan,Japan,family,Scombridae spp.,Animalia,Chordata,Teleostei,Scombriformes,Scombridae,NA,marine,marine,fishery statistics,latitude,centroid,abundance_catchlandings,abundance,1894,1894,1894,1894,2021,2021,2021,2021,128,127,118,0.15164609127835632,km/year,46.42235086550579,yes,no,yes,yes,no,estimated,en,E_jgm2,Watari et al. 2024,10.3389/fmars.2024.1265907,"S. Watari, S. Takemura, H. Oyaizu",Charting and analyzing the catch distribution of Japan's coastal fisheries resources based on centennial statistics,2024,Frontiers in Marine Science,Table S1,shifts estimated as the slope coefficient of the linear regression fitted to the annual lat and lon of centroids provided in sup. table s1. the significance test corresponds to the p-value of the regression slope (significant if p-value <= 0.05). azimuths (bearings) calculated from the initial and final coordinates of the centroid in the series.,NA,na,na,Jorge
1,entire_japan,Japan,Japan,class-level,Holothuroidea spp.,Animalia,Echinodermata,Holothuroidea,NA,NA,NA,marine,marine,fishery statistics,latitude,centroid,abundance_catchlandings,abundance,1894,1894,1894,1894,2021,2021,2021,2021,128,127,108,0.9911145294990983,km/year,32.446101594576476,yes,yes,yes,yes,no,estimated,en,E_jgm2,Watari et al. 2024,10.3389/fmars.2024.1265907,"S. Watari, S. Takemura, H. Oyaizu",Charting and analyzing the catch distribution of Japan's coastal fisheries resources based on centennial statistics,2024,Frontiers in Marine Science,Table S1,shifts estimated as the slope coefficient of the linear regression fitted to the annual lat and lon of centroids provided in sup. table s1. the significance test corresponds to the p-value of the regression slope (significant if p-value <= 0.05). azimuths (bearings) calculated from the initial and final coordinates of the centroid in the series.,NA,na,na,Jorge
1,entire_japan,Japan,Japan,genus,Meretrix spp.,Animalia,Mollusca,Bivalvia,Venerida,Veneridae,Meretrix,marine,marine,fishery statistics,latitude,centroid,abundance_catchlandings,abundance,1894,1894,1894,1894,2006,2006,2006,2006,113,112,104,-0.6142402686747536,km/year,31.046294551064875,yes,yes,yes,yes,no,estimated,en,E_jgm2,Watari et al. 2024,10.3389/fmars.2024.1265907,"S. Watari, S. Takemura, H. Oyaizu",Charting and analyzing the catch distribution of Japan's coastal fisheries resources based on centennial statistics,2024,Frontiers in Marine Science,Table S1,shifts estimated as the slope coefficient of the linear regression fitted to the annual lat and lon of centroids provided in sup. table s1. the significance test corresponds to the p-value of the regression slope (significant if p-value <= 0.05). azimuths (bearings) calculated from the initial and final coordinates of the centroid in the series.,NA,na,na,Jorge
1,entire_japan,Japan,Japan,genus,Ruditapes spp.,Animalia,Mollusca,Bivalvia,Venerida,Veneridae,Ruditapes,marine,marine,fishery statistics,latitude,centroid,abundance_catchlandings,abundance,1909,1909,1909,1909,2021,2021,2021,2021,113,112,104,0.18424314792740476,km/year,349.77916372189975,yes,no,yes,yes,no,estimated,en,E_jgm2,Watari et al. 2024,10.3389/fmars.2024.1265907,"S. Watari, S. Takemura, H. Oyaizu",Charting and analyzing the catch distribution of Japan's coastal fisheries resources based on centennial statistics,2024,Frontiers in Marine Science,Table S1,shifts estimated as the slope coefficient of the linear regression fitted to the annual lat and lon of centroids provided in sup. table s1. the significance test corresponds to the p-value of the regression slope (significant if p-value <= 0.05). azimuths (bearings) calculated from the initial and final coordinates of the centroid in the series.,NA,na,na,Jorge
1,entire_japan,Japan,Japan,order,Octopoda,Animalia,Mollusca,Cephalopoda,Octopoda,NA,NA,marine,marine,fishery statistics,latitude,centroid,abundance_catchlandings,abundance,1894,1894,1894,1894,2021,2021,2021,2021,128,127,128,3.8886766042975625,km/year,22.34944645780115,yes,yes,yes,yes,no,estimated,en,E_jgm2,Watari et al. 2024,10.3389/fmars.2024.1265907,"S. Watari, S. Takemura, H. Oyaizu",Charting and analyzing the catch distribution of Japan's coastal fisheries resources based on centennial statistics,2024,Frontiers in Marine Science,Table S1,shifts estimated as the slope coefficient of the linear regression fitted to the annual lat and lon of centroids provided in sup. table s1. the significance test corresponds to the p-value of the regression slope (significant if p-value <= 0.05). azimuths (bearings) calculated from the initial and final coordinates of the centroid in the series.,NA,na,na,Jorge
1,entire_japan,Japan,Japan,genus,Haliotis spp.,Animalia,Mollusca,Gastropoda,Lepetellida,Haliotidae,Haliotis,marine,marine,fishery statistics,latitude,centroid,abundance_catchlandings,abundance,1894,1894,1894,1894,2021,2021,2021,2021,128,127,125,-1.542193816542752,km/year,12.230863325275322,yes,yes,yes,yes,no,estimated,en,E_jgm2,Watari et al. 2024,10.3389/fmars.2024.1265907,"S. Watari, S. Takemura, H. Oyaizu",Charting and analyzing the catch distribution of Japan's coastal fisheries resources based on centennial statistics,2024,Frontiers in Marine Science,Table S1,shifts estimated as the slope coefficient of the linear regression fitted to the annual lat and lon of centroids provided in sup. table s1. the significance test corresponds to the p-value of the regression slope (significant if p-value <= 0.05). azimuths (bearings) calculated from the initial and final coordinates of the centroid in the series.,NA,na,na,Jorge
1,entire_japan,Japan,Japan,species,Turbo cornutus,Animalia,Mollusca,Gastropoda,Trochida,Turbinidae,Turbo,marine,marine,fishery statistics,latitude,centroid,abundance_catchlandings,abundance,1915,1915,1915,1915,2021,2021,2021,2021,107,106,104,0.1729384033984524,km/year,52.977118570884556,yes,yes,yes,yes,no,estimated,en,E_jgm2,Watari et al. 2024,10.3389/fmars.2024.1265907,"S. Watari, S. Takemura, H. Oyaizu",Charting and analyzing the catch distribution of Japan's coastal fisheries resources based on centennial statistics,2024,Frontiers in Marine Science,Table S1,shifts estimated as the slope coefficient of the linear regression fitted to the annual lat and lon of centroids provided in sup. table s1. the significance test corresponds to the p-value of the regression slope (significant if p-value <= 0.05). azimuths (bearings) calculated from the initial and final coordinates of the centroid in the series.,NA,na,na,Jorge
1,entire_japan,Japan,Japan,genus,Undaria spp.,Chromista,Ochrophyta,Phaeophyceae,Laminariales,Alariaceae,Undaria,marine,marine,fishery statistics,latitude,centroid,abundance_catchlandings,abundance,1922,1922,1922,1922,2006,2006,2006,2006,85,84,82,-1.4705736273380823,km/year,201.92117135396245,yes,yes,yes,yes,no,estimated,en,E_jgm2,Watari et al. 2024,10.3389/fmars.2024.1265907,"S. Watari, S. Takemura, H. Oyaizu",Charting and analyzing the catch distribution of Japan's coastal fisheries resources based on centennial statistics,2024,Frontiers in Marine Science,Table S1,shifts estimated as the slope coefficient of the linear regression fitted to the annual lat and lon of centroids provided in sup. table s1. the significance test corresponds to the p-value of the regression slope (significant if p-value <= 0.05). azimuths (bearings) calculated from the initial and final coordinates of the centroid in the series.,NA,na,na,Jorge
1,entire_japan,Japan,Japan,family,Gelidiaceae spp.,Plantae,Rhodophyta,Florideophyceae ,Gelidiales ,Gelidiaceae,NA,marine,marine,fishery statistics,latitude,centroid,abundance_catchlandings,abundance,1894,1894,1894,1894,2006,2006,2006,2006,113,112,105,-0.8316666398228941,km/year,235.41121426732997,yes,yes,yes,yes,no,estimated,en,E_jgm2,Watari et al. 2024,10.3389/fmars.2024.1265907,"S. Watari, S. Takemura, H. Oyaizu",Charting and analyzing the catch distribution of Japan's coastal fisheries resources based on centennial statistics,2024,Frontiers in Marine Science,Table S1,shifts estimated as the slope coefficient of the linear regression fitted to the annual lat and lon of centroids provided in sup. table s1. the significance test corresponds to the p-value of the regression slope (significant if p-value <= 0.05). azimuths (bearings) calculated from the initial and final coordinates of the centroid in the series.,NA,na,na,Jorge
1,entire_japan,Japan,Japan,species,Panulirus japonicus,Animalia,Arthropoda,Malacostraca,Decapoda,Palinuridae,Panulirus,marine,marine,fishery statistics,longitude,centroid,abundance_catchlandings,abundance,1905,1905,1905,1905,2021,2021,2021,2021,117,116,111,1.84120273310995,km/year,73.26646044083623,yes,yes,yes,yes,no,estimated,en,E_jgm2,Watari et al. 2024,10.3389/fmars.2024.1265907,"S. Watari, S. Takemura, H. Oyaizu",Charting and analyzing the catch distribution of Japan's coastal fisheries resources based on centennial statistics,2024,Frontiers in Marine Science,Table S1,shifts estimated as the slope coefficient of the linear regression fitted to the annual lat and lon of centroids provided in sup. table s1. the significance test corresponds to the p-value of the regression slope (significant if p-value <= 0.05). azimuths (bearings) calculated from the initial and final coordinates of the centroid in the series.,32,na,na,Jorge
1,entire_japan,Japan,Japan,genus,Seriola spp.,Animalia,Chordata,Teleostei,Carangiformes,Carangidae,Seriola,marine,marine,fishery statistics,longitude,centroid,abundance_catchlandings,abundance,1894,1894,1894,1894,2021,2021,2021,2021,128,127,128,118.32863899849913,km/year,43.35736234262333,yes,yes,yes,yes,no,estimated,en,E_jgm2,Watari et al. 2024,10.3389/fmars.2024.1265907,"S. Watari, S. Takemura, H. Oyaizu",Charting and analyzing the catch distribution of Japan's coastal fisheries resources based on centennial statistics,2024,Frontiers in Marine Science,Table S1,shifts estimated as the slope coefficient of the linear regression fitted to the annual lat and lon of centroids provided in sup. table s1. the significance test corresponds to the p-value of the regression slope (significant if p-value <= 0.05). azimuths (bearings) calculated from the initial and final coordinates of the centroid in the series.,32,na,changed the number of censuses of seriola spp. from 126 to 128 because the collecting period is 1894-2021 (128 years).,Jorge
1,entire_japan,Japan,Japan,species,Mugil cephalus,Animalia,Chordata,Teleostei,Mugiliformes,Mugilidae,Mugil,marine,marine,fishery statistics,longitude,centroid,abundance_catchlandings,abundance,1894,1894,1894,1894,2006,2006,2006,2006,113,112,110,-1.751440590307552,km/year,237.97749584914544,yes,yes,yes,yes,no,estimated,en,E_jgm2,Watari et al. 2024,10.3389/fmars.2024.1265907,"S. Watari, S. Takemura, H. Oyaizu",Charting and analyzing the catch distribution of Japan's coastal fisheries resources based on centennial statistics,2024,Frontiers in Marine Science,Table S1,shifts estimated as the slope coefficient of the linear regression fitted to the annual lat and lon of centroids provided in sup. table s1. the significance test corresponds to the p-value of the regression slope (significant if p-value <= 0.05). azimuths (bearings) calculated from the initial and final coordinates of the centroid in the series.,32,na,na,Jorge
1,entire_japan,Japan,Japan,family,Scombridae spp.,Animalia,Chordata,Teleostei,Scombriformes,Scombridae,NA,marine,marine,fishery statistics,longitude,centroid,abundance_catchlandings,abundance,1894,1894,1894,1894,2021,2021,2021,2021,128,127,118,-0.21118569090534386,km/year,46.42235086550579,yes,no,yes,yes,no,estimated,en,E_jgm2,Watari et al. 2024,10.3389/fmars.2024.1265907,"S. Watari, S. Takemura, H. Oyaizu",Charting and analyzing the catch distribution of Japan's coastal fisheries resources based on centennial statistics,2024,Frontiers in Marine Science,Table S1,shifts estimated as the slope coefficient of the linear regression fitted to the annual lat and lon of centroids provided in sup. table s1. the significance test corresponds to the p-value of the regression slope (significant if p-value <= 0.05). azimuths (bearings) calculated from the initial and final coordinates of the centroid in the series.,32,na,na,Jorge
1,entire_japan,Japan,Japan,class-level,Holothuroidea spp.,Animalia,Echinodermata,Holothuroidea,NA,NA,NA,marine,marine,fishery statistics,longitude,centroid,abundance_catchlandings,abundance,1894,1894,1894,1894,2021,2021,2021,2021,128,127,108,0.38293219678124063,km/year,32.446101594576476,yes,no,yes,yes,no,estimated,en,E_jgm2,Watari et al. 2024,10.3389/fmars.2024.1265907,"S. Watari, S. Takemura, H. Oyaizu",Charting and analyzing the catch distribution of Japan's coastal fisheries resources based on centennial statistics,2024,Frontiers in Marine Science,Table S1,shifts estimated as the slope coefficient of the linear regression fitted to the annual lat and lon of centroids provided in sup. table s1. the significance test corresponds to the p-value of the regression slope (significant if p-value <= 0.05). azimuths (bearings) calculated from the initial and final coordinates of the centroid in the series.,32,na,na,Jorge
1,entire_japan,Japan,Japan,genus,Meretrix spp.,Animalia,Mollusca,Bivalvia,Venerida,Veneridae,Meretrix,marine,marine,fishery statistics,longitude,centroid,abundance_catchlandings,abundance,1894,1894,1894,1894,2006,2006,2006,2006,113,112,104,-1.2356009481075678,km/year,31.046294551064875,yes,yes,yes,yes,no,estimated,en,E_jgm2,Watari et al. 2024,10.3389/fmars.2024.1265907,"S. Watari, S. Takemura, H. Oyaizu",Charting and analyzing the catch distribution of Japan's coastal fisheries resources based on centennial statistics,2024,Frontiers in Marine Science,Table S1,shifts estimated as the slope coefficient of the linear regression fitted to the annual lat and lon of centroids provided in sup. table s1. the significance test corresponds to the p-value of the regression slope (significant if p-value <= 0.05). azimuths (bearings) calculated from the initial and final coordinates of the centroid in the series.,32,na,na,Jorge
1,entire_japan,Japan,Japan,genus,Ruditapes spp.,Animalia,Mollusca,Bivalvia,Venerida,Veneridae,Ruditapes,marine,marine,fishery statistics,longitude,centroid,abundance_catchlandings,abundance,1909,1909,1909,1909,2021,2021,2021,2021,113,112,104,-1.543071820126274,km/year,349.77916372189975,yes,yes,yes,yes,no,estimated,en,E_jgm2,Watari et al. 2024,10.3389/fmars.2024.1265907,"S. Watari, S. Takemura, H. Oyaizu",Charting and analyzing the catch distribution of Japan's coastal fisheries resources based on centennial statistics,2024,Frontiers in Marine Science,Table S1,shifts estimated as the slope coefficient of the linear regression fitted to the annual lat and lon of centroids provided in sup. table s1. the significance test corresponds to the p-value of the regression slope (significant if p-value <= 0.05). azimuths (bearings) calculated from the initial and final coordinates of the centroid in the series.,32,na,na,Jorge
1,entire_japan,Japan,Japan,order,Octopoda,Animalia,Mollusca,Cephalopoda,Octopoda,NA,NA,marine,marine,fishery statistics,longitude,centroid,abundance_catchlandings,abundance,1894,1894,1894,1894,2021,2021,2021,2021,128,127,128,2.550066576474766,km/year,22.34944645780115,yes,yes,yes,yes,no,estimated,en,E_jgm2,Watari et al. 2024,10.3389/fmars.2024.1265907,"S. Watari, S. Takemura, H. Oyaizu",Charting and analyzing the catch distribution of Japan's coastal fisheries resources based on centennial statistics,2024,Frontiers in Marine Science,Table S1,shifts estimated as the slope coefficient of the linear regression fitted to the annual lat and lon of centroids provided in sup. table s1. the significance test corresponds to the p-value of the regression slope (significant if p-value <= 0.05). azimuths (bearings) calculated from the initial and final coordinates of the centroid in the series.,32,na,na,Jorge
1,entire_japan,Japan,Japan,genus,Haliotis spp.,Animalia,Mollusca,Gastropoda,Lepetellida,Haliotidae,Haliotis,marine,marine,fishery statistics,longitude,centroid,abundance_catchlandings,abundance,1894,1894,1894,1894,2021,2021,2021,2021,128,127,125,-1.706917977979209,km/year,12.230863325275322,yes,yes,yes,yes,no,estimated,en,E_jgm2,Watari et al. 2024,10.3389/fmars.2024.1265907,"S. Watari, S. Takemura, H. Oyaizu",Charting and analyzing the catch distribution of Japan's coastal fisheries resources based on centennial statistics,2024,Frontiers in Marine Science,Table S1,shifts estimated as the slope coefficient of the linear regression fitted to the annual lat and lon of centroids provided in sup. table s1. the significance test corresponds to the p-value of the regression slope (significant if p-value <= 0.05). azimuths (bearings) calculated from the initial and final coordinates of the centroid in the series.,32,na,na,Jorge
1,entire_japan,Japan,Japan,species,Turbo cornutus,Animalia,Mollusca,Gastropoda,Trochida,Turbinidae,Turbo,marine,marine,fishery statistics,longitude,centroid,abundance_catchlandings,abundance,1915,1915,1915,1915,2021,2021,2021,2021,107,106,104,-0.5661475085446891,km/year,52.977118570884556,yes,yes,yes,yes,no,estimated,en,E_jgm2,Watari et al. 2024,10.3389/fmars.2024.1265907,"S. Watari, S. Takemura, H. Oyaizu",Charting and analyzing the catch distribution of Japan's coastal fisheries resources based on centennial statistics,2024,Frontiers in Marine Science,Table S1,shifts estimated as the slope coefficient of the linear regression fitted to the annual lat and lon of centroids provided in sup. table s1. the significance test corresponds to the p-value of the regression slope (significant if p-value <= 0.05). azimuths (bearings) calculated from the initial and final coordinates of the centroid in the series.,32,na,na,Jorge
1,entire_japan,Japan,Japan,genus,Undaria spp.,Chromista,Ochrophyta,Phaeophyceae,Laminariales,Alariaceae,Undaria,marine,marine,fishery statistics,longitude,centroid,abundance_catchlandings,abundance,1922,1922,1922,1922,2006,2006,2006,2006,85,84,82,-0.9031050669136438,km/year,201.92117135396245,yes,yes,yes,yes,no,estimated,en,E_jgm2,Watari et al. 2024,10.3389/fmars.2024.1265907,"S. Watari, S. Takemura, H. Oyaizu",Charting and analyzing the catch distribution of Japan's coastal fisheries resources based on centennial statistics,2024,Frontiers in Marine Science,Table S1,shifts estimated as the slope coefficient of the linear regression fitted to the annual lat and lon of centroids provided in sup. table s1. the significance test corresponds to the p-value of the regression slope (significant if p-value <= 0.05). azimuths (bearings) calculated from the initial and final coordinates of the centroid in the series.,32,na,na,Jorge
1,entire_japan,Japan,Japan,family,Gelidiaceae spp.,Plantae,Rhodophyta,Florideophyceae ,Gelidiales ,Gelidiaceae,NA,marine,marine,fishery statistics,longitude,centroid,abundance_catchlandings,abundance,1894,1894,1894,1894,2006,2006,2006,2006,113,112,105,-1.1516559401203414,km/year,235.41121426732997,yes,yes,yes,yes,no,estimated,en,E_jgm2,Watari et al. 2024,10.3389/fmars.2024.1265907,"S. Watari, S. Takemura, H. Oyaizu",Charting and analyzing the catch distribution of Japan's coastal fisheries resources based on centennial statistics,2024,Frontiers in Marine Science,Table S1,shifts estimated as the slope coefficient of the linear regression fitted to the annual lat and lon of centroids provided in sup. table s1. the significance test corresponds to the p-value of the regression slope (significant if p-value <= 0.05). azimuths (bearings) calculated from the initial and final coordinates of the centroid in the series.,32,na,na,Jorge
1,subprefectural,Hokkaido,Daisetsuzan National Park,species,Sasa kurilensis,Plantae,Tracheophyta,Liliopsida,Poales,Poaceae,Sasa,alpine,terrestrial,remote sensing,elevation,leading edge,abundance,abundance,1977,1977,1977,1977,2012,2012,2012,2012,35,35,2,-0.08571428571428572,m/year,NA,no,na,no,no,no,estimated,en,E0029,Winkler et al. 2016,10.1007/s11258-016-0649-y,"Winkler, DE; Amagai, Y; Huxman, TE; Kaneko, M; Kudo, G",Seasonal dry-down rates and high stress tolerance promote bamboo invasion above and below treeline,2016,Plant Ecology,Table 1,the shift represents change in abundance-weighted mean elevation calculated based on values shown in table 1. values for elevation 1300-1700m were used. significance testing was not conducted because it is not possible with this type of data sampling.,NA,na,"although remote sensing analysis not conducted in a census style like field resurveys, number of censuses was edited from 1 to 2 considering that the census was conducted on the start and end year.",Sakiyama
1,subcontinental,East Asia,East China,species,Acropora hyacinthus,Animalia,Cnidaria,Hexacorallia,Scleractinia,Acroporidae,Acropora,marine,marine,literature and specimens,latitude,leading edge,occurrence_presonly,occurrence,1965-1977,1965,1977,1971,1988-1995,1988,1995,1991.5,na,20.5,NA,13,km/year,NA,no,na,no,no,na,stated,en,E1667,Yamano et al. 2011,10.1029/2010GL046474,"Yamano, H; Sugihara, K; Nomura, K",Rapid poleward range expansion of tropical reef corals in response to rising sea surface temperatures,2011,Geophysical Research Letters,Fig. 2,shifts provided as minimum estimates of expansion rates over the period,NA,na,na,Jorge
1,subcontinental,East Asia,East China,species,Acropora hyacinthus,Animalia,Cnidaria,Hexacorallia,Scleractinia,Acroporidae,Acropora,marine,marine,literature and specimens,latitude,leading edge,occurrence_presonly,occurrence,1988-1995,1988,1995,1991.5,1999-2010,1999,2010,2004.5,na,13,NA,5,km/year,NA,no,na,no,no,na,stated,en,E1667,Yamano et al. 2011,10.1029/2010GL046474,"Yamano, H; Sugihara, K; Nomura, K",Rapid poleward range expansion of tropical reef corals in response to rising sea surface temperatures,2011,Geophysical Research Letters,Fig. 2,shifts provided as minimum estimates of expansion rates over the period,NA,na,na,Jorge
1,entire_japan,Japan,Pacific coast,species,Acropora hyacinthus,Animalia,Cnidaria,Hexacorallia,Scleractinia,Acroporidae,Acropora,marine,marine,literature and specimens,latitude,leading edge,occurrence_presonly,occurrence,1965-1977,1965,1977,1971,1988-1995,1988,1995,1991.5,na,20.5,NA,0,km/year,NA,no,na,no,no,na,stated,en,E1667,Yamano et al. 2011,10.1029/2010GL046474,"Yamano, H; Sugihara, K; Nomura, K",Rapid poleward range expansion of tropical reef corals in response to rising sea surface temperatures,2011,Geophysical Research Letters,Fig. 2,shifts provided as minimum estimates of expansion rates over the period,NA,na,na,Jorge
1,entire_japan,Japan,Pacific coast,species,Acropora hyacinthus,Animalia,Cnidaria,Hexacorallia,Scleractinia,Acroporidae,Acropora,marine,marine,literature and specimens,latitude,leading edge,occurrence_presonly,occurrence,1988-1995,1988,1995,1991.5,1999-2010,1999,2010,2004.5,na,13,NA,0,km/year,NA,no,na,no,no,na,stated,en,E1667,Yamano et al. 2011,10.1029/2010GL046474,"Yamano, H; Sugihara, K; Nomura, K",Rapid poleward range expansion of tropical reef corals in response to rising sea surface temperatures,2011,Geophysical Research Letters,Fig. 2,shifts provided as minimum estimates of expansion rates over the period,NA,na,na,Jorge
1,subcontinental,East Asia,East China,species,Acropora muricata,Animalia,Cnidaria,Hexacorallia,Scleractinia,Acroporidae,Acropora,marine,marine,literature and specimens,latitude,leading edge,occurrence_presonly,occurrence,1988-1995,1988,1995,1991.5,1999-2010,1999,2010,2004.5,na,13,NA,14,km/year,NA,no,na,no,no,na,stated,en,E1667,Yamano et al. 2011,10.1029/2010GL046474,"Yamano, H; Sugihara, K; Nomura, K",Rapid poleward range expansion of tropical reef corals in response to rising sea surface temperatures,2011,Geophysical Research Letters,Fig. 2,shifts provided as minimum estimates of expansion rates over the period,NA,na,na,Jorge
1,entire_japan,Japan,Pacific coast,species,Acropora muricata,Animalia,Cnidaria,Hexacorallia,Scleractinia,Acroporidae,Acropora,marine,marine,literature and specimens,latitude,leading edge,occurrence_presonly,occurrence,1965-1977,1965,1977,1971,1988-1995,1988,1995,1991.5,na,20.5,NA,4,km/year,NA,no,na,no,no,na,stated,en,E1667,Yamano et al. 2011,10.1029/2010GL046474,"Yamano, H; Sugihara, K; Nomura, K",Rapid poleward range expansion of tropical reef corals in response to rising sea surface temperatures,2011,Geophysical Research Letters,Fig. 2,shifts provided as minimum estimates of expansion rates over the period,NA,na,na,Jorge
1,entire_japan,Japan,Pacific coast,species,Acropora muricata,Animalia,Cnidaria,Hexacorallia,Scleractinia,Acroporidae,Acropora,marine,marine,literature and specimens,latitude,leading edge,occurrence_presonly,occurrence,1988-1995,1988,1995,1991.5,1999-2010,1999,2010,2004.5,na,13,NA,0,km/year,NA,no,na,no,no,na,stated,en,E1667,Yamano et al. 2011,10.1029/2010GL046474,"Yamano, H; Sugihara, K; Nomura, K",Rapid poleward range expansion of tropical reef corals in response to rising sea surface temperatures,2011,Geophysical Research Letters,Fig. 2,shifts provided as minimum estimates of expansion rates over the period,NA,na,na,Jorge
1,subcontinental,East Asia,East China,species,Acropora solitaryensis,Animalia,Cnidaria,Hexacorallia,Scleractinia,Acroporidae,Acropora,marine,marine,literature and specimens,latitude,leading edge,occurrence_presonly,occurrence,1988-1995,1988,1995,1991.5,1999-2010,1999,2010,2004.5,na,13,NA,8,km/year,NA,no,na,no,no,na,stated,en,E1667,Yamano et al. 2011,10.1029/2010GL046474,"Yamano, H; Sugihara, K; Nomura, K",Rapid poleward range expansion of tropical reef corals in response to rising sea surface temperatures,2011,Geophysical Research Letters,Fig. 2,shifts provided as minimum estimates of expansion rates over the period,NA,na,na,Jorge
1,entire_japan,Japan,Pacific coast,species,Acropora solitaryensis,Animalia,Cnidaria,Hexacorallia,Scleractinia,Acroporidae,Acropora,marine,marine,literature and specimens,latitude,leading edge,occurrence_presonly,occurrence,1931-1932,1931,1932,1931.5,1965-1977,1965,1977,1971,na,39.5,NA,0,km/year,NA,no,na,no,no,na,stated,en,E1667,Yamano et al. 2011,10.1029/2010GL046474,"Yamano, H; Sugihara, K; Nomura, K",Rapid poleward range expansion of tropical reef corals in response to rising sea surface temperatures,2011,Geophysical Research Letters,Fig. 2,shifts provided as minimum estimates of expansion rates over the period,NA,na,na,Jorge
1,entire_japan,Japan,Pacific coast,species,Acropora solitaryensis,Animalia,Cnidaria,Hexacorallia,Scleractinia,Acroporidae,Acropora,marine,marine,literature and specimens,latitude,leading edge,occurrence_presonly,occurrence,1965-1977,1965,1977,1971,1988-1995,1988,1995,1991.5,na,20.5,NA,5,km/year,NA,no,na,no,no,na,stated,en,E1667,Yamano et al. 2011,10.1029/2010GL046474,"Yamano, H; Sugihara, K; Nomura, K",Rapid poleward range expansion of tropical reef corals in response to rising sea surface temperatures,2011,Geophysical Research Letters,Fig. 2,shifts provided as minimum estimates of expansion rates over the period,NA,na,na,Jorge
1,entire_japan,Japan,Pacific coast,species,Acropora solitaryensis,Animalia,Cnidaria,Hexacorallia,Scleractinia,Acroporidae,Acropora,marine,marine,literature and specimens,latitude,leading edge,occurrence_presonly,occurrence,1988-1995,1988,1995,1991.5,1999-2010,1999,2010,2004.5,na,13,NA,2,km/year,NA,no,na,no,no,na,stated,en,E1667,Yamano et al. 2011,10.1029/2010GL046474,"Yamano, H; Sugihara, K; Nomura, K",Rapid poleward range expansion of tropical reef corals in response to rising sea surface temperatures,2011,Geophysical Research Letters,Fig. 2,shifts provided as minimum estimates of expansion rates over the period,NA,na,na,Jorge
1,subcontinental,East Asia,East China,species,Pavona decussata,Animalia,Cnidaria,Hexacorallia,Scleractinia,Agariciidae,Pavona,marine,marine,literature and specimens,latitude,leading edge,occurrence_presonly,occurrence,1965-1977,1965,1977,1971,1988-1995,1988,1995,1991.5,na,20.5,NA,0,km/year,NA,no,na,no,no,na,stated,en,E1667,Yamano et al. 2011,10.1029/2010GL046474,"Yamano, H; Sugihara, K; Nomura, K",Rapid poleward range expansion of tropical reef corals in response to rising sea surface temperatures,2011,Geophysical Research Letters,Fig. 2,shifts provided as minimum estimates of expansion rates over the period,NA,na,na,Jorge
1,subcontinental,East Asia,East China,species,Pavona decussata,Animalia,Cnidaria,Hexacorallia,Scleractinia,Agariciidae,Pavona,marine,marine,literature and specimens,latitude,leading edge,occurrence_presonly,occurrence,1988-1995,1988,1995,1991.5,1999-2010,1999,2010,2004.5,na,13,NA,5,km/year,NA,no,na,no,no,na,stated,en,E1667,Yamano et al. 2011,10.1029/2010GL046474,"Yamano, H; Sugihara, K; Nomura, K",Rapid poleward range expansion of tropical reef corals in response to rising sea surface temperatures,2011,Geophysical Research Letters,Fig. 2,shifts provided as minimum estimates of expansion rates over the period,NA,na,na,Jorge
1,entire_japan,Japan,Pacific coast,species,Pavona decussata,Animalia,Cnidaria,Hexacorallia,Scleractinia,Agariciidae,Pavona,marine,marine,literature and specimens,latitude,leading edge,occurrence_presonly,occurrence,1931-1932,1931,1932,1931.5,1965-1977,1965,1977,1971,na,39.5,NA,0,km/year,NA,no,na,no,no,na,stated,en,E1667,Yamano et al. 2011,10.1029/2010GL046474,"Yamano, H; Sugihara, K; Nomura, K",Rapid poleward range expansion of tropical reef corals in response to rising sea surface temperatures,2011,Geophysical Research Letters,Fig. 2,shifts provided as minimum estimates of expansion rates over the period,NA,na,na,Jorge
1,entire_japan,Japan,Pacific coast,species,Pavona decussata,Animalia,Cnidaria,Hexacorallia,Scleractinia,Agariciidae,Pavona,marine,marine,literature and specimens,latitude,leading edge,occurrence_presonly,occurrence,1965-1977,1965,1977,1971,1988-1995,1988,1995,1991.5,na,20.5,NA,0,km/year,NA,no,na,no,no,na,stated,en,E1667,Yamano et al. 2011,10.1029/2010GL046474,"Yamano, H; Sugihara, K; Nomura, K",Rapid poleward range expansion of tropical reef corals in response to rising sea surface temperatures,2011,Geophysical Research Letters,Fig. 2,shifts provided as minimum estimates of expansion rates over the period,NA,na,na,Jorge
1,entire_japan,Japan,Pacific coast,species,Pavona decussata,Animalia,Cnidaria,Hexacorallia,Scleractinia,Agariciidae,Pavona,marine,marine,literature and specimens,latitude,leading edge,occurrence_presonly,occurrence,1988-1995,1988,1995,1991.5,1999-2010,1999,2010,2004.5,na,13,NA,5,km/year,NA,no,na,no,no,na,stated,en,E1667,Yamano et al. 2011,10.1029/2010GL046474,"Yamano, H; Sugihara, K; Nomura, K",Rapid poleward range expansion of tropical reef corals in response to rising sea surface temperatures,2011,Geophysical Research Letters,Fig. 2,shifts provided as minimum estimates of expansion rates over the period,NA,na,na,Jorge
1,entire_japan,Japan,Pacific coast,species,Lithophyllon undulatum,Animalia,Cnidaria,Hexacorallia,Scleractinia,Fungiidae,Lithophyllon,marine,marine,literature and specimens,latitude,leading edge,occurrence_presonly,occurrence,1965-1977,1965,1977,1971,1988-1995,1988,1995,1991.5,na,20.5,NA,0,km/year,NA,no,na,no,no,na,stated,en,E1667,Yamano et al. 2011,10.1029/2010GL046474,"Yamano, H; Sugihara, K; Nomura, K",Rapid poleward range expansion of tropical reef corals in response to rising sea surface temperatures,2011,Geophysical Research Letters,Fig. 2,shifts provided as minimum estimates of expansion rates over the period,NA,na,na,Jorge
1,entire_japan,Japan,Pacific coast,species,Lithophyllon undulatum,Animalia,Cnidaria,Hexacorallia,Scleractinia,Fungiidae,Lithophyllon,marine,marine,literature and specimens,latitude,leading edge,occurrence_presonly,occurrence,1988-1995,1988,1995,1991.5,1999-2010,1999,2010,2004.5,na,13,NA,0,km/year,NA,no,na,no,no,na,stated,en,E1667,Yamano et al. 2011,10.1029/2010GL046474,"Yamano, H; Sugihara, K; Nomura, K",Rapid poleward range expansion of tropical reef corals in response to rising sea surface temperatures,2011,Geophysical Research Letters,Fig. 2,shifts provided as minimum estimates of expansion rates over the period,NA,na,na,Jorge
1,entire_japan,Japan,Pacific coast,species,Astraeosmilia tumida,Animalia,Cnidaria,Hexacorallia,Scleractinia,Merulinidae,Astraeosmilia,marine,marine,literature and specimens,latitude,leading edge,occurrence_presonly,occurrence,1965-1977,1965,1977,1971,1988-1995,1988,1995,1991.5,na,20.5,NA,0,km/year,NA,no,na,no,no,na,stated,en,E1667,Yamano et al. 2011,10.1029/2010GL046474,"Yamano, H; Sugihara, K; Nomura, K",Rapid poleward range expansion of tropical reef corals in response to rising sea surface temperatures,2011,Geophysical Research Letters,Fig. 2,shifts provided as minimum estimates of expansion rates over the period,NA,na,na,Jorge
1,entire_japan,Japan,Pacific coast,species,Astraeosmilia tumida,Animalia,Cnidaria,Hexacorallia,Scleractinia,Merulinidae,Astraeosmilia,marine,marine,literature and specimens,latitude,leading edge,occurrence_presonly,occurrence,1988-1995,1988,1995,1991.5,1999-2010,1999,2010,2004.5,na,13,NA,0,km/year,NA,no,na,no,no,na,stated,en,E1667,Yamano et al. 2011,10.1029/2010GL046474,"Yamano, H; Sugihara, K; Nomura, K",Rapid poleward range expansion of tropical reef corals in response to rising sea surface temperatures,2011,Geophysical Research Letters,Fig. 2,shifts provided as minimum estimates of expansion rates over the period,NA,na,na,Jorge
1,subprefectural,Iwate,Goyozan mountain,species,Cervus nippon,Animalia,Chordata,Mammalia,Artiodactyla,Cervidae,Cervus,forest,terrestrial,scientific survey,latitude,leading edge,occurrence,occurrence,1978,1978,1978,1978,2003,2003,2003,2003,25,25,2,0.736,km/year,NA,no,no,no,no,"population increase, snowfall decrease",estimated,ja,J_ogawa16,Yamauchi et al. 2007,https://doi.org/10.11238/mammalianscience.47.39,"山内 貴義, 工藤 雅志, 高槻 成紀",岩手県におけるニホンジカの保護管理の現状と課題,2007,哺乳類科学,Fig. 3,this change represents the change in average latitude calculated based on the mesh map shown in table 3.,NA,na,na,Hayashi
