Recorder name,Language,Reference no,Study region,Area name,Kingdom,Taxonomic resolution,Taxonomic unit,Taxonomic unit_revised,Ecosystem,Information source,Gradient,Position,Measurement type,Start period,End period,N years,Number of censuses,Magnitude of shift,Unit of shift,Azimuth of shift,Shift tested,Shift significant,Data cleaning,Modelling conducted,Other effects,Shift source,Notes
Sakiyama,EN,E0009,Korea Strait,Korea Strait,Animal,Species-level,Engraulis japonicus,Engraulis japonicus,marine,Commercial fisheries data,Latitude,Unknown,Abundance,1984,2010,26,312,-0.018058879,degree/year,NA,yes,Yes,No,No,No,estimated,"While the study focuses on the Korean waters, this study was included because it mainly focuses on open sea species from the surrounding seas of Japan. Range shift was estimated by extracting data from the plots. The measurement of fish data was biomass. The latitude represents biomass-weighted monthly mean latitudes."
Sakiyama,EN,E0009,Korea Strait,Korea Strait,Animal,Species-level,Scomber japonicus,Scomber japonicus,marine,Commercial fisheries data,Latitude,Unknown,Abundance,1984,2010,26,312,-0.005094747,degree/year,NA,yes,No,No,No,No,estimated,"While the study focuses on the Korean waters, this study was included because it mainly focuses on open sea species from the surrounding seas of Japan. Range shift was estimated by extracting data from the plots. The measurement of fish data was biomass. The latitude represents biomass-weighted monthly mean latitudes."
Sakiyama,EN,E0009,Korea Strait,Korea Strait,Animal,Species-level,Trachurus japonicus,Trachurus japonicus,marine,Commercial fisheries data,Latitude,Unknown,Abundance,1987,2010,23,276,-0.005860603,degree/year,NA,yes,Yes,No,No,No,estimated,"While the study focuses on the Korean waters, this study was included because it mainly focuses on open sea species from the surrounding seas of Japan. Range shift was estimated by extracting data from the plots. The measurement of fish data was biomass. The latitude represents biomass-weighted monthly mean latitudes."
Sakiyama,EN,E0009,Korea Strait,Korea Strait,Animal,Species-level,Clupea pallasii,Clupea pallasii,marine,Commercial fisheries data,Latitude,Unknown,Abundance,1999,2010,11,132,-0.06323302,degree/year,NA,yes,Yes,No,No,No,estimated,"While the study focuses on the Korean waters, this study was included because it mainly focuses on open sea species from the surrounding seas of Japan. Range shift was estimated by extracting data from the plots. The measurement of fish data was biomass. The latitude represents biomass-weighted monthly mean latitudes."
Sakiyama,EN,E0009,Korea Strait,Korea Strait,Animal,Species-level,Sardinops sagax,Sardinops sagax,marine,Commercial fisheries data,Latitude,Unknown,Abundance,1984,2010,26,312,-0.032191907,degree/year,NA,yes,Yes,No,No,No,estimated,"While the study focuses on the Korean waters, this study was included because it mainly focuses on open sea species from the surrounding seas of Japan. Range shift was estimated by extracting data from the plots. The measurement of fish data was biomass. The latitude represents biomass-weighted monthly mean latitudes."
Sakiyama,EN,E0009,Korea Strait,Korea Strait,Animal,Species-level,Todarodes pacificus,Todarodes pacificus ,marine,Commercial fisheries data,Latitude,Unknown,Abundance,1984,2010,26,312,-0.005920393,degree/year,NA,yes,No,No,No,No,estimated,"While the study focuses on the Korean waters, this study was included because it mainly focuses on open sea species from the surrounding seas of Japan. Range shift was estimated by extracting data from the plots. The measurement of fish data was biomass. The latitude represents biomass-weighted monthly mean latitudes."
Sakiyama,EN,E0009,Korea Strait,Korea Strait,Animal,Species-level,Scomberomorus niphonius,Scomberomorus niphonius,marine,Commercial fisheries data,Latitude,Unknown,Abundance,1984,2010,26,312,0.054821733,degree/year,NA,yes,Yes,No,No,No,estimated,"While the study focuses on the Korean waters, this study was included because it mainly focuses on open sea species from the surrounding seas of Japan. Range shift was estimated by extracting data from the plots. The measurement of fish data was biomass. The latitude represents biomass-weighted monthly mean latitudes."
Sakiyama,EN,E0009,Korea Strait,Korea Strait,Animal,Species-level,Seriola quinqueradiata,Seriola quinqueradiata,marine,Commercial fisheries data,Latitude,Unknown,Abundance,1984,2010,26,312,0.007938662,degree/year,NA,yes,No,No,No,No,estimated,"While the study focuses on the Korean waters, this study was included because it mainly focuses on open sea species from the surrounding seas of Japan. Range shift was estimated by extracting data from the plots. The measurement of fish data was biomass. The latitude represents biomass-weighted monthly mean latitudes."
Sakiyama,EN,E0009,Korea Strait,Korea Strait,Animal,Species-level,Trichiurus lepturus,Trichiurus lepturus,marine,Commercial fisheries data,Latitude,Unknown,Abundance,1987,2010,23,276,0.034303946,degree/year,NA,yes,Yes,No,No,No,estimated,"While the study focuses on the Korean waters, this study was included because it mainly focuses on open sea species from the surrounding seas of Japan. Range shift was estimated by extracting data from the plots. The measurement of fish data was biomass. The latitude represents biomass-weighted monthly mean latitudes."
Sakiyama,EN,E0009,Korea Strait,Korea Strait,Animal,Species-level,Larimichthys polyactis,Larimichthys polyactis,marine,Commercial fisheries data,Latitude,Unknown,Abundance,1987,2010,23,276,0.041672358,degree/year,NA,yes,Yes,No,No,No,estimated,"While the study focuses on the Korean waters, this study was included because it mainly focuses on open sea species from the surrounding seas of Japan. Range shift was estimated by extracting data from the plots. The measurement of fish data was biomass. The latitude represents biomass-weighted monthly mean latitudes."
Sakiyama,EN,E0009,Korea Strait,Korea Strait,Animal,Species-level,Thamnaconus modestus,Thamnaconus modestus,marine,Commercial fisheries data,Latitude,Unknown,Abundance,1984,2010,26,312,-0.024352358,degree/year,NA,yes,Yes,No,No,No,estimated,"While the study focuses on the Korean waters, this study was included because it mainly focuses on open sea species from the surrounding seas of Japan. Range shift was estimated by extracting data from the plots. The measurement of fish data was biomass. The latitude represents biomass-weighted monthly mean latitudes."
Sakiyama,EN,E0009,Korea Strait,Korea Strait,Animal,Species-level,Branchiostegus japonicus,Branchiostegus japonicus,marine,Commercial fisheries data,Latitude,Unknown,Abundance,1995,2010,15,180,0.03781585,degree/year,NA,yes,Yes,No,No,No,estimated,"While the study focuses on the Korean waters, this study was included because it mainly focuses on open sea species from the surrounding seas of Japan. Range shift was estimated by extracting data from the plots. The measurement of fish data was biomass. The latitude represents biomass-weighted monthly mean latitudes."
Sakiyama,EN,E0029,Hokkaido,Daisetsuzan National Park,Plant,Species-level,Sasa kurilensis,Sasa kurilensis,alpine,Remote sensing,Elevation,Leading edge,Abundance,1977,2012,35,1,-3,meter,NA,No,NA,No,No,No,estimated,The shift represents change in abundance-weighted mean elevation calculated based on values shown in Table 1. Values for elevation 1300-1700m were used. Significance testing was not conducted because it is not possible with this type of data sampling.
Hayashi,JA,J_ogawa16,Japan/Tohoku/Iwate,Iwate/Goyozan,Animal,Species-level,Cervus nippon centralis,Cervus nippon,forest,Distribution survey by the Ministry of the Environment,Latitude,Leading edge,Occurrence,1978,2003,25,2,18.4,kilometer,NA,No,No,No,No,①Increase in population size ②Decrease in snowfall due to global warming,estimated,This change represents the change in average latitude calculated based on the mesh map shown in Table 3.
Sakiyama,EN,E_saki1,central Japan,Mt. Fuji,Plant,Species-level,Salix reinii,Salix reinii ,alpine,Authors did the resurvey,Elevation,Leading edge,Abundance,1978,1999,21,2,-8.055555556,meter,NA,No,NA,No,No,Authors argue that the natural recovery after volcano eruption is the main process of the advancing elevation and discuss that climate change may accelerate this process.,estimated,The shift represents change in abundance-weighted mean elevation calculated based on values shown in Figure 4. Values for plots 1-13 were used. Significance testing was not conducted because it is not possible with this type of data sampling.
Sakiyama,EN,E_saki1,central Japan,Mt. Fuji,Plant,Species-level,Alnus maximowiczii,Alnus maximowiczii,alpine,Authors did the resurvey,Elevation,Leading edge,Abundance,1978,1999,21,2,7.988064791,meter,NA,No,NA,No,No,Authors argue that the natural recovery after volcano eruption is the main process of the advancing elevation and discuss that climate change may accelerate this process.,estimated,The shift represents change in abundance-weighted mean elevation calculated based on values shown in Figure 4. Values for plots 1-14 were used. Significance testing was not conducted because it is not possible with this type of data sampling.
Sakiyama,EN,E_saki1,central Japan,Mt. Fuji,Plant,Species-level,Larix kaempferi,Larix kaempferi ,alpine,Authors did the resurvey,Elevation,Leading edge,Abundance,1978,1999,21,2,12.76584272,meter,NA,No,NA,No,No,Authors argue that the natural recovery after volcano eruption is the main process of the advancing elevation and discuss that climate change may accelerate this process.,estimated,The shift represents change in abundance-weighted mean elevation calculated based on values shown in Figure 4. Values for plots 1-15 were used. Significance testing was not conducted because it is not possible with this type of data sampling.
Sakiyama,EN,E_saki1,central Japan,Mt. Fuji,Plant,Species-level,Abies veitchii,Abies veitchii,alpine,Authors did the resurvey,Elevation,Leading edge,Abundance,1978,1999,21,2,0.238095238,meter,NA,No,NA,No,No,Authors argue that the natural recovery after volcano eruption is the main process of the advancing elevation and discuss that climate change may accelerate this process.,estimated,The shift represents change in abundance-weighted mean elevation calculated based on values shown in Figure 4. Values for plots 1-16 were used. Significance testing was not conducted because it is not possible with this type of data sampling.
Sakiyama,EN,E_saki1,central Japan,Mt. Fuji,Plant,Species-level,Picea jezoensis,Picea jezoensis,alpine,Authors did the resurvey,Elevation,Leading edge,Abundance,1978,1999,21,2,12.30769231,meter,NA,No,NA,No,No,Authors argue that the natural recovery after volcano eruption is the main process of the advancing elevation and discuss that climate change may accelerate this process.,estimated,The shift represents change in abundance-weighted mean elevation calculated based on values shown in Figure 4. Values for plots 1-17 were used. Significance testing was not conducted because it is not possible with this type of data sampling.
Jorge,EN,E1585,Japan,Sea of Japan (central-western sector),Animalia,Species,Gadus macrocephalus,Gadus macrocephalus,Marine,Bottom-trawl surveys,Latitude,Centroid,CPUE,1977–1988,1989–2002,NA,NA,0.87,degrees,49.53777251,Yes (centroid position),Yes,NA,No,NA,Estimated,Shifts estimated from Fig. 3. The significance tested corresponds to the overall centroid shift not the lat/lon ones as stated in the paper. Azimuths (bearings) calculated from the lat/lon shifts.
Jorge,EN,E1585,Japan,Sea of Japan (central-western sector),Animalia,Species,Theragra chalcogramma,Gadus chalcogrammus,Marine,Bottom-trawl surveys,Latitude,Centroid,CPUE,1977–1988,1989–2002,NA,NA,1.42,degrees,54.35297925,Yes (centroid position),Yes,NA,No,NA,Estimated,Shifts estimated from Fig. 3. The significance tested corresponds to the overall centroid shift not the lat/lon ones as stated in the paper. Azimuths (bearings) calculated from the lat/lon shifts.
Jorge,EN,E1585,Japan,Sea of Japan (central-western sector),Animalia,Species,Pleurogrammus azonus,Pleurogrammus azonus,Marine,Bottom-trawl surveys,Latitude,Centroid,CPUE,1977–1988,1989–2002,NA,NA,-0.63,degrees,219.5361572,Yes (centroid position),Yes,NA,No,NA,Estimated,Shifts estimated from Fig. 3. The significance tested corresponds to the overall centroid shift not the lat/lon ones as stated in the paper. Azimuths (bearings) calculated from the lat/lon shifts.
Jorge,EN,E1585,Japan,Sea of Japan (central-western sector),Animalia,Species,Arctoscopus japonicus,Arctoscopus japonicus,Marine,Bottom-trawl surveys,Latitude,Centroid,CPUE,1977–1988,1989–2002,NA,NA,0.56,degrees,65.86762041,Yes (centroid position),No,NA,No,NA,Estimated,Shifts estimated from Fig. 3. The significance tested corresponds to the overall centroid shift not the lat/lon ones as stated in the paper. Azimuths (bearings) calculated from the lat/lon shifts.
Jorge,EN,E1585,Japan,Sea of Japan (central-western sector),Animalia,Species,Squalus acanthias,Squalus acanthias,Marine,Bottom-trawl surveys,Latitude,Centroid,CPUE,1977–1988,1989–2002,NA,NA,1.02,degrees,27.89727103,Yes (centroid position),Yes,NA,No,NA,Estimated,Shifts estimated from Fig. 3. The significance tested corresponds to the overall centroid shift not the lat/lon ones as stated in the paper. Azimuths (bearings) calculated from the lat/lon shifts.
Jorge,EN,E1585,Japan,Sea of Japan (central-western sector),Animalia,Species,Glyptocephalus stelleri,Glyptocephalus stelleri,Marine,Bottom-trawl surveys,Latitude,Centroid,CPUE,1977–1988,1989–2002,NA,NA,0.11,degrees,57.09475708,Yes (centroid position),Yes,NA,No,NA,Estimated,Shifts estimated from Fig. 3. The significance tested corresponds to the overall centroid shift not the lat/lon ones as stated in the paper. Azimuths (bearings) calculated from the lat/lon shifts.
Jorge,EN,E1585,Japan,Sea of Japan (central-western sector),Animalia,Species,Hippoglossoides dubius,Hippoglossoides dubius,Marine,Bottom-trawl surveys,Latitude,Centroid,CPUE,1977–1988,1989–2002,NA,NA,0.12,degrees,70.01689348,Yes (centroid position),No,NA,No,NA,Estimated,Shifts estimated from Fig. 3. The significance tested corresponds to the overall centroid shift not the lat/lon ones as stated in the paper. Azimuths (bearings) calculated from the lat/lon shifts.
Jorge,EN,E1585,Japan,Sea of Japan (central-western sector),Animalia,Species,Pleuronectes herzensteini,Pseudopleuronectes herzensteini,Marine,Bottom-trawl surveys,Latitude,Centroid,CPUE,1977–1988,1989–2002,NA,NA,-0.17,degrees,235.7842979,Yes (centroid position),No,NA,No,NA,Estimated,Shifts estimated from Fig. 3. The significance tested corresponds to the overall centroid shift not the lat/lon ones as stated in the paper. Azimuths (bearings) calculated from the lat/lon shifts.
Jorge,EN,E1585,Japan,Sea of Japan (central-western sector),Animalia,Species,Microstomus achne,Microstomus achne,Marine,Bottom-trawl surveys,Latitude,Centroid,CPUE,1977–1988,1989–2002,NA,NA,-0.68,degrees,214.0771953,Yes (centroid position),Yes,NA,No,NA,Estimated,Shifts estimated from Fig. 3. The significance tested corresponds to the overall centroid shift not the lat/lon ones as stated in the paper. Azimuths (bearings) calculated from the lat/lon shifts.
Jorge,EN,E1585,Japan,Sea of Japan (central-western sector),Animalia,Species,Hippoglossoides pinetorum,Cleisthenes pinetorum,Marine,Bottom-trawl surveys,Latitude,Centroid,CPUE,1977–1988,1989–2002,NA,NA,0.15,degrees,62.65012422,Yes (centroid position),Yes,NA,No,NA,Estimated,Shifts estimated from Fig. 3. The significance tested corresponds to the overall centroid shift not the lat/lon ones as stated in the paper. Azimuths (bearings) calculated from the lat/lon shifts.
Jorge,EN,E1585,Japan,Sea of Japan (central-western sector),Animalia,Species,Eopsetta grigorjewi,Eopsetta grigorjewi,Marine,Bottom-trawl surveys,Latitude,Centroid,CPUE,1977–1988,1989–2002,NA,NA,-0.52,degrees,232.5946434,Yes (centroid position),No,NA,No,NA,Estimated,Shifts estimated from Fig. 3. The significance tested corresponds to the overall centroid shift not the lat/lon ones as stated in the paper. Azimuths (bearings) calculated from the lat/lon shifts.
Jorge,EN,E1585,Japan,Sea of Japan (central-western sector),Animalia,Species,Tanakius kitaharai,Tanakius kitaharae,Marine,Bottom-trawl surveys,Latitude,Centroid,CPUE,1977–1988,1989–2002,NA,NA,0.13,degrees,325.3048465,Yes (centroid position),No,NA,No,NA,Estimated,Shifts estimated from Fig. 3. The significance tested corresponds to the overall centroid shift not the lat/lon ones as stated in the paper. Azimuths (bearings) calculated from the lat/lon shifts.
Jorge,EN,E1585,Japan,Sea of Japan (central-western sector),Animalia,Species,Glossanodon semifasciatus,Glossanodon semifasciatus,Marine,Bottom-trawl surveys,Latitude,Centroid,CPUE,1977–1988,1989–2002,NA,NA,0.35,degrees,67.13549188,Yes (centroid position),Yes,NA,No,NA,Estimated,Shifts estimated from Fig. 3. The significance tested corresponds to the overall centroid shift not the lat/lon ones as stated in the paper. Azimuths (bearings) calculated from the lat/lon shifts.
Jorge,EN,E1585,Japan,Sea of Japan (central-western sector),Animalia,Species,Paralichthys olivaceus,Paralichthys olivaceus,Marine,Bottom-trawl surveys,Latitude,Centroid,CPUE,1977–1988,1989–2002,NA,NA,-0.76,degrees,221.8201699,Yes (centroid position),Yes,NA,No,NA,Estimated,Shifts estimated from Fig. 3. The significance tested corresponds to the overall centroid shift not the lat/lon ones as stated in the paper. Azimuths (bearings) calculated from the lat/lon shifts.
Jorge,EN,E1585,Japan,Sea of Japan (central-western sector),Animalia,Species,Pagrus major,Pagrus major,Marine,Bottom-trawl surveys,Latitude,Centroid,CPUE,1977–1988,1989–2002,NA,NA,-0.36,degrees,213.6900675,Yes (centroid position),Yes,NA,No,NA,Estimated,Shifts estimated from Fig. 3. The significance tested corresponds to the overall centroid shift not the lat/lon ones as stated in the paper. Azimuths (bearings) calculated from the lat/lon shifts.
Jorge,EN,E1585,Japan,Sea of Japan (central-western sector),Animalia,Species,Evynnis japonica,Evynnis tumifrons,Marine,Bottom-trawl surveys,Latitude,Centroid,CPUE,1977–1988,1989–2002,NA,NA,-0.19,degrees,207.7585406,Yes (centroid position),Yes,NA,No,NA,Estimated,Shifts estimated from Fig. 3. The significance tested corresponds to the overall centroid shift not the lat/lon ones as stated in the paper. Azimuths (bearings) calculated from the lat/lon shifts.
Jorge,EN,E1585,Japan,Sea of Japan (central-western sector),Animalia,Species,Dentex tumifrons,Evynnis tumifrons,Marine,Bottom-trawl surveys,Latitude,Centroid,CPUE,1977–1988,1989–2002,NA,NA,0.11,degrees,66.25050551,Yes (centroid position),Yes,NA,No,NA,Estimated,Shifts estimated from Fig. 3. The significance tested corresponds to the overall centroid shift not the lat/lon ones as stated in the paper. Azimuths (bearings) calculated from the lat/lon shifts.
Jorge,EN,E1585,Japan,Sea of Japan (central-western sector),Animalia,Species,Lepidotrigla microptera,Lepidotrigla microptera,Marine,Bottom-trawl surveys,Latitude,Centroid,CPUE,1977–1988,1989–2002,NA,NA,-0.43,degrees,238.7994854,Yes (centroid position),No,NA,No,NA,Estimated,Shifts estimated from Fig. 3. The significance tested corresponds to the overall centroid shift not the lat/lon ones as stated in the paper. Azimuths (bearings) calculated from the lat/lon shifts.
Jorge,EN,E1585,Japan,Sea of Japan (central-western sector),Animalia,Species,Trichiurus japonicus,Trichiurus japonicus,Marine,Bottom-trawl surveys,Latitude,Centroid,CPUE,1977–1988,1989–2002,NA,NA,0.06,degrees,78.31063082,Yes (centroid position),Yes,NA,No,NA,Estimated,Shifts estimated from Fig. 3. The significance tested corresponds to the overall centroid shift not the lat/lon ones as stated in the paper. Azimuths (bearings) calculated from the lat/lon shifts.
Jorge,EN,E1585,Japan,Sea of Japan (central-western sector),Animalia,Species,Gadus macrocephalus,Gadus macrocephalus,Marine,Bottom-trawl surveys,Longitude,Centroid,CPUE,1977–1988,1989–2002,NA,NA,1.02,degrees,49.53777251,Yes (centroid position),Yes,NA,No,NA,Estimated,Shifts estimated from Fig. 3. The significance tested corresponds to the overall centroid shift not the lat/lon ones as stated in the paper. Azimuths (bearings) calculated from the lat/lon shifts.
Jorge,EN,E1585,Japan,Sea of Japan (central-western sector),Animalia,Species,Theragra chalcogramma,Gadus chalcogrammus,Marine,Bottom-trawl surveys,Longitude,Centroid,CPUE,1977–1988,1989–2002,NA,NA,1.98,degrees,54.35297925,Yes (centroid position),Yes,NA,No,NA,Estimated,Shifts estimated from Fig. 3. The significance tested corresponds to the overall centroid shift not the lat/lon ones as stated in the paper. Azimuths (bearings) calculated from the lat/lon shifts.
Jorge,EN,E1585,Japan,Sea of Japan (central-western sector),Animalia,Species,Pleurogrammus azonus,Pleurogrammus azonus,Marine,Bottom-trawl surveys,Longitude,Centroid,CPUE,1977–1988,1989–2002,NA,NA,-0.52,degrees,219.5361572,Yes (centroid position),Yes,NA,No,NA,Estimated,Shifts estimated from Fig. 3. The significance tested corresponds to the overall centroid shift not the lat/lon ones as stated in the paper. Azimuths (bearings) calculated from the lat/lon shifts.
Jorge,EN,E1585,Japan,Sea of Japan (central-western sector),Animalia,Species,Arctoscopus japonicus,Arctoscopus japonicus,Marine,Bottom-trawl surveys,Longitude,Centroid,CPUE,1977–1988,1989–2002,NA,NA,1.25,degrees,65.86762041,Yes (centroid position),Yes,NA,No,NA,Estimated,Shifts estimated from Fig. 3. The significance tested corresponds to the overall centroid shift not the lat/lon ones as stated in the paper. Azimuths (bearings) calculated from the lat/lon shifts.
Jorge,EN,E1585,Japan,Sea of Japan (central-western sector),Animalia,Species,Squalus acanthias,Squalus acanthias,Marine,Bottom-trawl surveys,Longitude,Centroid,CPUE,1977–1988,1989–2002,NA,NA,0.54,degrees,27.89727103,Yes (centroid position),Yes,NA,No,NA,Estimated,Shifts estimated from Fig. 3. The significance tested corresponds to the overall centroid shift not the lat/lon ones as stated in the paper. Azimuths (bearings) calculated from the lat/lon shifts.
Jorge,EN,E1585,Japan,Sea of Japan (central-western sector),Animalia,Species,Glyptocephalus stelleri,Glyptocephalus stelleri,Marine,Bottom-trawl surveys,Longitude,Centroid,CPUE,1977–1988,1989–2002,NA,NA,0.17,degrees,57.09475708,Yes (centroid position),Yes,NA,No,NA,Estimated,Shifts estimated from Fig. 3. The significance tested corresponds to the overall centroid shift not the lat/lon ones as stated in the paper. Azimuths (bearings) calculated from the lat/lon shifts.
Jorge,EN,E1585,Japan,Sea of Japan (central-western sector),Animalia,Species,Hippoglossoides dubius,Hippoglossoides dubius,Marine,Bottom-trawl surveys,Longitude,Centroid,CPUE,1977–1988,1989–2002,NA,NA,0.33,degrees,70.01689348,Yes (centroid position),Yes,NA,No,NA,Estimated,Shifts estimated from Fig. 3. The significance tested corresponds to the overall centroid shift not the lat/lon ones as stated in the paper. Azimuths (bearings) calculated from the lat/lon shifts.
Jorge,EN,E1585,Japan,Sea of Japan (central-western sector),Animalia,Species,Pleuronectes herzensteini,Pseudopleuronectes herzensteini,Marine,Bottom-trawl surveys,Longitude,Centroid,CPUE,1977–1988,1989–2002,NA,NA,-0.25,degrees,235.7842979,Yes (centroid position),Yes,NA,No,NA,Estimated,Shifts estimated from Fig. 3. The significance tested corresponds to the overall centroid shift not the lat/lon ones as stated in the paper. Azimuths (bearings) calculated from the lat/lon shifts.
Jorge,EN,E1585,Japan,Sea of Japan (central-western sector),Animalia,Species,Microstomus achne,Microstomus achne,Marine,Bottom-trawl surveys,Longitude,Centroid,CPUE,1977–1988,1989–2002,NA,NA,-0.46,degrees,214.0771953,Yes (centroid position),Yes,NA,No,NA,Estimated,Shifts estimated from Fig. 3. The significance tested corresponds to the overall centroid shift not the lat/lon ones as stated in the paper. Azimuths (bearings) calculated from the lat/lon shifts.
Jorge,EN,E1585,Japan,Sea of Japan (central-western sector),Animalia,Species,Hippoglossoides pinetorum,Cleisthenes pinetorum,Marine,Bottom-trawl surveys,Longitude,Centroid,CPUE,1977–1988,1989–2002,NA,NA,0.29,degrees,62.65012422,Yes (centroid position),Yes,NA,No,NA,Estimated,Shifts estimated from Fig. 3. The significance tested corresponds to the overall centroid shift not the lat/lon ones as stated in the paper. Azimuths (bearings) calculated from the lat/lon shifts.
Jorge,EN,E1585,Japan,Sea of Japan (central-western sector),Animalia,Species,Eopsetta grigorjewi,Eopsetta grigorjewi,Marine,Bottom-trawl surveys,Longitude,Centroid,CPUE,1977–1988,1989–2002,NA,NA,-0.68,degrees,232.5946434,Yes (centroid position),Yes,NA,No,NA,Estimated,Shifts estimated from Fig. 3. The significance tested corresponds to the overall centroid shift not the lat/lon ones as stated in the paper. Azimuths (bearings) calculated from the lat/lon shifts.
Jorge,EN,E1585,Japan,Sea of Japan (central-western sector),Animalia,Species,Tanakius kitaharai,Tanakius kitaharae,Marine,Bottom-trawl surveys,Longitude,Centroid,CPUE,1977–1988,1989–2002,NA,NA,-0.09,degrees,325.3048465,Yes (centroid position),Yes,NA,No,NA,Estimated,Shifts estimated from Fig. 3. The significance tested corresponds to the overall centroid shift not the lat/lon ones as stated in the paper. Azimuths (bearings) calculated from the lat/lon shifts.
Jorge,EN,E1585,Japan,Sea of Japan (central-western sector),Animalia,Species,Glossanodon semifasciatus,Glossanodon semifasciatus,Marine,Bottom-trawl surveys,Longitude,Centroid,CPUE,1977–1988,1989–2002,NA,NA,0.83,degrees,67.13549188,Yes (centroid position),Yes,NA,No,NA,Estimated,Shifts estimated from Fig. 3. The significance tested corresponds to the overall centroid shift not the lat/lon ones as stated in the paper. Azimuths (bearings) calculated from the lat/lon shifts.
Jorge,EN,E1585,Japan,Sea of Japan (central-western sector),Animalia,Species,Paralichthys olivaceus,Paralichthys olivaceus,Marine,Bottom-trawl surveys,Longitude,Centroid,CPUE,1977–1988,1989–2002,NA,NA,-0.68,degrees,221.8201699,Yes (centroid position),Yes,NA,No,NA,Estimated,Shifts estimated from Fig. 3. The significance tested corresponds to the overall centroid shift not the lat/lon ones as stated in the paper. Azimuths (bearings) calculated from the lat/lon shifts.
Jorge,EN,E1585,Japan,Sea of Japan (central-western sector),Animalia,Species,Pagrus major,Pagrus major,Marine,Bottom-trawl surveys,Longitude,Centroid,CPUE,1977–1988,1989–2002,NA,NA,-0.24,degrees,213.6900675,Yes (centroid position),Yes,NA,No,NA,Estimated,Shifts estimated from Fig. 3. The significance tested corresponds to the overall centroid shift not the lat/lon ones as stated in the paper. Azimuths (bearings) calculated from the lat/lon shifts.
Jorge,EN,E1585,Japan,Sea of Japan (central-western sector),Animalia,Species,Evynnis japonica,Evynnis tumifrons,Marine,Bottom-trawl surveys,Longitude,Centroid,CPUE,1977–1988,1989–2002,NA,NA,-0.1,degrees,207.7585406,Yes (centroid position),Yes,NA,No,NA,Estimated,Shifts estimated from Fig. 3. The significance tested corresponds to the overall centroid shift not the lat/lon ones as stated in the paper. Azimuths (bearings) calculated from the lat/lon shifts.
Jorge,EN,E1585,Japan,Sea of Japan (central-western sector),Animalia,Species,Dentex tumifrons,Evynnis tumifrons,Marine,Bottom-trawl surveys,Longitude,Centroid,CPUE,1977–1988,1989–2002,NA,NA,0.25,degrees,66.25050551,Yes (centroid position),Yes,NA,No,NA,Estimated,Shifts estimated from Fig. 3. The significance tested corresponds to the overall centroid shift not the lat/lon ones as stated in the paper. Azimuths (bearings) calculated from the lat/lon shifts.
Jorge,EN,E1585,Japan,Sea of Japan (central-western sector),Animalia,Species,Lepidotrigla microptera,Lepidotrigla microptera,Marine,Bottom-trawl surveys,Longitude,Centroid,CPUE,1977–1988,1989–2002,NA,NA,-0.71,degrees,238.7994854,Yes (centroid position),Yes,NA,No,NA,Estimated,Shifts estimated from Fig. 3. The significance tested corresponds to the overall centroid shift not the lat/lon ones as stated in the paper. Azimuths (bearings) calculated from the lat/lon shifts.
Jorge,EN,E1585,Japan,Sea of Japan (central-western sector),Animalia,Species,Trichiurus japonicus,Trichiurus japonicus,Marine,Bottom-trawl surveys,Longitude,Centroid,CPUE,1977–1988,1989–2002,NA,NA,0.29,degrees,78.31063082,Yes (centroid position),Yes,NA,No,NA,Estimated,Shifts estimated from Fig. 3. The significance tested corresponds to the overall centroid shift not the lat/lon ones as stated in the paper. Azimuths (bearings) calculated from the lat/lon shifts.
Jorge,EN,E1667,Japan,East China Sea coast,Animalia,Species,Acropora hyacinthus,Acropora hyacinthus,Marine,Literature and museum specimens,Latitude,Leading,Occurrence (presence-only),1965-1977,1988-1995,NA,NA,13,km/year,NA,No,NA,No,No,NA,Stated,Shifts provided as minimum estimates of expansion rates over the period
Jorge,EN,E1667,Japan,East China Sea coast,Animalia,Species,Acropora hyacinthus,Acropora hyacinthus,Marine,Literature and museum specimens,Latitude,Leading,Occurrence (presence-only),1988-1995,1999-2010,NA,NA,5,km/year,NA,No,NA,No,No,NA,Stated,Shifts provided as minimum estimates of expansion rates over the period
Jorge,EN,E1667,Japan,Pacific coast,Animalia,Species,Acropora hyacinthus,Acropora hyacinthus,Marine,Literature and museum specimens,Latitude,Leading,Occurrence (presence-only),1965-1977,1988-1995,NA,NA,0,km/year,NA,No,NA,No,No,NA,Stated,Shifts provided as minimum estimates of expansion rates over the period
Jorge,EN,E1667,Japan,Pacific coast,Animalia,Species,Acropora hyacinthus,Acropora hyacinthus,Marine,Literature and museum specimens,Latitude,Leading,Occurrence (presence-only),1988-1995,1999-2010,NA,NA,0,km/year,NA,No,NA,No,No,NA,Stated,Shifts provided as minimum estimates of expansion rates over the period
Jorge,EN,E1667,Japan,East China Sea coast,Animalia,Species,Acropora muricata,Acropora muricata,Marine,Literature and museum specimens,Latitude,Leading,Occurrence (presence-only),1988-1995,1999-2010,NA,NA,14,km/year,NA,No,NA,No,No,NA,Stated,Shifts provided as minimum estimates of expansion rates over the period
Jorge,EN,E1667,Japan,Pacific coast,Animalia,Species,Acropora muricata,Acropora muricata,Marine,Literature and museum specimens,Latitude,Leading,Occurrence (presence-only),1965-1977,1988-1995,NA,NA,4,km/year,NA,No,NA,No,No,NA,Stated,Shifts provided as minimum estimates of expansion rates over the period
Jorge,EN,E1667,Japan,Pacific coast,Animalia,Species,Acropora muricata,Acropora muricata,Marine,Literature and museum specimens,Latitude,Leading,Occurrence (presence-only),1988-1995,1999-2010,NA,NA,0,km/year,NA,No,NA,No,No,NA,Stated,Shifts provided as minimum estimates of expansion rates over the period
Jorge,EN,E1667,Japan,East China Sea coast,Animalia,Species,Acropora solitaryensis,Acropora solitaryensis,Marine,Literature and museum specimens,Latitude,Leading,Occurrence (presence-only),1988-1995,1999-2010,NA,NA,8,km/year,NA,No,NA,No,No,NA,Stated,Shifts provided as minimum estimates of expansion rates over the period
Jorge,EN,E1667,Japan,Pacific coast,Animalia,Species,Acropora solitaryensis,Acropora solitaryensis,Marine,Literature and museum specimens,Latitude,Leading,Occurrence (presence-only),1931-1932,1965-1977,NA,NA,0,km/year,NA,No,NA,No,No,NA,Stated,Shifts provided as minimum estimates of expansion rates over the period
Jorge,EN,E1667,Japan,Pacific coast,Animalia,Species,Acropora solitaryensis,Acropora solitaryensis,Marine,Literature and museum specimens,Latitude,Leading,Occurrence (presence-only),1965-1977,1988-1995,NA,NA,5,km/year,NA,No,NA,No,No,NA,Stated,Shifts provided as minimum estimates of expansion rates over the period
Jorge,EN,E1667,Japan,Pacific coast,Animalia,Species,Acropora solitaryensis,Acropora solitaryensis,Marine,Literature and museum specimens,Latitude,Leading,Occurrence (presence-only),1988-1995,1999-2010,NA,NA,2,km/year,NA,No,NA,No,No,NA,Stated,Shifts provided as minimum estimates of expansion rates over the period
Jorge,EN,E1667,Japan,East China Sea coast,Animalia,Species,Pavona decussata,Pavona decussata,Marine,Literature and museum specimens,Latitude,Leading,Occurrence (presence-only),1965-1977,1988-1995,NA,NA,0,km/year,NA,No,NA,No,No,NA,Stated,Shifts provided as minimum estimates of expansion rates over the period
Jorge,EN,E1667,Japan,East China Sea coast,Animalia,Species,Pavona decussata,Pavona decussata,Marine,Literature and museum specimens,Latitude,Leading,Occurrence (presence-only),1988-1995,1999-2010,NA,NA,5,km/year,NA,No,NA,No,No,NA,Stated,Shifts provided as minimum estimates of expansion rates over the period
Jorge,EN,E1667,Japan,Pacific coast,Animalia,Species,Pavona decussata,Pavona decussata,Marine,Literature and museum specimens,Latitude,Leading,Occurrence (presence-only),1931-1932,1965-1977,NA,NA,0,km/year,NA,No,NA,No,No,NA,Stated,Shifts provided as minimum estimates of expansion rates over the period
Jorge,EN,E1667,Japan,Pacific coast,Animalia,Species,Pavona decussata,Pavona decussata,Marine,Literature and museum specimens,Latitude,Leading,Occurrence (presence-only),1965-1977,1988-1995,NA,NA,0,km/year,NA,No,NA,No,No,NA,Stated,Shifts provided as minimum estimates of expansion rates over the period
Jorge,EN,E1667,Japan,Pacific coast,Animalia,Species,Pavona decussata,Pavona decussata,Marine,Literature and museum specimens,Latitude,Leading,Occurrence (presence-only),1988-1995,1999-2010,NA,NA,5,km/year,NA,No,NA,No,No,NA,Stated,Shifts provided as minimum estimates of expansion rates over the period
Jorge,EN,E1667,Japan,Pacific coast,Animalia,Species,Caulastrea tumida,Astraeosmilia tumida,Marine,Literature and museum specimens,Latitude,Leading,Occurrence (presence-only),1965-1977,1988-1995,NA,NA,0,km/year,NA,No,NA,No,No,NA,Stated,Shifts provided as minimum estimates of expansion rates over the period
Jorge,EN,E1667,Japan,Pacific coast,Animalia,Species,Caulastrea tumida,Astraeosmilia tumida,Marine,Literature and museum specimens,Latitude,Leading,Occurrence (presence-only),1988-1995,1999-2010,NA,NA,0,km/year,NA,No,NA,No,No,NA,Stated,Shifts provided as minimum estimates of expansion rates over the period
Jorge,EN,E1667,Japan,Pacific coast,Animalia,Species,Lithophyllon undulatum,Lithophyllon undulatum,Marine,Literature and museum specimens,Latitude,Leading,Occurrence (presence-only),1965-1977,1988-1995,NA,NA,0,km/year,NA,No,NA,No,No,NA,Stated,Shifts provided as minimum estimates of expansion rates over the period
Jorge,EN,E1667,Japan,Pacific coast,Animalia,Species,Lithophyllon undulatum,Lithophyllon undulatum,Marine,Literature and museum specimens,Latitude,Leading,Occurrence (presence-only),1988-1995,1999-2010,NA,NA,0,km/year,NA,No,NA,No,No,NA,Stated,Shifts provided as minimum estimates of expansion rates over the period
Jorge,EN,E1991,Japan,Sea of Japan (central-western sector),Animalia,Species,Gadus macrocephalus,Gadus macrocephalus,Marine,Trawl fishery data,Latitude,Centroid,CPUE,1982,2020,39,NA,-0.022,degree year-1,NA,Estimated,No,Yes,Yes,NA,Estimated,Estimated from Fig. 6b and taken as slope of linear regression on lat and lon of predicted COG. The significance correspond to that of the slope coefficient of the linear regression (significant if p-value <= 0.05)
Jorge,EN,E1991,Japan,Sea of Japan (central-western sector),Animalia,Species,Gadus macrocephalus,Gadus macrocephalus,Marine,Trawl fishery data,Longitude,Centroid,CPUE,1982,2020,39,NA,-0.072,degree year-1,NA,Estimated,Yes,Yes,Yes,NA,Estimated,Estimated from Fig. 6b and taken as slope of linear regression on lat and lon of predicted COG. The significance correspond to that of the slope coefficient of the linear regression (significant if p-value <= 0.05)
Jorge,EN,E1991,Japan,Sea of Japan (central-western sector),Animalia,Species,Doederleinia berycoides,Doederleinia berycoides,Marine,Trawl fishery data,Latitude,Centroid,CPUE,1982,2020,39,NA,-0.016,degree year-1,NA,Estimated,No,Yes,Yes,NA,Estimated,Estimated from Fig. 6b and taken as slope of linear regression on lat and lon of predicted COG. The significance correspond to that of the slope coefficient of the linear regression (significant if p-value <= 0.05)
Jorge,EN,E1991,Japan,Sea of Japan (central-western sector),Animalia,Species,Doederleinia berycoides,Doederleinia berycoides,Marine,Trawl fishery data,Longitude,Centroid,CPUE,1982,2020,39,NA,-0.059,degree year-1,NA,Estimated,No,Yes,Yes,NA,Estimated,Estimated from Fig. 6b and taken as slope of linear regression on lat and lon of predicted COG. The significance correspond to that of the slope coefficient of the linear regression (significant if p-value <= 0.05)
Jorge,EN,E1991,Japan,Sea of Japan (central-western sector),Animalia,Species,Hippoglossoides dubius,Hippoglossoides dubius,Marine,Trawl fishery data,Latitude,Centroid,CPUE,1982,2020,39,NA,0.003,degree year-1,NA,Estimated,No,Yes,Yes,NA,Estimated,Estimated from Fig. 6b and taken as slope of linear regression on lat and lon of predicted COG. The significance correspond to that of the slope coefficient of the linear regression (significant if p-value <= 0.05)
Jorge,EN,E1991,Japan,Sea of Japan (central-western sector),Animalia,Species,Hippoglossoides dubius,Hippoglossoides dubius,Marine,Trawl fishery data,Longitude,Centroid,CPUE,1982,2020,39,NA,0.003,degree year-1,NA,Estimated,No,Yes,Yes,NA,Estimated,Estimated from Fig. 6b and taken as slope of linear regression on lat and lon of predicted COG. The significance correspond to that of the slope coefficient of the linear regression (significant if p-value <= 0.05)
Jorge,EN,E1991,Japan,Sea of Japan (central-western sector),Animalia,Species,Glyptocephalus stelleri,Glyptocephalus stelleri,Marine,Trawl fishery data,Latitude,Centroid,CPUE,1982,2020,39,NA,0.009,degree year-1,NA,Estimated,Yes,Yes,Yes,NA,Estimated,Estimated from Fig. 6b and taken as slope of linear regression on lat and lon of predicted COG. The significance correspond to that of the slope coefficient of the linear regression (significant if p-value <= 0.05)
Jorge,EN,E1991,Japan,Sea of Japan (central-western sector),Animalia,Species,Glyptocephalus stelleri,Glyptocephalus stelleri,Marine,Trawl fishery data,Longitude,Centroid,CPUE,1982,2020,39,NA,0.008,degree year-1,NA,Estimated,Yes,Yes,Yes,NA,Estimated,Estimated from Fig. 6b and taken as slope of linear regression on lat and lon of predicted COG. The significance correspond to that of the slope coefficient of the linear regression (significant if p-value <= 0.05)
Jorge,EN,E1991,Japan,Sea of Japan (central-western sector),Animalia,Species,Arctoscopus japonicus,Arctoscopus japonicus,Marine,Trawl fishery data,Latitude,Centroid,CPUE,1982,2020,39,NA,0.013,degree year-1,NA,Estimated,Yes,Yes,Yes,NA,Estimated,Estimated from Fig. 6b and taken as slope of linear regression on lat and lon of predicted COG. The significance correspond to that of the slope coefficient of the linear regression (significant if p-value <= 0.05)
Jorge,EN,E1991,Japan,Sea of Japan (central-western sector),Animalia,Species,Arctoscopus japonicus,Arctoscopus japonicus,Marine,Trawl fishery data,Longitude,Centroid,CPUE,1982,2020,39,NA,0.025,degree year-1,NA,Estimated,Yes,Yes,Yes,NA,Estimated,Estimated from Fig. 6b and taken as slope of linear regression on lat and lon of predicted COG. The significance correspond to that of the slope coefficient of the linear regression (significant if p-value <= 0.05)
Jorge,EN,E1991,Japan,Sea of Japan (central-western sector),Animalia,Species,Cleisthenes pinetorum,Cleisthenes pinetorum,Marine,Trawl fishery data,Latitude,Centroid,CPUE,1982,2020,39,NA,0.008,degree year-1,NA,Estimated,Yes,Yes,Yes,NA,Estimated,Estimated from Fig. 6b and taken as slope of linear regression on lat and lon of predicted COG. The significance correspond to that of the slope coefficient of the linear regression (significant if p-value <= 0.05)
Jorge,EN,E1991,Japan,Sea of Japan (central-western sector),Animalia,Species,Cleisthenes pinetorum,Cleisthenes pinetorum,Marine,Trawl fishery data,Longitude,Centroid,CPUE,1982,2020,39,NA,0.017,degree year-1,NA,Estimated,Yes,Yes,Yes,NA,Estimated,Estimated from Fig. 6b and taken as slope of linear regression on lat and lon of predicted COG. The significance correspond to that of the slope coefficient of the linear regression (significant if p-value <= 0.05)
Jorge,EN,E1991,Japan,Sea of Japan (central-western sector),Animalia,Species,Chionoecetes opilio,Chionoecetes opilio,Marine,Trawl fishery data,Latitude,Centroid,CPUE,1982,2020,39,NA,-0.001,degree year-1,NA,Estimated,No,Yes,Yes,NA,Estimated,Estimated from Fig. 6b and taken as slope of linear regression on lat and lon of predicted COG. The significance correspond to that of the slope coefficient of the linear regression (significant if p-value <= 0.05)
Jorge,EN,E1991,Japan,Sea of Japan (central-western sector),Animalia,Species,Chionoecetes opilio,Chionoecetes opilio,Marine,Trawl fishery data,Longitude,Centroid,CPUE,1982,2020,39,NA,-0.012,degree year-1,NA,Estimated,Yes,Yes,Yes,NA,Estimated,Estimated from Fig. 6b and taken as slope of linear regression on lat and lon of predicted COG. The significance correspond to that of the slope coefficient of the linear regression (significant if p-value <= 0.05)
Jorge,EN,E_jgm1,Japan,Eastern coast,Chromista,species,Ecklonia stolonifera ,Ecklonia stolonifera ,Marine,Literature,Horizontal,Centroid,Occurrence (presence-only),1940,2007,69,NA,0.61,km year-1,NA,No,NA,Yes,Yes,NA,Stated,Number of censuses refer to total number of occurrences used for calculating the shifts (both coasts and all years)
Jorge,EN,E_jgm1,Japan,Western coast,Chromista,species,Undaria pinnatifida,Undaria pinnatifida,Marine,Literature,Horizontal,Centroid,Occurrence (presence-only),1946,2014,70,NA,2.02,km year-1,NA,No,NA,Yes,Yes,NA,Stated,Number of censuses refer to total number of occurrences used for calculating the shifts (both coasts and all years)
Jorge,EN,E_jgm1,Japan,Eastern coast,Chromista,species,Undaria pinnatifida,Undaria pinnatifida,Marine,Literature,Horizontal,Centroid,Occurrence (presence-only),1946,2014,70,NA,1.07,km year-1,NA,No,NA,Yes,Yes,NA,Stated,Number of censuses refer to total number of occurrences used for calculating the shifts (both coasts and all years)
Jorge,EN,E_jgm1,Japan,Western coast,Chromista,species,Undaria peterseniana  ,Undaria pinnatifida,Marine,Literature,Horizontal,Centroid,Occurrence (presence-only),1940,2007,69,NA,1.47,km year-1,NA,No,NA,Yes,Yes,NA,Stated,Number of censuses refer to total number of occurrences used for calculating the shifts (both coasts and all years)
Jorge,EN,E_jgm1,Japan,Eastern coast,Chromista,species,Undaria peterseniana  ,Undaria pinnatifida,Marine,Literature,Horizontal,Centroid,Occurrence (presence-only),1940,2007,69,NA,1.95,km year-1,NA,No,NA,Yes,Yes,NA,Stated,Number of censuses refer to total number of occurrences used for calculating the shifts (both coasts and all years)
Jorge,EN,E_jgm1,Japan,Western coast,Chromista,species,Ecklonia bicyclis ,Eisenia bicyclis,Marine,Literature,Horizontal,Centroid,Occurrence (presence-only),1933,2014,83,NA,0.94,km year-1,NA,No,NA,Yes,Yes,NA,Stated,Number of censuses refer to total number of occurrences used for calculating the shifts (both coasts and all years)
Jorge,EN,E_jgm1,Japan,Eastern coast,Chromista,species,Ecklonia bicyclis ,Eisenia bicyclis,Marine,Literature,Horizontal,Centroid,Occurrence (presence-only),1933,2014,83,NA,1.14,km year-1,NA,No,NA,Yes,Yes,NA,Stated,Number of censuses refer to total number of occurrences used for calculating the shifts (both coasts and all years)
Jorge,EN,E_jgm1,Japan,Western coast,Chromista,species,Ecklonia cava/kurome ,Ecklonia cava,Marine,Literature,Horizontal,Centroid,Occurrence (presence-only),1933,2013,82,NA,2.4,km year-1,NA,No,NA,Yes,Yes,NA,Stated,Number of censuses refer to total number of occurrences used for calculating the shifts (both coasts and all years)
Jorge,EN,E_jgm1,Japan,Eastern coast,Chromista,species,Ecklonia cava/kurome ,Ecklonia cava,Marine,Literature,Horizontal,Centroid,Occurrence (presence-only),1933,2013,82,NA,1.68,km year-1,NA,No,NA,Yes,Yes,NA,Stated,Number of censuses refer to total number of occurrences used for calculating the shifts (both coasts and all years)
Jorge,EN,E_jgm1,Japan,Eastern coast,Chromista,species,Ecklonia arborea ,Eisenia arborea,Marine,Literature,Horizontal,Centroid,Occurrence (presence-only),1952,2009,59,NA,1.19,km year-1,NA,No,NA,Yes,Yes,NA,Stated,Number of censuses refer to total number of occurrences used for calculating the shifts (both coasts and all years)
Jorge,EN,E_jgm1,Japan,Eastern coast,Chromista,species,Undaria undarioides ,Undaria pinnatifida,Marine,Literature,Horizontal,Centroid,Occurrence (presence-only),1968,2009,43,NA,2.24,km year-1,NA,No,NA,Yes,Yes,NA,Stated,Number of censuses refer to total number of occurrences used for calculating the shifts (both coasts and all years)
Jorge,EN,E_jgm1,Japan,Western coast,Chromista,species,Ecklonia radicosa,Ecklonia radicosa,Marine,Literature,Horizontal,Centroid,Occurrence (presence-only),1929,2012,85,NA,0.86,km year-1,NA,No,NA,Yes,Yes,NA,Stated,Number of censuses refer to total number of occurrences used for calculating the shifts (both coasts and all years)
Jorge,EN,E_jgm1,Japan,Eastern coast,Chromista,species,Ecklonia radicosa,Ecklonia radicosa,Marine,Literature,Horizontal,Centroid,Occurrence (presence-only),1929,2012,85,NA,2.13,km year-1,NA,No,NA,Yes,Yes,NA,Stated,Number of censuses refer to total number of occurrences used for calculating the shifts (both coasts and all years)
Jorge,EN,E_jgm1,Japan,Western coast,Chromista,Species,Sargassum confusum,Sargassum confusum,Marine,Literature,Horizontal,Centroid,Occurrence (presence-only),1919,2014,97,NA,4.43,km year-1,NA,No,NA,Yes,Yes,NA,Stated,Number of censuses refer to total number of occurrences used for calculating the shifts (both coasts and all years)
Jorge,EN,E_jgm1,Japan,Eastern coast,Chromista,Species,Sargassum confusum,Sargassum confusum,Marine,Literature,Horizontal,Centroid,Occurrence (presence-only),1919,2014,97,NA,2.83,km year-1,NA,No,NA,Yes,Yes,NA,Stated,Number of censuses refer to total number of occurrences used for calculating the shifts (both coasts and all years)
Jorge,EN,E_jgm1,Japan,Western coast,Chromista,Species,Sargassum thunbergii ,Sargassum thunbergii ,Marine,Literature,Horizontal,Centroid,Occurrence (presence-only),1927,2013,88,NA,-1.1,km year-1,NA,No,NA,Yes,Yes,NA,Stated,Number of censuses refer to total number of occurrences used for calculating the shifts (both coasts and all years)
Jorge,EN,E_jgm1,Japan,Eastern coast,Chromista,Species,Sargassum thunbergii ,Sargassum thunbergii ,Marine,Literature,Horizontal,Centroid,Occurrence (presence-only),1927,2013,88,NA,-5.25,km year-1,NA,No,NA,Yes,Yes,NA,Stated,Number of censuses refer to total number of occurrences used for calculating the shifts (both coasts and all years)
Jorge,EN,E_jgm1,Japan,Western coast,Chromista,Species,Sargassum horneri  ,Sargassum horneri  ,Marine,Literature,Horizontal,Centroid,Occurrence (presence-only),1929,2014,87,NA,2.29,km year-1,NA,No,NA,Yes,Yes,NA,Stated,Number of censuses refer to total number of occurrences used for calculating the shifts (both coasts and all years)
Jorge,EN,E_jgm1,Japan,Eastern coast,Chromista,Species,Sargassum horneri  ,Sargassum horneri  ,Marine,Literature,Horizontal,Centroid,Occurrence (presence-only),1929,2014,87,NA,1.14,km year-1,NA,No,NA,Yes,Yes,NA,Stated,Number of censuses refer to total number of occurrences used for calculating the shifts (both coasts and all years)
Jorge,EN,E_jgm1,Japan,Western coast,Chromista,Species,Sargassum siliquastrum,Sargassum siliquastrum,Marine,Literature,Horizontal,Centroid,Occurrence (presence-only),1923,2014,93,NA,5.36,km year-1,NA,No,NA,Yes,Yes,NA,Stated,Number of censuses refer to total number of occurrences used for calculating the shifts (both coasts and all years)
Jorge,EN,E_jgm1,Japan,Eastern coast,Chromista,Species,Sargassum siliquastrum,Sargassum siliquastrum,Marine,Literature,Horizontal,Centroid,Occurrence (presence-only),1923,2014,93,NA,1.8,km year-1,NA,No,NA,Yes,Yes,NA,Stated,Number of censuses refer to total number of occurrences used for calculating the shifts (both coasts and all years)
Jorge,EN,E_jgm1,Japan,Western coast,Chromista,Species,Myagropsis myagroides ,Myagropsis myagroides ,Marine,Literature,Horizontal,Centroid,Occurrence (presence-only),1946,2014,70,NA,4.12,km year-1,NA,No,NA,Yes,Yes,NA,Stated,Number of censuses refer to total number of occurrences used for calculating the shifts (both coasts and all years)
Jorge,EN,E_jgm1,Japan,Eastern coast,Chromista,Species,Myagropsis myagroides ,Myagropsis myagroides ,Marine,Literature,Horizontal,Centroid,Occurrence (presence-only),1946,2014,70,NA,-2.25,km year-1,NA,No,NA,Yes,Yes,NA,Stated,Number of censuses refer to total number of occurrences used for calculating the shifts (both coasts and all years)
Jorge,EN,E_jgm1,Japan,Western coast,Chromista,Species,Sargassum fulvellum,Sargassum fulvellum,Marine,Literature,Horizontal,Centroid,Occurrence (presence-only),1932,2014,84,NA,3,km year-1,NA,No,NA,Yes,Yes,NA,Stated,Number of censuses refer to total number of occurrences used for calculating the shifts (both coasts and all years)
Jorge,EN,E_jgm1,Japan,Eastern coast,Chromista,Species,Sargassum fulvellum,Sargassum fulvellum,Marine,Literature,Horizontal,Centroid,Occurrence (presence-only),1932,2014,84,NA,0.39,km year-1,NA,No,NA,Yes,Yes,NA,Stated,Number of censuses refer to total number of occurrences used for calculating the shifts (both coasts and all years)
Jorge,EN,E_jgm1,Japan,Western coast,Chromista,Species,Sargassum micracanthum,Sargassum micracanthum,Marine,Literature,Horizontal,Centroid,Occurrence (presence-only),1919,2014,97,NA,2.27,km year-1,NA,No,NA,Yes,Yes,NA,Stated,Number of censuses refer to total number of occurrences used for calculating the shifts (both coasts and all years)
Jorge,EN,E_jgm1,Japan,Eastern coast,Chromista,Species,Sargassum micracanthum,Sargassum micracanthum,Marine,Literature,Horizontal,Centroid,Occurrence (presence-only),1919,2014,97,NA,-0.14,km year-1,NA,No,NA,Yes,Yes,NA,Stated,Number of censuses refer to total number of occurrences used for calculating the shifts (both coasts and all years)
Jorge,EN,E_jgm1,Japan,Western coast,Chromista,Species,Sargassum macrocarpum,Sargassum macrocarpum,Marine,Literature,Horizontal,Centroid,Occurrence (presence-only),1924,2013,91,NA,4.94,km year-1,NA,No,NA,Yes,Yes,NA,Stated,Number of censuses refer to total number of occurrences used for calculating the shifts (both coasts and all years)
Jorge,EN,E_jgm1,Japan,Eastern coast,Chromista,Species,Sargassum macrocarpum,Sargassum macrocarpum,Marine,Literature,Horizontal,Centroid,Occurrence (presence-only),1924,2013,91,NA,-2.63,km year-1,NA,No,NA,Yes,Yes,NA,Stated,Number of censuses refer to total number of occurrences used for calculating the shifts (both coasts and all years)
Jorge,EN,E_jgm1,Japan,Eastern coast,Chromista,Species,Sargassum nigrifolium,Sargassum nigrifolium,Marine,Literature,Horizontal,Centroid,Occurrence (presence-only),1935,2009,76,NA,0.95,km year-1,NA,No,NA,Yes,Yes,NA,Stated,Number of censuses refer to total number of occurrences used for calculating the shifts (both coasts and all years)
Jorge,EN,E_jgm1,Japan,Western coast,Chromista,Species,Sargassum coreanum,Sargassum coreanum,Marine,Literature,Horizontal,Centroid,Occurrence (presence-only),1922,2011,91,NA,3.42,km year-1,NA,No,NA,Yes,Yes,NA,Stated,Number of censuses refer to total number of occurrences used for calculating the shifts (both coasts and all years)
Jorge,EN,E_jgm1,Japan,Eastern coast,Chromista,Species,Sargassum coreanum,Sargassum coreanum,Marine,Literature,Horizontal,Centroid,Occurrence (presence-only),1922,2011,91,NA,-0.95,km year-1,NA,No,NA,Yes,Yes,NA,Stated,Number of censuses refer to total number of occurrences used for calculating the shifts (both coasts and all years)
Jorge,EN,E_jgm1,Japan,Western coast,Chromista,Species,Sargassum muticum ,Sargassum muticum ,Marine,Literature,Horizontal,Centroid,Occurrence (presence-only),1913,2012,101,NA,4.48,km year-1,NA,No,NA,Yes,Yes,NA,Stated,Number of censuses refer to total number of occurrences used for calculating the shifts (both coasts and all years)
Jorge,EN,E_jgm1,Japan,Eastern coast,Chromista,Species,Sargassum muticum ,Sargassum muticum ,Marine,Literature,Horizontal,Centroid,Occurrence (presence-only),1913,2012,101,NA,0.95,km year-1,NA,No,NA,Yes,Yes,NA,Stated,Number of censuses refer to total number of occurrences used for calculating the shifts (both coasts and all years)
Jorge,EN,E_jgm1,Japan,Western coast,Chromista,Species,Sargassum fusiforme ,Sargassum fusiforme ,Marine,Literature,Horizontal,Centroid,Occurrence (presence-only),1940,2014,76,NA,-1.12,km year-1,NA,No,NA,Yes,Yes,NA,Stated,Number of censuses refer to total number of occurrences used for calculating the shifts (both coasts and all years)
Jorge,EN,E_jgm1,Japan,Eastern coast,Chromista,Species,Sargassum fusiforme ,Sargassum fusiforme ,Marine,Literature,Horizontal,Centroid,Occurrence (presence-only),1940,2014,76,NA,-3.14,km year-1,NA,No,NA,Yes,Yes,NA,Stated,Number of censuses refer to total number of occurrences used for calculating the shifts (both coasts and all years)
Jorge,EN,E_jgm1,Japan,Western coast,Chromista,Species,Sargassum piluliferum ,Sargassum piluliferum ,Marine,Literature,Horizontal,Centroid,Occurrence (presence-only),1946,2013,69,NA,3.71,km year-1,NA,No,NA,Yes,Yes,NA,Stated,Number of censuses refer to total number of occurrences used for calculating the shifts (both coasts and all years)
Jorge,EN,E_jgm1,Japan,Eastern coast,Chromista,Species,Sargassum piluliferum ,Sargassum piluliferum ,Marine,Literature,Horizontal,Centroid,Occurrence (presence-only),1946,2013,69,NA,-3.55,km year-1,NA,No,NA,Yes,Yes,NA,Stated,Number of censuses refer to total number of occurrences used for calculating the shifts (both coasts and all years)
Jorge,EN,E_jgm1,Japan,Western coast,Chromista,Species,Sargassum patens ,Sargassum patens ,Marine,Literature,Horizontal,Centroid,Occurrence (presence-only),1946,2014,70,NA,5.36,km year-1,NA,No,NA,Yes,Yes,NA,Stated,Number of censuses refer to total number of occurrences used for calculating the shifts (both coasts and all years)
Jorge,EN,E_jgm1,Japan,Eastern coast,Chromista,Species,Sargassum patens ,Sargassum patens ,Marine,Literature,Horizontal,Centroid,Occurrence (presence-only),1946,2014,70,NA,-1.21,km year-1,NA,No,NA,Yes,Yes,NA,Stated,Number of censuses refer to total number of occurrences used for calculating the shifts (both coasts and all years)
Jorge,EN,E_jgm1,Japan,Western coast,Chromista,Species,Sargassum hemiphyllum ,Sargassum hemiphyllum ,Marine,Literature,Horizontal,Centroid,Occurrence (presence-only),1919,2013,96,NA,2.72,km year-1,NA,No,NA,Yes,Yes,NA,Stated,Number of censuses refer to total number of occurrences used for calculating the shifts (both coasts and all years)
Jorge,EN,E_jgm1,Japan,Eastern coast,Chromista,Species,Sargassum hemiphyllum ,Sargassum hemiphyllum ,Marine,Literature,Horizontal,Centroid,Occurrence (presence-only),1919,2013,96,NA,-2.5,km year-1,NA,No,NA,Yes,Yes,NA,Stated,Number of censuses refer to total number of occurrences used for calculating the shifts (both coasts and all years)
Jorge,EN,E_jgm1,Japan,Western coast,Chromista,Species,Sargassum yendoi ,Sargassum yendoi ,Marine,Literature,Horizontal,Centroid,Occurrence (presence-only),1924,2012,90,NA,3.79,km year-1,NA,No,NA,Yes,Yes,NA,Stated,Number of censuses refer to total number of occurrences used for calculating the shifts (both coasts and all years)
Jorge,EN,E_jgm1,Japan,Eastern coast,Chromista,Species,Sargassum yendoi ,Sargassum yendoi ,Marine,Literature,Horizontal,Centroid,Occurrence (presence-only),1924,2012,90,NA,-4.08,km year-1,NA,No,NA,Yes,Yes,NA,Stated,Number of censuses refer to total number of occurrences used for calculating the shifts (both coasts and all years)
Jorge,EN,E_jgm1,Japan,Eastern coast,Chromista,Species,Sargassum yamamotoi ,Sargassum yamamotoi ,Marine,Literature,Horizontal,Centroid,Occurrence (presence-only),1924,2012,90,NA,-1.55,km year-1,NA,No,NA,Yes,Yes,NA,Stated,Number of censuses refer to total number of occurrences used for calculating the shifts (both coasts and all years)
Jorge,EN,E_jgm1,Japan,Eastern coast,Chromista,Species,Sargassum okamurae ,Sargassum okamurae ,Marine,Literature,Horizontal,Centroid,Occurrence (presence-only),1894,2012,120,NA,-2.51,km year-1,NA,No,NA,Yes,Yes,NA,Stated,Number of censuses refer to total number of occurrences used for calculating the shifts (both coasts and all years)
Jorge,EN,E_jgm1,Japan,Western coast,Chromista,Species,Sargassum crispifolium ,Sargassum crispifolium ,Marine,Literature,Horizontal,Centroid,Occurrence (presence-only),1925,2012,89,NA,-2.6,km year-1,NA,No,NA,Yes,Yes,NA,Stated,Number of censuses refer to total number of occurrences used for calculating the shifts (both coasts and all years)
Jorge,EN,E_jgm1,Japan,Eastern coast,Chromista,Species,Sargassum crispifolium ,Sargassum crispifolium ,Marine,Literature,Horizontal,Centroid,Occurrence (presence-only),1925,2012,89,NA,-2.34,km year-1,NA,No,NA,Yes,Yes,NA,Stated,Number of censuses refer to total number of occurrences used for calculating the shifts (both coasts and all years)
Jorge,EN,E_jgm1,Japan,Eastern coast,Chromista,Species,Sargassum nipponicum ,Sargassum nipponicum ,Marine,Literature,Horizontal,Centroid,Occurrence (presence-only),1925,2013,90,NA,-4.11,km year-1,NA,No,NA,Yes,Yes,NA,Stated,Number of censuses refer to total number of occurrences used for calculating the shifts (both coasts and all years)
Jorge,EN,E_jgm1,Japan,Western coast,Chromista,Species,Sargassum alternato-pinnatum ,Sargassum alternato-pinnatum ,Marine,Literature,Horizontal,Centroid,Occurrence (presence-only),1940,2014,76,NA,7.2,km year-1,NA,No,NA,Yes,Yes,NA,Stated,Number of censuses refer to total number of occurrences used for calculating the shifts (both coasts and all years)
Jorge,EN,E_jgm1,Japan,Eastern coast,Chromista,Species,Sargassum alternato-pinnatum ,Sargassum alternato-pinnatum ,Marine,Literature,Horizontal,Centroid,Occurrence (presence-only),1940,2014,76,NA,6.43,km year-1,NA,No,NA,Yes,Yes,NA,Stated,Number of censuses refer to total number of occurrences used for calculating the shifts (both coasts and all years)
Jorge,EN,E_jgm1,Japan,Western coast,Chromista,Species,Sargassum ilicifolium ,Sargassum ilicifolium ,Marine,Literature,Horizontal,Centroid,Occurrence (presence-only),1932,2012,82,NA,3.32,km year-1,NA,No,NA,Yes,Yes,NA,Stated,Number of censuses refer to total number of occurrences used for calculating the shifts (both coasts and all years)
Jorge,EN,E_jgm1,Japan,Eastern coast,Chromista,Species,Sargassum ilicifolium ,Sargassum ilicifolium ,Marine,Literature,Horizontal,Centroid,Occurrence (presence-only),1932,2012,82,NA,1.41,km year-1,NA,No,NA,Yes,Yes,NA,Stated,Number of censuses refer to total number of occurrences used for calculating the shifts (both coasts and all years)
Jorge,EN,E_jgm1,Japan,Western coast,Animalia,Species,Oulastrea crispata,Oulastrea crispata,Marine,Literature,Horizontal,Centroid,Occurrence (presence-only),1935,2015,82,NA,1.63,km year-1,NA,No,NA,Yes,Yes,NA,Stated,Number of censuses refer to total number of occurrences used for calculating the shifts (both coasts and all years)
Jorge,EN,E_jgm1,Japan,Eastern coast,Animalia,Species,Oulastrea crispata,Oulastrea crispata,Marine,Literature,Horizontal,Centroid,Occurrence (presence-only),1935,2015,82,NA,1.55,km year-1,NA,No,NA,Yes,Yes,NA,Stated,Number of censuses refer to total number of occurrences used for calculating the shifts (both coasts and all years)
Jorge,EN,E_jgm1,Japan,Western coast,Animalia,Species,Alveopora japonica,Alveopora japonica,Marine,Literature,Horizontal,Centroid,Occurrence (presence-only),1935,2014,81,NA,2.8,km year-1,NA,No,NA,Yes,Yes,NA,Stated,Number of censuses refer to total number of occurrences used for calculating the shifts (both coasts and all years)
Jorge,EN,E_jgm1,Japan,Eastern coast,Animalia,Species,Alveopora japonica,Alveopora japonica,Marine,Literature,Horizontal,Centroid,Occurrence (presence-only),1935,2014,81,NA,0.51,km year-1,NA,No,NA,Yes,Yes,NA,Stated,Number of censuses refer to total number of occurrences used for calculating the shifts (both coasts and all years)
Jorge,EN,E_jgm1,Japan,Western coast,Animalia,Species,Acropora pruinosa,Acropora pruinosa,Marine,Literature,Horizontal,Centroid,Occurrence (presence-only),1935,2014,81,NA,0.46,km year-1,NA,No,NA,Yes,Yes,NA,Stated,Number of censuses refer to total number of occurrences used for calculating the shifts (both coasts and all years)
Jorge,EN,E_jgm1,Japan,Eastern coast,Animalia,Species,Acropora pruinosa,Acropora pruinosa,Marine,Literature,Horizontal,Centroid,Occurrence (presence-only),1935,2014,81,NA,0.85,km year-1,NA,No,NA,Yes,Yes,NA,Stated,Number of censuses refer to total number of occurrences used for calculating the shifts (both coasts and all years)
Jorge,EN,E_jgm1,Japan,Western coast,Animalia,Species,Dipsastraea speciosa,Dipsastraea speciosa,Marine,Literature,Horizontal,Centroid,Occurrence (presence-only),1932,2015,85,NA,1.01,km year-1,NA,No,NA,Yes,Yes,NA,Stated,Number of censuses refer to total number of occurrences used for calculating the shifts (both coasts and all years)
Jorge,EN,E_jgm1,Japan,Eastern coast,Animalia,Species,Dipsastraea speciosa,Dipsastraea speciosa,Marine,Literature,Horizontal,Centroid,Occurrence (presence-only),1932,2015,85,NA,1.48,km year-1,NA,No,NA,Yes,Yes,NA,Stated,Number of censuses refer to total number of occurrences used for calculating the shifts (both coasts and all years)
Jorge,EN,E_jgm1,Japan,Western coast,Animalia,Species,Hydnophora exesa,Hydnophora exesa,Marine,Literature,Horizontal,Centroid,Occurrence (presence-only),1932,2015,85,NA,0.61,km year-1,NA,No,NA,Yes,Yes,NA,Stated,Number of censuses refer to total number of occurrences used for calculating the shifts (both coasts and all years)
Jorge,EN,E_jgm1,Japan,Eastern coast,Animalia,Species,Hydnophora exesa,Hydnophora exesa,Marine,Literature,Horizontal,Centroid,Occurrence (presence-only),1932,2015,85,NA,0.91,km year-1,NA,No,NA,Yes,Yes,NA,Stated,Number of censuses refer to total number of occurrences used for calculating the shifts (both coasts and all years)
Jorge,EN,E_jgm1,Japan,Western coast,Animalia,Species,Acropora solitaryensis,Acropora solitaryensis,Marine,Literature,Horizontal,Centroid,Occurrence (presence-only),1965,2012,49,NA,5.78,km year-1,NA,No,NA,Yes,Yes,NA,Stated,Number of censuses refer to total number of occurrences used for calculating the shifts (both coasts and all years)
Jorge,EN,E_jgm1,Japan,Eastern coast,Animalia,Species,Acropora solitaryensis,Acropora solitaryensis,Marine,Literature,Horizontal,Centroid,Occurrence (presence-only),1965,2012,49,NA,2.87,km year-1,NA,No,NA,Yes,Yes,NA,Stated,Number of censuses refer to total number of occurrences used for calculating the shifts (both coasts and all years)
Jorge,EN,E_jgm1,Japan,Western coast,Animalia,Species,Acropora spicifera,Acropora spicifera,Marine,Literature,Horizontal,Centroid,Occurrence (presence-only),1935,2012,79,NA,1.5,km year-1,NA,No,NA,Yes,Yes,NA,Stated,Number of censuses refer to total number of occurrences used for calculating the shifts (both coasts and all years)
Jorge,EN,E_jgm1,Japan,Eastern coast,Animalia,Species,Acropora spicifera,Acropora spicifera,Marine,Literature,Horizontal,Centroid,Occurrence (presence-only),1935,2012,79,NA,1.14,km year-1,NA,No,NA,Yes,Yes,NA,Stated,Number of censuses refer to total number of occurrences used for calculating the shifts (both coasts and all years)
Jorge,EN,E_jgm1,Japan,Western coast,Animalia,Species,Pocillopora damicornis,Pocillopora damicornis,Marine,Literature,Horizontal,Centroid,Occurrence (presence-only),1932,2015,85,NA,1.05,km year-1,NA,No,NA,Yes,Yes,NA,Stated,Number of censuses refer to total number of occurrences used for calculating the shifts (both coasts and all years)
Jorge,EN,E_jgm1,Japan,Eastern coast,Animalia,Species,Pocillopora damicornis,Pocillopora damicornis,Marine,Literature,Horizontal,Centroid,Occurrence (presence-only),1932,2015,85,NA,0.56,km year-1,NA,No,NA,Yes,Yes,NA,Stated,Number of censuses refer to total number of occurrences used for calculating the shifts (both coasts and all years)
Jorge,EN,E_jgm1,Japan,Western coast,Animalia,Species,Pavona decussata,Pavona decussata,Marine,Literature,Horizontal,Centroid,Occurrence (presence-only),1932,2015,85,NA,0.47,km year-1,NA,No,NA,Yes,Yes,NA,Stated,Number of censuses refer to total number of occurrences used for calculating the shifts (both coasts and all years)
Jorge,EN,E_jgm1,Japan,Eastern coast,Animalia,Species,Pavona decussata,Pavona decussata,Marine,Literature,Horizontal,Centroid,Occurrence (presence-only),1932,2015,85,NA,0.96,km year-1,NA,No,NA,Yes,Yes,NA,Stated,Number of censuses refer to total number of occurrences used for calculating the shifts (both coasts and all years)
Jorge,EN,E_jgm1,Japan,Western coast,Animalia,Species,Caulastrea tumida,Astraeosmilia tumida,Marine,Literature,Horizontal,Centroid,Occurrence (presence-only),1932,2015,85,NA,0.39,km year-1,NA,No,NA,Yes,Yes,NA,Stated,Number of censuses refer to total number of occurrences used for calculating the shifts (both coasts and all years)
Jorge,EN,E_jgm1,Japan,Eastern coast,Animalia,Species,Caulastrea tumida,Astraeosmilia tumida,Marine,Literature,Horizontal,Centroid,Occurrence (presence-only),1932,2015,85,NA,0.7,km year-1,NA,No,NA,Yes,Yes,NA,Stated,Number of censuses refer to total number of occurrences used for calculating the shifts (both coasts and all years)
Jorge,EN,E_jgm1,Japan,Western coast,Animalia,Species,Lithophyllon undulatum,Lithophyllon undulatum,Marine,Literature,Horizontal,Centroid,Occurrence (presence-only),1932,2015,85,NA,0.33,km year-1,NA,No,NA,Yes,Yes,NA,Stated,Number of censuses refer to total number of occurrences used for calculating the shifts (both coasts and all years)
Jorge,EN,E_jgm1,Japan,Eastern coast,Animalia,Species,Lithophyllon undulatum,Lithophyllon undulatum,Marine,Literature,Horizontal,Centroid,Occurrence (presence-only),1932,2015,85,NA,-0.35,km year-1,NA,No,NA,Yes,Yes,NA,Stated,Number of censuses refer to total number of occurrences used for calculating the shifts (both coasts and all years)
Jorge,EN,E_jgm1,Japan,Western coast,Animalia,Species,Acropora muricata,Acropora muricata,Marine,Literature,Horizontal,Centroid,Occurrence (presence-only),1932,2015,85,NA,4,km year-1,NA,No,NA,Yes,Yes,NA,Stated,Number of censuses refer to total number of occurrences used for calculating the shifts (both coasts and all years)
Jorge,EN,E_jgm1,Japan,Eastern coast,Animalia,Species,Acropora muricata,Acropora muricata,Marine,Literature,Horizontal,Centroid,Occurrence (presence-only),1932,2015,85,NA,3.33,km year-1,NA,No,NA,Yes,Yes,NA,Stated,Number of censuses refer to total number of occurrences used for calculating the shifts (both coasts and all years)
Jorge,EN,E_jgm1,Japan,Western coast,Animalia,Species,Siganus fuscescens,Siganus fuscescens,Marine,Literature,Horizontal,Centroid,Occurrence (presence-only),1967,2013,48,NA,4.18,km year-1,NA,No,NA,Yes,Yes,NA,Stated,Number of censuses refer to total number of occurrences used for calculating the shifts (both coasts and all years)
Jorge,EN,E_jgm1,Japan,Eastern coast,Animalia,Species,Siganus fuscescens,Siganus fuscescens,Marine,Literature,Horizontal,Centroid,Occurrence (presence-only),1967,2013,48,NA,11.52,km year-1,NA,No,NA,Yes,Yes,NA,Stated,Number of censuses refer to total number of occurrences used for calculating the shifts (both coasts and all years)
Jorge,EN,E_jgm1,Japan,Western coast,Animalia,Species,Calotomus japonicus,Calotomus japonicus,Marine,Literature,Horizontal,Centroid,Occurrence (presence-only),1978,2007,31,NA,3.51,km year-1,NA,No,NA,Yes,Yes,NA,Stated,Number of censuses refer to total number of occurrences used for calculating the shifts (both coasts and all years)
Jorge,EN,E_jgm1,Japan,Eastern coast,Animalia,Species,Calotomus japonicus,Calotomus japonicus,Marine,Literature,Horizontal,Centroid,Occurrence (presence-only),1978,2007,31,NA,4.85,km year-1,NA,No,NA,Yes,Yes,NA,Stated,Number of censuses refer to total number of occurrences used for calculating the shifts (both coasts and all years)
Jorge,EN,E_jgm1,Japan,Western coast,Animalia,Species,Kyphosus bigibbus,Kyphosus bigibbus,Marine,Literature,Horizontal,Centroid,Occurrence (presence-only),1967,2013,48,NA,3.68,km year-1,NA,No,NA,Yes,Yes,NA,Stated,Number of censuses refer to total number of occurrences used for calculating the shifts (both coasts and all years)
Jorge,EN,E_jgm1,Japan,Eastern coast,Animalia,Species,Kyphosus bigibbus,Kyphosus bigibbus,Marine,Literature,Horizontal,Centroid,Occurrence (presence-only),1967,2013,48,NA,-0.04,km year-1,NA,No,NA,Yes,Yes,NA,Stated,Number of censuses refer to total number of occurrences used for calculating the shifts (both coasts and all years)
Jorge,EN,E_jgm1,Japan,NA,Chromista,Species,Ecklonia stolonifera ,Ecklonia stolonifera ,Marine,Literature,Horizontal,Leading,Occurrence (presence-only),NA,NA,14.5,NA,5.1,km year-1,NA,No,NA,No,No,No,Stated,Shifts calculated as least coast path distances along the coast between reported northernmost records between periods
Jorge,EN,E_jgm1,Japan,NA,Chromista,Species,Ecklonia stolonifera ,Ecklonia stolonifera ,Marine,Literature,Horizontal,Trailing,Occurrence (presence-only),NA,NA,7,NA,0,km year-1,NA,No,NA,No,No,No,Stated,Shifts calculated as least coast path distances along the coast between reported northernmost records between periods
Jorge,EN,E_jgm1,Japan,NA,Chromista,Species,Undaria pinnatifida,Undaria pinnatifida,Marine,Literature,Horizontal,Leading,Occurrence (presence-only),NA,NA,20,NA,0,km year-1,NA,No,NA,No,No,No,Stated,Shifts calculated as least coast path distances along the coast between reported northernmost records between periods
Jorge,EN,E_jgm1,Japan,NA,Chromista,Species,Undaria pinnatifida,Undaria pinnatifida,Marine,Literature,Horizontal,Trailing,Occurrence (presence-only),NA,NA,21,NA,0,km year-1,NA,No,NA,No,No,No,Stated,Shifts calculated as least coast path distances along the coast between reported northernmost records between periods
Jorge,EN,E_jgm1,Japan,NA,Chromista,Species,Undaria peterseniana  ,Undaria pinnatifida,Marine,Literature,Horizontal,Leading,Occurrence (presence-only),NA,NA,19,NA,-0.29,km year-1,NA,No,NA,No,No,No,Stated,Shifts calculated as least coast path distances along the coast between reported northernmost records between periods
Jorge,EN,E_jgm1,Japan,NA,Chromista,Species,Undaria peterseniana  ,Undaria pinnatifida,Marine,Literature,Horizontal,Trailing,Occurrence (presence-only),NA,NA,40.5,NA,1.64,km year-1,NA,No,NA,No,No,No,Stated,Shifts calculated as least coast path distances along the coast between reported northernmost records between periods
Jorge,EN,E_jgm1,Japan,NA,Chromista,Species,Ecklonia bicyclis ,Eisenia bicyclis,Marine,Literature,Horizontal,Leading,Occurrence (presence-only),NA,NA,15,NA,0,km year-1,NA,No,NA,No,No,No,Stated,Shifts calculated as least coast path distances along the coast between reported northernmost records between periods
Jorge,EN,E_jgm1,Japan,NA,Chromista,Species,Ecklonia bicyclis ,Eisenia bicyclis,Marine,Literature,Horizontal,Trailing,Occurrence (presence-only),NA,NA,33,NA,0,km year-1,NA,No,NA,No,No,No,Stated,Shifts calculated as least coast path distances along the coast between reported northernmost records between periods
Jorge,EN,E_jgm1,Japan,NA,Chromista,Species,Ecklonia cava ,Ecklonia cava ,Marine,Literature,Horizontal,Leading,Occurrence (presence-only),NA,NA,21,NA,4.04,km year-1,NA,No,NA,No,No,No,Stated,Shifts calculated as least coast path distances along the coast between reported northernmost records between periods
Jorge,EN,E_jgm1,Japan,NA,Chromista,Species,Ecklonia cava ,Ecklonia cava ,Marine,Literature,Horizontal,Trailing,Occurrence (presence-only),NA,NA,22.9,NA,2.31,km year-1,NA,No,NA,No,No,No,Stated,Shifts calculated as least coast path distances along the coast between reported northernmost records between periods
Jorge,EN,E_jgm1,Japan,NA,Chromista,Species,Ecklonia arborea ,Eisenia arborea,Marine,Literature,Horizontal,Leading,Occurrence (presence-only),NA,NA,10,NA,0,km year-1,NA,No,NA,No,No,No,Stated,Shifts calculated as least coast path distances along the coast between reported northernmost records between periods
Jorge,EN,E_jgm1,Japan,NA,Chromista,Species,Ecklonia arborea ,Eisenia arborea,Marine,Literature,Horizontal,Trailing,Occurrence (presence-only),NA,NA,16,NA,0.8,km year-1,NA,No,NA,No,No,No,Stated,Shifts calculated as least coast path distances along the coast between reported northernmost records between periods
Jorge,EN,E_jgm1,Japan,NA,Chromista,Species,Undaria undarioides,Undaria pinnatifida,Marine,Literature,Horizontal,Leading,Occurrence (presence-only),NA,NA,9,NA,0,km year-1,NA,No,NA,No,No,No,Stated,Shifts calculated as least coast path distances along the coast between reported northernmost records between periods
Jorge,EN,E_jgm1,Japan,NA,Chromista,Species,Undaria undarioides,Undaria pinnatifida,Marine,Literature,Horizontal,Trailing,Occurrence (presence-only),NA,NA,22,NA,0,km year-1,NA,No,NA,No,No,No,Stated,Shifts calculated as least coast path distances along the coast between reported northernmost records between periods
Jorge,EN,E_jgm1,Japan,NA,Chromista,Species,Ecklonia radicosa,Ecklonia radicosa,Marine,Literature,Horizontal,Leading,Occurrence (presence-only),NA,NA,37.6,NA,1.63,km year-1,NA,No,NA,No,No,No,Stated,Shifts calculated as least coast path distances along the coast between reported northernmost records between periods
Jorge,EN,E_jgm1,Japan,NA,Chromista,Species,Ecklonia radicosa,Ecklonia radicosa,Marine,Literature,Horizontal,Trailing,Occurrence (presence-only),NA,NA,29.7,NA,7.2,km year-1,NA,No,NA,No,No,No,Stated,Shifts calculated as least coast path distances along the coast between reported northernmost records between periods
Jorge,EN,E_jgm1,Japan,NA,Chromista,Species,Sargassum confusum,Sargassum confusum,Marine,Literature,Horizontal,Trailing,Occurrence (presence-only),NA,NA,16,NA,8.21,km year-1,NA,No,NA,No,No,No,Stated,Shifts calculated as least coast path distances along the coast between reported northernmost records between periods
Jorge,EN,E_jgm1,Japan,NA,Chromista,Species,Sargassum thunbergii ,Sargassum thunbergii ,Marine,Literature,Horizontal,Leading,Occurrence (presence-only),NA,NA,18,NA,0,km year-1,NA,No,NA,No,No,No,Stated,Shifts calculated as least coast path distances along the coast between reported northernmost records between periods
Jorge,EN,E_jgm1,Japan,NA,Chromista,Species,Sargassum thunbergii ,Sargassum thunbergii ,Marine,Literature,Horizontal,Trailing,Occurrence (presence-only),NA,NA,49,NA,0,km year-1,NA,No,NA,No,No,No,Stated,Shifts calculated as least coast path distances along the coast between reported northernmost records between periods
Jorge,EN,E_jgm1,Japan,NA,Chromista,Species,Sargassum horneri  ,Sargassum horneri  ,Marine,Literature,Horizontal,Leading,Occurrence (presence-only),NA,NA,12,NA,0,km year-1,NA,No,NA,No,No,No,Stated,Shifts calculated as least coast path distances along the coast between reported northernmost records between periods
Jorge,EN,E_jgm1,Japan,NA,Chromista,Species,Sargassum horneri  ,Sargassum horneri  ,Marine,Literature,Horizontal,Trailing,Occurrence (presence-only),NA,NA,26,NA,0.69,km year-1,NA,No,NA,No,No,No,Stated,Shifts calculated as least coast path distances along the coast between reported northernmost records between periods
Jorge,EN,E_jgm1,Japan,NA,Chromista,Species,Sargassum siliquastrum ,Sargassum siliquastrum ,Marine,Literature,Horizontal,Leading,Occurrence (presence-only),NA,NA,24,NA,0,km year-1,NA,No,NA,No,No,No,Stated,Shifts calculated as least coast path distances along the coast between reported northernmost records between periods
Jorge,EN,E_jgm1,Japan,NA,Chromista,Species,Sargassum siliquastrum ,Sargassum siliquastrum ,Marine,Literature,Horizontal,Trailing,Occurrence (presence-only),NA,NA,29.9,NA,1.88,km year-1,NA,No,NA,No,No,No,Stated,Shifts calculated as least coast path distances along the coast between reported northernmost records between periods
Jorge,EN,E_jgm1,Japan,NA,Chromista,Species,Myagropsis myagroides ,Myagropsis myagroides ,Marine,Literature,Horizontal,Leading,Occurrence (presence-only),NA,NA,29,NA,0,km year-1,NA,No,NA,No,No,No,Stated,Shifts calculated as least coast path distances along the coast between reported northernmost records between periods
Jorge,EN,E_jgm1,Japan,NA,Chromista,Species,Myagropsis myagroides ,Myagropsis myagroides ,Marine,Literature,Horizontal,Trailing,Occurrence (presence-only),NA,NA,27,NA,2.04,km year-1,NA,No,NA,No,No,No,Stated,Shifts calculated as least coast path distances along the coast between reported northernmost records between periods
Jorge,EN,E_jgm1,Japan,NA,Chromista,Species,Sargassum fulvellum ,Sargassum fulvellum ,Marine,Literature,Horizontal,Leading,Occurrence (presence-only),NA,NA,29,NA,0,km year-1,NA,No,NA,No,No,No,Stated,Shifts calculated as least coast path distances along the coast between reported northernmost records between periods
Jorge,EN,E_jgm1,Japan,NA,Chromista,Species,Sargassum fulvellum ,Sargassum fulvellum ,Marine,Literature,Horizontal,Trailing,Occurrence (presence-only),NA,NA,29,NA,4.8,km year-1,NA,No,NA,No,No,No,Stated,Shifts calculated as least coast path distances along the coast between reported northernmost records between periods
Jorge,EN,E_jgm1,Japan,NA,Chromista,Species,Sargassum micracanthum ,Sargassum micracanthum ,Marine,Literature,Horizontal,Leading,Occurrence (presence-only),NA,NA,28,NA,8.86,km year-1,NA,No,NA,No,No,No,Stated,Shifts calculated as least coast path distances along the coast between reported northernmost records between periods
Jorge,EN,E_jgm1,Japan,NA,Chromista,Species,Sargassum micracanthum ,Sargassum micracanthum ,Marine,Literature,Horizontal,Trailing,Occurrence (presence-only),NA,NA,22.9,NA,1.41,km year-1,NA,No,NA,No,No,No,Stated,Shifts calculated as least coast path distances along the coast between reported northernmost records between periods
Jorge,EN,E_jgm1,Japan,NA,Chromista,Species,Sargassum macrocarpum ,Sargassum macrocarpum ,Marine,Literature,Horizontal,Leading,Occurrence (presence-only),NA,NA,28,NA,0,km year-1,NA,No,NA,No,No,No,Stated,Shifts calculated as least coast path distances along the coast between reported northernmost records between periods
Jorge,EN,E_jgm1,Japan,NA,Chromista,Species,Sargassum macrocarpum ,Sargassum macrocarpum ,Marine,Literature,Horizontal,Trailing,Occurrence (presence-only),NA,NA,37.9,NA,2.1,km year-1,NA,No,NA,No,No,No,Stated,Shifts calculated as least coast path distances along the coast between reported northernmost records between periods
Jorge,EN,E_jgm1,Japan,NA,Chromista,Species,Sargassum nigrifolium ,Sargassum nigrifolium ,Marine,Literature,Horizontal,Leading,Occurrence (presence-only),NA,NA,30,NA,0.3,km year-1,NA,No,NA,No,No,No,Stated,Shifts calculated as least coast path distances along the coast between reported northernmost records between periods
Jorge,EN,E_jgm1,Japan,NA,Chromista,Species,Sargassum nigrifolium ,Sargassum nigrifolium ,Marine,Literature,Horizontal,Trailing,Occurrence (presence-only),NA,NA,32,NA,0.97,km year-1,NA,No,NA,No,No,No,Stated,Shifts calculated as least coast path distances along the coast between reported northernmost records between periods
Jorge,EN,E_jgm1,Japan,NA,Chromista,Species,Sargassum coreanum,Sargassum coreanum,Marine,Literature,Horizontal,Leading,Occurrence (presence-only),NA,NA,35,NA,-2.43,km year-1,NA,No,NA,No,No,No,Stated,Shifts calculated as least coast path distances along the coast between reported northernmost records between periods
Jorge,EN,E_jgm1,Japan,NA,Chromista,Species,Sargassum coreanum,Sargassum coreanum,Marine,Literature,Horizontal,Trailing,Occurrence (presence-only),NA,NA,24.1,NA,1.95,km year-1,NA,No,NA,No,No,No,Stated,Shifts calculated as least coast path distances along the coast between reported northernmost records between periods
Jorge,EN,E_jgm1,Japan,NA,Chromista,Species,Sargassum muticum ,Sargassum muticum ,Marine,Literature,Horizontal,Leading,Occurrence (presence-only),NA,NA,18,NA,3.07,km year-1,NA,No,NA,No,No,No,Stated,Shifts calculated as least coast path distances along the coast between reported northernmost records between periods
Jorge,EN,E_jgm1,Japan,NA,Chromista,Species,Sargassum muticum ,Sargassum muticum ,Marine,Literature,Horizontal,Trailing,Occurrence (presence-only),NA,NA,37,NA,1.46,km year-1,NA,No,NA,No,No,No,Stated,Shifts calculated as least coast path distances along the coast between reported northernmost records between periods
Jorge,EN,E_jgm1,Japan,NA,Chromista,Species,Sargassum fusiforme ,Sargassum fusiforme ,Marine,Literature,Horizontal,Leading,Occurrence (presence-only),NA,NA,17,NA,0,km year-1,NA,No,NA,No,No,No,Stated,Shifts calculated as least coast path distances along the coast between reported northernmost records between periods
Jorge,EN,E_jgm1,Japan,NA,Chromista,Species,Sargassum fusiforme ,Sargassum fusiforme ,Marine,Literature,Horizontal,Trailing,Occurrence (presence-only),NA,NA,18,NA,0,km year-1,NA,No,NA,No,No,No,Stated,Shifts calculated as least coast path distances along the coast between reported northernmost records between periods
Jorge,EN,E_jgm1,Japan,NA,Chromista,Species,Sargassum piluliferum ,Sargassum piluliferum ,Marine,Literature,Horizontal,Leading,Occurrence (presence-only),NA,NA,28,NA,-0.46,km year-1,NA,No,NA,No,No,No,Stated,Shifts calculated as least coast path distances along the coast between reported northernmost records between periods
Jorge,EN,E_jgm1,Japan,NA,Chromista,Species,Sargassum piluliferum ,Sargassum piluliferum ,Marine,Literature,Horizontal,Trailing,Occurrence (presence-only),NA,NA,26.5,NA,0.94,km year-1,NA,No,NA,No,No,No,Stated,Shifts calculated as least coast path distances along the coast between reported northernmost records between periods
Jorge,EN,E_jgm1,Japan,NA,Chromista,Species,Sargassum patens ,Sargassum patens ,Marine,Literature,Horizontal,Leading,Occurrence (presence-only),NA,NA,24,NA,0,km year-1,NA,No,NA,No,No,No,Stated,Shifts calculated as least coast path distances along the coast between reported northernmost records between periods
Jorge,EN,E_jgm1,Japan,NA,Chromista,Species,Sargassum patens ,Sargassum patens ,Marine,Literature,Horizontal,Trailing,Occurrence (presence-only),NA,NA,31,NA,0.43,km year-1,NA,No,NA,No,No,No,Stated,Shifts calculated as least coast path distances along the coast between reported northernmost records between periods
Jorge,EN,E_jgm1,Japan,NA,Chromista,Species,Sargassum hemiphyllum ,Sargassum hemiphyllum ,Marine,Literature,Horizontal,Leading,Occurrence (presence-only),NA,NA,42,NA,0,km year-1,NA,No,NA,No,No,No,Stated,Shifts calculated as least coast path distances along the coast between reported northernmost records between periods
Jorge,EN,E_jgm1,Japan,NA,Chromista,Species,Sargassum hemiphyllum ,Sargassum hemiphyllum ,Marine,Literature,Horizontal,Trailing,Occurrence (presence-only),NA,NA,29.1,NA,3.39,km year-1,NA,No,NA,No,No,No,Stated,Shifts calculated as least coast path distances along the coast between reported northernmost records between periods
Jorge,EN,E_jgm1,Japan,NA,Chromista,Species,Sargassum yendoi ,Sargassum yendoi ,Marine,Literature,Horizontal,Leading,Occurrence (presence-only),NA,NA,30,NA,0.3,km year-1,NA,No,NA,No,No,No,Stated,Shifts calculated as least coast path distances along the coast between reported northernmost records between periods
Jorge,EN,E_jgm1,Japan,NA,Chromista,Species,Sargassum yendoi ,Sargassum yendoi ,Marine,Literature,Horizontal,Trailing,Occurrence (presence-only),NA,NA,55,NA,0,km year-1,NA,No,NA,No,No,No,Stated,Shifts calculated as least coast path distances along the coast between reported northernmost records between periods
Jorge,EN,E_jgm1,Japan,NA,Chromista,Species,Sargassum yamamotoi ,Sargassum yamamotoi ,Marine,Literature,Horizontal,Leading,Occurrence (presence-only),NA,NA,42,NA,0.43,km year-1,NA,No,NA,No,No,No,Stated,Shifts calculated as least coast path distances along the coast between reported northernmost records between periods
Jorge,EN,E_jgm1,Japan,NA,Chromista,Species,Sargassum yamamotoi ,Sargassum yamamotoi ,Marine,Literature,Horizontal,Trailing,Occurrence (presence-only),NA,NA,15,NA,-1.62,km year-1,NA,No,NA,No,No,No,Stated,Shifts calculated as least coast path distances along the coast between reported northernmost records between periods
Jorge,EN,E_jgm1,Japan,NA,Chromista,Species,Sargassum okamurae ,Sargassum okamurae ,Marine,Literature,Horizontal,Leading,Occurrence (presence-only),NA,NA,17,NA,-3.54,km year-1,NA,No,NA,No,No,No,Stated,Shifts calculated as least coast path distances along the coast between reported northernmost records between periods
Jorge,EN,E_jgm1,Japan,NA,Chromista,Species,Sargassum okamurae ,Sargassum okamurae ,Marine,Literature,Horizontal,Trailing,Occurrence (presence-only),NA,NA,13.3,NA,0.05,km year-1,NA,No,NA,No,No,No,Stated,Shifts calculated as least coast path distances along the coast between reported northernmost records between periods
Jorge,EN,E_jgm1,Japan,NA,Chromista,Species,Sargassum crispifolium ,Sargassum crispifolium ,Marine,Literature,Horizontal,Leading,Occurrence (presence-only),NA,NA,19.5,NA,-0.34,km year-1,NA,No,NA,No,No,No,Stated,Shifts calculated as least coast path distances along the coast between reported northernmost records between periods
Jorge,EN,E_jgm1,Japan,NA,Chromista,Species,Sargassum crispifolium ,Sargassum crispifolium ,Marine,Literature,Horizontal,Trailing,Occurrence (presence-only),NA,NA,46,NA,3.09,km year-1,NA,No,NA,No,No,No,Stated,Shifts calculated as least coast path distances along the coast between reported northernmost records between periods
Jorge,EN,E_jgm1,Japan,NA,Chromista,Species,Sargassum nipponicum ,Sargassum nipponicum ,Marine,Literature,Horizontal,Leading,Occurrence (presence-only),NA,NA,39,NA,0,km year-1,NA,No,NA,No,No,No,Stated,Shifts calculated as least coast path distances along the coast between reported northernmost records between periods
Jorge,EN,E_jgm1,Japan,NA,Chromista,Species,Sargassum nipponicum ,Sargassum nipponicum ,Marine,Literature,Horizontal,Trailing,Occurrence (presence-only),NA,NA,17.5,NA,-5.71,km year-1,NA,No,NA,No,No,No,Stated,Shifts calculated as least coast path distances along the coast between reported northernmost records between periods
Jorge,EN,E_jgm1,Japan,NA,Chromista,Species,Sargassum alternato-pinnatum ,Sargassum alternato-pinnatum ,Marine,Literature,Horizontal,Leading,Occurrence (presence-only),NA,NA,14,NA,9.29,km year-1,NA,No,NA,No,No,No,Stated,Shifts calculated as least coast path distances along the coast between reported northernmost records between periods
Jorge,EN,E_jgm1,Japan,NA,Chromista,Species,Sargassum ilicifolium ,Sargassum ilicifolium ,Marine,Literature,Horizontal,Leading,Occurrence (presence-only),NA,NA,15,NA,4.5,km year-1,NA,No,NA,No,No,No,Stated,Shifts calculated as least coast path distances along the coast between reported northernmost records between periods
Jorge,EN,E_jgm1,Japan,NA,Animalia,Species,Oulastrea crispata,Oulastrea crispata,Marine,Literature,Horizontal,Leading,Occurrence (presence-only),NA,NA,26,NA,1.07,km year-1,NA,No,NA,No,No,No,Stated,Shifts calculated as least coast path distances along the coast between reported northernmost records between periods
Jorge,EN,E_jgm1,Japan,NA,Animalia,Species,Alveopora japonica,Alveopora japonica,Marine,Literature,Horizontal,Leading,Occurrence (presence-only),NA,NA,20,NA,1.63,km year-1,NA,No,NA,No,No,No,Stated,Shifts calculated as least coast path distances along the coast between reported northernmost records between periods
Jorge,EN,E_jgm1,Japan,NA,Animalia,Species,Alveopora japonica,Alveopora japonica,Marine,Literature,Horizontal,Trailing,Occurrence (presence-only),NA,NA,13.5,NA,0,km year-1,NA,No,NA,No,No,No,Stated,Shifts calculated as least coast path distances along the coast between reported northernmost records between periods
Jorge,EN,E_jgm1,Japan,NA,Animalia,Species,Acropora pruinosa,Acropora pruinosa,Marine,Literature,Horizontal,Leading,Occurrence (presence-only),NA,NA,62.5,NA,0,km year-1,NA,No,NA,No,No,No,Stated,Shifts calculated as least coast path distances along the coast between reported northernmost records between periods
Jorge,EN,E_jgm1,Japan,NA,Animalia,Species,Acropora pruinosa,Acropora pruinosa,Marine,Literature,Horizontal,Trailing,Occurrence (presence-only),NA,NA,29.5,NA,0.52,km year-1,NA,No,NA,No,No,No,Stated,Shifts calculated as least coast path distances along the coast between reported northernmost records between periods
Jorge,EN,E_jgm1,Japan,NA,Animalia,Species,Dipsastraea speciosa,Dipsastraea speciosa,Marine,Literature,Horizontal,Leading,Occurrence (presence-only),NA,NA,40,NA,0,km year-1,NA,No,NA,No,No,No,Stated,Shifts calculated as least coast path distances along the coast between reported northernmost records between periods
Jorge,EN,E_jgm1,Japan,NA,Animalia,Species,Hydnophora exesa,Hydnophora exesa,Marine,Literature,Horizontal,Leading,Occurrence (presence-only),NA,NA,60.5,NA,0,km year-1,NA,No,NA,No,No,No,Stated,Shifts calculated as least coast path distances along the coast between reported northernmost records between periods
Jorge,EN,E_jgm1,Japan,NA,Animalia,Species,Acropora solitaryensis,Acropora solitaryensis,Marine,Literature,Horizontal,Leading,Occurrence (presence-only),NA,NA,21,NA,10.3,km year-1,NA,No,NA,No,No,No,Stated,Shifts calculated as least coast path distances along the coast between reported northernmost records between periods
Jorge,EN,E_jgm1,Japan,NA,Animalia,Species,Acropora spicifera,Acropora spicifera,Marine,Literature,Horizontal,Leading,Occurrence (presence-only),NA,NA,17.3,NA,5.15,km year-1,NA,No,NA,No,No,No,Stated,Shifts calculated as least coast path distances along the coast between reported northernmost records between periods
Jorge,EN,E_jgm1,Japan,NA,Animalia,Species,Acropora spicifera,Acropora spicifera,Marine,Literature,Horizontal,Trailing,Occurrence (presence-only),NA,NA,22,NA,0.84,km year-1,NA,No,NA,No,No,No,Stated,Shifts calculated as least coast path distances along the coast between reported northernmost records between periods
Jorge,EN,E_jgm1,Japan,NA,Animalia,Species,Pocillopora damicornis,Pocillopora damicornis,Marine,Literature,Horizontal,Leading,Occurrence (presence-only),NA,NA,22.5,NA,7.21,km year-1,NA,No,NA,No,No,No,Stated,Shifts calculated as least coast path distances along the coast between reported northernmost records between periods
Jorge,EN,E_jgm1,Japan,NA,Animalia,Species,Pavona decussata,Pavona decussata,Marine,Literature,Horizontal,Leading,Occurrence (presence-only),NA,NA,44.5,NA,6.47,km year-1,NA,No,NA,No,No,No,Stated,Shifts calculated as least coast path distances along the coast between reported northernmost records between periods
Jorge,EN,E_jgm1,Japan,NA,Animalia,Species,Caulastraea tumida,Astraeosmilia tumida,Marine,Literature,Horizontal,Leading,Occurrence (presence-only),NA,NA,61,NA,0,km year-1,NA,No,NA,No,No,No,Stated,Shifts calculated as least coast path distances along the coast between reported northernmost records between periods
Jorge,EN,E_jgm1,Japan,NA,Animalia,Species,Lithophyllon undulatum,Lithophyllon undulatum,Marine,Literature,Horizontal,Leading,Occurrence (presence-only),NA,NA,58.5,NA,0,km year-1,NA,No,NA,No,No,No,Stated,Shifts calculated as least coast path distances along the coast between reported northernmost records between periods
Jorge,EN,E_jgm1,Japan,NA,Animalia,Species,Acropora muricata,Acropora muricata,Marine,Literature,Horizontal,Leading,Occurrence (presence-only),NA,NA,41,NA,8.08,km year-1,NA,No,NA,No,No,No,Stated,Shifts calculated as least coast path distances along the coast between reported northernmost records between periods
Jorge,EN,E_jgm1,Japan,NA,Animalia,Species,Siganus fuscescens,Siganus fuscescens,Marine,Literature,Horizontal,Leading,Occurrence (presence-only),NA,NA,12.5,NA,21.42,km year-1,NA,No,NA,No,No,No,Stated,Shifts calculated as least coast path distances along the coast between reported northernmost records between periods
Jorge,EN,E_jgm1,Japan,NA,Animalia,Species,Calotomus japonicus,Calotomus japonicus,Marine,Literature,Horizontal,Leading,Occurrence (presence-only),NA,NA,15.3,NA,14.08,km year-1,NA,No,NA,No,No,No,Stated,Shifts calculated as least coast path distances along the coast between reported northernmost records between periods
Jorge,EN,E_jgm1,Japan,NA,Animalia,Species,Calotomus japonicus,Calotomus japonicus,Marine,Literature,Horizontal,Trailing,Occurrence (presence-only),NA,NA,10,NA,0,km year-1,NA,No,NA,No,No,No,Stated,Shifts calculated as least coast path distances along the coast between reported northernmost records between periods
Jorge,EN,E_jgm1,Japan,NA,Animalia,Species,Kyphosus bigibbus,Kyphosus bigibbus,Marine,Literature,Horizontal,Leading,Occurrence (presence-only),NA,NA,11,NA,6.78,km year-1,NA,No,NA,No,No,No,Stated,Shifts calculated as least coast path distances along the coast between reported northernmost records between periods
Jorge,EN,E_jgm2,Japan,NA,Animalia,Species-group,"Seriola quinqueradiata, Seriola dumerili, Seriola aureovittata","Seriola quinqueradiata, Seriola dumerili, Seriola lalandi",Marine,Fishery statistics,Longitude,Centroid,Catch landings,1894,2021,128,126,1.254828613,degree year-1,43.35736234,Estimated,Yes,Yes,Yes,No,Estimated,Shifts estimated as the slope coefficient of the linear regression fitted to the annual lat and lon of centroids provided in Sup. Table S1. The significance test corresponds to the p-value of the regression slope (significant if p-value <= 0.05). Azimuths (bearings) calculated from the initial and final coordinates of the centroid in the series.
Jorge,EN,E_jgm2,Japan,NA,Animalia,Species-group,"Seriola quinqueradiata, Seriola dumerili, Seriola aureovittata","Seriola quinqueradiata, Seriola dumerili, Seriola lalandi",Marine,Fishery statistics,Latitude,Centroid,Catch landings,1894,2021,128,126,0.011798868,degree year-1,43.35736234,Estimated,Yes,Yes,Yes,No,Estimated,Shifts estimated as the slope coefficient of the linear regression fitted to the annual lat and lon of centroids provided in Sup. Table S1. The significance test corresponds to the p-value of the regression slope (significant if p-value <= 0.05). Azimuths (bearings) calculated from the initial and final coordinates of the centroid in the series.
Jorge,EN,E_jgm2,Japan,NA,Animalia,Species-group,"Scomberomorus niphonius, Scomberomorus commerson, Acanthocybium solandri","Scomberomorus niphonius, Scomberomorus commerson, Acanthocybium solandri",Marine,Fishery statistics,Longitude,Centroid,Catch landings,1894,2021,128,118,-0.002239541,degree year-1,46.42235087,Estimated,No,Yes,Yes,No,Estimated,Shifts estimated as the slope coefficient of the linear regression fitted to the annual lat and lon of centroids provided in Sup. Table S1. The significance test corresponds to the p-value of the regression slope (significant if p-value <= 0.05). Azimuths (bearings) calculated from the initial and final coordinates of the centroid in the series.
Jorge,EN,E_jgm2,Japan,NA,Animalia,Species-group,"Scomberomorus niphonius, Scomberomorus commerson, Acanthocybium solandri","Scomberomorus niphonius, Scomberomorus commerson, Acanthocybium solandri",Marine,Fishery statistics,Latitude,Centroid,Catch landings,1894,2021,128,118,0.001363786,degree year-1,46.42235087,Estimated,No,Yes,Yes,No,Estimated,Shifts estimated as the slope coefficient of the linear regression fitted to the annual lat and lon of centroids provided in Sup. Table S1. The significance test corresponds to the p-value of the regression slope (significant if p-value <= 0.05). Azimuths (bearings) calculated from the initial and final coordinates of the centroid in the series.
Jorge,EN,E_jgm2,Japan,NA,Animalia,Species,Mugil cephalus cephalus,Mugil cephalus,Marine,Fishery statistics,Longitude,Centroid,Catch landings,1894,2006,113,110,-0.018573338,degree year-1,237.9774958,Estimated,Yes,Yes,Yes,No,Estimated,Shifts estimated as the slope coefficient of the linear regression fitted to the annual lat and lon of centroids provided in Sup. Table S1. The significance test corresponds to the p-value of the regression slope (significant if p-value <= 0.05). Azimuths (bearings) calculated from the initial and final coordinates of the centroid in the series.
Jorge,EN,E_jgm2,Japan,NA,Animalia,Species,Mugil cephalus cephalus,Mugil cephalus,Marine,Fishery statistics,Latitude,Centroid,Catch landings,1894,2006,113,110,-0.009066913,degree year-1,237.9774958,Estimated,Yes,Yes,Yes,No,Estimated,Shifts estimated as the slope coefficient of the linear regression fitted to the annual lat and lon of centroids provided in Sup. Table S1. The significance test corresponds to the p-value of the regression slope (significant if p-value <= 0.05). Azimuths (bearings) calculated from the initial and final coordinates of the centroid in the series.
Jorge,EN,E_jgm2,Japan,NA,Animalia,Species,Panulirus japonicus,Panulirus japonicus,Marine,Fishery statistics,Longitude,Centroid,Catch landings,1905,2021,117,111,0.01952523,degree year-1,73.26646044,Estimated,Yes,Yes,Yes,No,Estimated,Shifts estimated as the slope coefficient of the linear regression fitted to the annual lat and lon of centroids provided in Sup. Table S1. The significance test corresponds to the p-value of the regression slope (significant if p-value <= 0.05). Azimuths (bearings) calculated from the initial and final coordinates of the centroid in the series.
Jorge,EN,E_jgm2,Japan,NA,Animalia,Species,Panulirus japonicus,Panulirus japonicus,Marine,Fishery statistics,Latitude,Centroid,Catch landings,1905,2021,117,111,0.004925964,degree year-1,73.26646044,Estimated,Yes,Yes,Yes,No,Estimated,Shifts estimated as the slope coefficient of the linear regression fitted to the annual lat and lon of centroids provided in Sup. Table S1. The significance test corresponds to the p-value of the regression slope (significant if p-value <= 0.05). Azimuths (bearings) calculated from the initial and final coordinates of the centroid in the series.
Jorge,EN,E_jgm2,Japan,NA,Animalia,Species-group,"Haliotis discus, Haliotis discus hannai, Haliotis madaka, Haliotis gigantea","Haliotis discus, Haliotis discus hannai, Haliotis madaka, Haliotis gigantea",Marine,Fishery statistics,Longitude,Centroid,Catch landings,1894,2021,128,125,-0.018101193,degree year-1,12.23086333,Estimated,Yes,Yes,Yes,No,Estimated,Shifts estimated as the slope coefficient of the linear regression fitted to the annual lat and lon of centroids provided in Sup. Table S1. The significance test corresponds to the p-value of the regression slope (significant if p-value <= 0.05). Azimuths (bearings) calculated from the initial and final coordinates of the centroid in the series.
Jorge,EN,E_jgm2,Japan,NA,Animalia,Species-group,"Haliotis discus, Haliotis discus hannai, Haliotis madaka, Haliotis gigantea","Haliotis discus, Haliotis discus hannai, Haliotis madaka, Haliotis gigantea",Marine,Fishery statistics,Latitude,Centroid,Catch landings,1894,2021,128,125,-0.013869282,degree year-1,12.23086333,Estimated,Yes,Yes,Yes,No,Estimated,Shifts estimated as the slope coefficient of the linear regression fitted to the annual lat and lon of centroids provided in Sup. Table S1. The significance test corresponds to the p-value of the regression slope (significant if p-value <= 0.05). Azimuths (bearings) calculated from the initial and final coordinates of the centroid in the series.
Jorge,EN,E_jgm2,Japan,NA,Animalia,Species,Turbo cornutus,Turbo cornutus,Marine,Fishery statistics,Longitude,Centroid,Catch landings,1915,2021,107,104,-0.006003771,degree year-1,52.97711857,Estimated,Yes,Yes,Yes,No,Estimated,Shifts estimated as the slope coefficient of the linear regression fitted to the annual lat and lon of centroids provided in Sup. Table S1. The significance test corresponds to the p-value of the regression slope (significant if p-value <= 0.05). Azimuths (bearings) calculated from the initial and final coordinates of the centroid in the series.
Jorge,EN,E_jgm2,Japan,NA,Animalia,Species,Turbo cornutus,Turbo cornutus,Marine,Fishery statistics,Latitude,Centroid,Catch landings,1915,2021,107,104,0.001555272,degree year-1,52.97711857,Estimated,Yes,Yes,Yes,No,Estimated,Shifts estimated as the slope coefficient of the linear regression fitted to the annual lat and lon of centroids provided in Sup. Table S1. The significance test corresponds to the p-value of the regression slope (significant if p-value <= 0.05). Azimuths (bearings) calculated from the initial and final coordinates of the centroid in the series.
Jorge,EN,E_jgm2,Japan,NA,Animalia,Species-group,"Meretrix lusoria, Meretrix lamarckii","Meretrix lusoria, Meretrix lamarckii",Marine,Fishery statistics,Longitude,Centroid,Catch landings,1894,2006,113,104,-0.013103061,degree year-1,31.04629455,Estimated,Yes,Yes,Yes,No,Estimated,Shifts estimated as the slope coefficient of the linear regression fitted to the annual lat and lon of centroids provided in Sup. Table S1. The significance test corresponds to the p-value of the regression slope (significant if p-value <= 0.05). Azimuths (bearings) calculated from the initial and final coordinates of the centroid in the series.
Jorge,EN,E_jgm2,Japan,NA,Animalia,Species-group,"Meretrix lusoria, Meretrix lamarckii","Meretrix lusoria, Meretrix lamarckii",Marine,Fishery statistics,Latitude,Centroid,Catch landings,1894,2006,113,104,-0.005523995,degree year-1,31.04629455,Estimated,Yes,Yes,Yes,No,Estimated,Shifts estimated as the slope coefficient of the linear regression fitted to the annual lat and lon of centroids provided in Sup. Table S1. The significance test corresponds to the p-value of the regression slope (significant if p-value <= 0.05). Azimuths (bearings) calculated from the initial and final coordinates of the centroid in the series.
Jorge,EN,E_jgm2,Japan,NA,Animalia,Species-group,"Ruditapes philippinarum, Ruditapes variegatus","Ruditapes philippinarum, Ruditapes aspera",Marine,Fishery statistics,Longitude,Centroid,Catch landings,1909,2021,113,104,-0.016363669,degree year-1,349.7791637,Estimated,Yes,Yes,Yes,No,Estimated,Shifts estimated as the slope coefficient of the linear regression fitted to the annual lat and lon of centroids provided in Sup. Table S1. The significance test corresponds to the p-value of the regression slope (significant if p-value <= 0.05). Azimuths (bearings) calculated from the initial and final coordinates of the centroid in the series.
Jorge,EN,E_jgm2,Japan,NA,Animalia,Species-group,"Ruditapes philippinarum, Ruditapes variegatus","Ruditapes philippinarum, Ruditapes aspera",Marine,Fishery statistics,Latitude,Centroid,Catch landings,1909,2021,113,104,0.001656938,degree year-1,349.7791637,Estimated,No,Yes,Yes,No,Estimated,Shifts estimated as the slope coefficient of the linear regression fitted to the annual lat and lon of centroids provided in Sup. Table S1. The significance test corresponds to the p-value of the regression slope (significant if p-value <= 0.05). Azimuths (bearings) calculated from the initial and final coordinates of the centroid in the series.
Jorge,EN,E_jgm2,Japan,NA,Animalia,Species-group,Octopoda,Octopoda,Marine,Fishery statistics,Longitude,Centroid,Catch landings,1894,2021,128,128,0.027042452,degree year-1,22.34944646,Estimated,Yes,Yes,Yes,No,Estimated,Shifts estimated as the slope coefficient of the linear regression fitted to the annual lat and lon of centroids provided in Sup. Table S1. The significance test corresponds to the p-value of the regression slope (significant if p-value <= 0.05). Azimuths (bearings) calculated from the initial and final coordinates of the centroid in the series.
Jorge,EN,E_jgm2,Japan,NA,Animalia,Species-group,Octopoda,Octopoda,Marine,Fishery statistics,Latitude,Centroid,Catch landings,1894,2021,128,128,0.034971709,degree year-1,22.34944646,Estimated,Yes,Yes,Yes,No,Estimated,Shifts estimated as the slope coefficient of the linear regression fitted to the annual lat and lon of centroids provided in Sup. Table S1. The significance test corresponds to the p-value of the regression slope (significant if p-value <= 0.05). Azimuths (bearings) calculated from the initial and final coordinates of the centroid in the series.
Jorge,EN,E_jgm2,Japan,NA,Animalia,Species-group,"Apostichopus japonicus, Holothuria atra","Apostichopus japonicus, Holothuria atra",Marine,Fishery statistics,Longitude,Centroid,Catch landings,1894,2021,128,108,0.004060845,degree year-1,32.44610159,Estimated,No,Yes,Yes,No,Estimated,Shifts estimated as the slope coefficient of the linear regression fitted to the annual lat and lon of centroids provided in Sup. Table S1. The significance test corresponds to the p-value of the regression slope (significant if p-value <= 0.05). Azimuths (bearings) calculated from the initial and final coordinates of the centroid in the series.
Jorge,EN,E_jgm2,Japan,NA,Animalia,Species-group,"Apostichopus japonicus, Holothuria atra","Apostichopus japonicus, Holothuria atra",Marine,Fishery statistics,Latitude,Centroid,Catch landings,1894,2021,128,108,0.008913307,degree year-1,32.44610159,Estimated,Yes,Yes,Yes,No,Estimated,Shifts estimated as the slope coefficient of the linear regression fitted to the annual lat and lon of centroids provided in Sup. Table S1. The significance test corresponds to the p-value of the regression slope (significant if p-value <= 0.05). Azimuths (bearings) calculated from the initial and final coordinates of the centroid in the series.
Jorge,EN,E_jgm2,Japan,NA,Chromista,Species-group,"Undaria pinnatifida, Undaria undarioides, Undaria peterseniana",Undaria pinnatifida,Marine,Fishery statistics,Longitude,Centroid,Catch landings,1922,2006,85,82,-0.009577074,degree year-1,201.9211714,Estimated,Yes,Yes,Yes,No,Estimated,Shifts estimated as the slope coefficient of the linear regression fitted to the annual lat and lon of centroids provided in Sup. Table S1. The significance test corresponds to the p-value of the regression slope (significant if p-value <= 0.05). Azimuths (bearings) calculated from the initial and final coordinates of the centroid in the series.
Jorge,EN,E_jgm2,Japan,NA,Chromista,Species-group,"Undaria pinnatifida, Undaria undarioides, Undaria peterseniana",Undaria pinnatifida,Marine,Fishery statistics,Latitude,Centroid,Catch landings,1922,2006,85,82,-0.013225186,degree year-1,201.9211714,Estimated,Yes,Yes,Yes,No,Estimated,Shifts estimated as the slope coefficient of the linear regression fitted to the annual lat and lon of centroids provided in Sup. Table S1. The significance test corresponds to the p-value of the regression slope (significant if p-value <= 0.05). Azimuths (bearings) calculated from the initial and final coordinates of the centroid in the series.
Jorge,EN,E_jgm2,Japan,NA,Plantae,Species-group,"Gelidium elegans, Ptilophora subcostata, Gelidium japonicum, Acanthopeltis japonica","Gelidium elegans, Ptilophora subcostata, Gelidium japonicum, Gelidium yoshidae",Marine,Fishery statistics,Longitude,Centroid,Catch landings,1894,2006,113,105,-0.012212858,degree year-1,235.4112143,Estimated,Yes,Yes,Yes,No,Estimated,Shifts estimated as the slope coefficient of the linear regression fitted to the annual lat and lon of centroids provided in Sup. Table S1. The significance test corresponds to the p-value of the regression slope (significant if p-value <= 0.05). Azimuths (bearings) calculated from the initial and final coordinates of the centroid in the series.
Jorge,EN,E_jgm2,Japan,NA,Plantae,Species-group,"Gelidium elegans, Ptilophora subcostata, Gelidium japonicum, Acanthopeltis japonica","Gelidium elegans, Ptilophora subcostata, Gelidium japonicum, Gelidium yoshidae",Marine,Fishery statistics,Latitude,Centroid,Catch landings,1894,2006,113,105,-0.007479358,degree year-1,235.4112143,Estimated,Yes,Yes,Yes,No,Estimated,Shifts estimated as the slope coefficient of the linear regression fitted to the annual lat and lon of centroids provided in Sup. Table S1. The significance test corresponds to the p-value of the regression slope (significant if p-value <= 0.05). Azimuths (bearings) calculated from the initial and final coordinates of the centroid in the series.
Saito,EN,E_saito1,Japan,"okinawa, kagoshima, kochi, tokushima, nara",Animalia,Species-level,Trithemis aurora,,"lake, wetland",Books and research reports within Japan,Latitude/Longitude,Unknown,Occurrence,1981,2020,39,7,NA,NA,NA,NA,NA,NA,NA,NA,NA,"Since we can only analyze the information discernible from Fig. 1, precise numerical data cannot be provided."
Sueyoshi,EN,E2241,Japan,the western North Pacific,Animalia,Species-level,Sardinops melanostictus, Sardinops sagax,Marine,Fishery-independent trawl surveys by Fisheries Research and Education Agency (FRA),Latitude/Longitude,Centroid,Abundance (CPUE),2005,2020,16,a total of 632 study sites over 16 years (26-59 sites per year),-4.0006,degrees,NA,No,No analyses,No,Yes,Pacific Decadal Oscillation,estimated,The shift change was estimated from Fig. 4 using WebPlotDigitzer (https://automeris.io/wpd/?v=5_2)
Sueyoshi,EN,E2241,Japan,the western North Pacific,Animalia,Species-level,Sardinops melanostictus, Sardinops sagax,Marine,Fishery-independent trawl surveys by Fisheries Research and Education Agency (FRA),Longitude,Centroid,Abundance (CPUE),2005,2020,16,a total of 632 study sites over 16 years (26-59 sites per year),-20.7803,degrees,NA,No,No analyses,No,"Yes
  (centroid shifts were estimated using vector autoregressive spatiotemporal model)",Pacific Decadal Oscillation,estimated,The shift change was estimated from Fig. 4 using WebPlotDigitzer (https://automeris.io/wpd/?v=5_2)
Sueyoshi,EN,E2241,Japan,the western North Pacific,Animalia,Species-level,Engraulis japonicus,Engraulis japonicus,Marine,Fishery-independent trawl surveys by Fisheries Research and Education Agency (FRA),Latitude,Centroid,Abundance (CPUE),2005,2020,16,a total of 632 study sites over 16 years (26-59 sites per year),-0.2019,degrees,NA,No,No analyses,No,"Yes
  (centroid shifts were estimated using vector autoregressive spatiotemporal model)",Pacific Decadal Oscillation,estimated,The shift change was estimated from Fig. 4 using WebPlotDigitzer (https://automeris.io/wpd/?v=5_2)
Sueyoshi,EN,E2241,Japan,the western North Pacific,Animalia,Species-level,Engraulis japonicus,Engraulis japonicus,Marine,Fishery-independent trawl surveys by Fisheries Research and Education Agency (FRA),Longitude,Centroid,Abundance (CPUE),2005,2020,16,a total of 632 study sites over 16 years (26-59 sites per year),-0.47771,degrees,NA,No,No analyses,No,"Yes
  (centroid shifts were estimated using vector autoregressive spatiotemporal model)",Pacific Decadal Oscillation,estimated,The shift change was estimated from Fig. 4 using WebPlotDigitzer (https://automeris.io/wpd/?v=5_2)
Sueyoshi,EN,E2247,Japan,NA,Animalia,Species-level,Cheilomenes sexmaculata,Cheilomenes sexmaculata,Terrestrial,"Specimen records, Literature",Latitude,Leading edge,Occurrence,1910-1939,1991,81,"The number of specimens recorded was 1312, but the number obtained from the literature was not reported.",3,degrees,NA,No,No analyses,Yes (the oldest records from each of the 39 regions were used),No,NA,stated in Discussion,"Changes in the leading edge can be visually inferred from the maps of Japan in Figures 1 and 3; however, these estimates are imprecise because latitude, longitude, and the coordinate system are not provided. Quantitatively, the Results section only indicates the post-shift latitude as ""approximately 36°N"" and the Discussion states that ""the range shifted northward from 33°N to 36°N""."
Harsh,EN,E0949,Japan,"Japanese archipelago (Hokkaido, Honshu, Shikoku, Kyushu)",Animalia,Species,Bombus diversus,Bombus diversus,"Other: Terrestrial (Forests, grasslands, and agricultural lands)",Citizen Science and specimens,Elevation,Trailing edge,Occurrence,1978-1987,2004-2013,NA,NA,-8.45,Percentage (area change),NA,Yes,"Yes (supported by consistent results across 6 modeling thresholds, here the magnitude is given based on equate entropy of thresholded and original distribution)",Yes (Filtering by spatial resolution < 500m and use of bias files),Yes (Maxent species distribution modeling),Land cover changes (increase in forest area due to abandonment of agricultural land),Stated (numerically for area),Shifts are reported as percentage change based on environmental variables.
Harsh,EN,E0949,Japan,"Japanese archipelago (Hokkaido, Honshu, Shikoku, Kyushu)",Animalia,Species,Bombus hypocrita,Bombus hypocrita,"Other: Terrestrial (Forests, grasslands, and agricultural lands)",Citizen Science and specimens,Elevation,Trailing edge,Occurrence,1978-1987,2004-2013,NA,NA,-23.8,Percentage (area change),NA,Yes,"Yes (supported by consistent results across 6 modeling thresholds, here the magnitude is given based on equate entropy of thresholded and original distribution)",Yes (Filtering by spatial resolution < 500m and use of bias files),Yes (Maxent species distribution modeling),Land cover changes (increase in forest area due to abandonment of agricultural land),Stated (numerically for area),Shifts are reported as percentage change based on environmental variables.
Harsh,EN,E0949,Japan,"Japanese archipelago (Hokkaido, Honshu, Shikoku, Kyushu)",Animalia,Species,Bombus ignitus,Bombus ignitus,"Other: Terrestrial (Forests, grasslands, and agricultural lands)",Citizen Science and specimens,Elevation,Trailing edge,Occurrence,1978-1987,2004-2013,NA,NA,-24.9,Percentage (area change),NA,Yes,"Yes (supported by consistent results across 6 modeling thresholds, here the magnitude is given based on equate entropy of thresholded and original distribution)",Yes (Filtering by spatial resolution < 500m and use of bias files),Yes (Maxent species distribution modeling),Land cover changes (increase in forest area due to abandonment of agricultural land),Stated (numerically for area),Shifts are reported as percentage change based on environmental variables.
Harsh,EN,E0949,Japan,"Japanese archipelago (Hokkaido, Honshu, Shikoku, Kyushu)",Animalia,Species,Bombus honshuensis,Bombus honshuensis,"Other: Terrestrial (Forests, grasslands, and agricultural lands)",Citizen Science and specimens,Elevation,Trailing edge,Occurrence,1978-1987,2004-2013,NA,NA,-24.1,Percentage (area change),NA,Yes,"Yes (supported by consistent results across 6 modeling thresholds, here the magnitude is given based on equate entropy of thresholded and original distribution)",Yes (Filtering by spatial resolution < 500m and use of bias files),Yes (Maxent species distribution modeling),Land cover changes (increase in forest area due to abandonment of agricultural land),Stated (numerically for area),Shifts are reported as percentage change based on environmental variables.
Harsh,EN,E0949,Japan,"Japanese archipelago (Hokkaido, Honshu, Shikoku, Kyushu)",Animalia,Species,Bombus beaticola,Bombus beaticola,"Other: Terrestrial (Forests, grasslands, and agricultural lands)",Citizen Science and specimens,Elevation,Trailing edge,Occurrence,1978-1987,2004-2013,NA,NA,-49.5,Percentage (area change),NA,Yes,"Yes (supported by consistent results across 6 modeling thresholds, here the magnitude is given based on equate entropy of thresholded and original distribution)",Yes (Filtering by spatial resolution < 500m and use of bias files),Yes (Maxent species distribution modeling),Land cover changes (increase in forest area due to abandonment of agricultural land),Stated (numerically for area),Shifts are reported as percentage change based on environmental variables.
Harsh,EN,E0949,Japan,"Japanese archipelago (Hokkaido, Honshu, Shikoku, Kyushu)",Animalia,Species,Bombus ardens,Bombus ardens,"Other: Terrestrial (Forests, grasslands, and agricultural lands)",Citizen Science and specimens,Elevation,Leading edge,Occurrence,1978-1987,2004-2013,NA,NA,8.72,Percentage (area change),NA,Yes,"Yes (supported by consistent results across 6 modeling thresholds, here the magnitude is given based on equate entropy of thresholded and original distribution)",Yes (Filtering by spatial resolution < 500m and use of bias files),Yes (Maxent species distribution modeling),Land cover changes (increase in forest area due to abandonment of agricultural land),Stated (numerically for area),Shifts are reported as percentage change based on environmental variables.
Harsh,EN,E0949,Japan,"Japanese archipelago (Hokkaido, Honshu, Shikoku, Kyushu)",Animalia,Species,Bombus diversus,Bombus diversus,"Other: Terrestrial (Agricultural land, secondary forests, and coniferous forests)",Citizen Science and specimens,Horizontal (Area/Land Cover change),Unknown,Occurrence,1978-1987,2004-2013,NA,NA,-2.86,Percentage (area change due to land cover only),NA,Yes,"Yes (supported by consistent results across 6 modeling thresholds, here the magnitude is given based on equate entropy of thresholded and original distribution)",Yes,Yes,NA,Stated (numerically for area),These values represent shifts excluding the influence of temperature/precipitation changes.
Harsh,EN,E0949,Japan,"Japanese archipelago (Hokkaido, Honshu, Shikoku, Kyushu)",Animalia,Species,Bombus hypocrita,Bombus hypocrita,"Other: Terrestrial (Agricultural land, secondary forests, and coniferous forests)",Citizen Science and specimens,Horizontal (Area/Land Cover change),Unknown,Occurrence,1978-1987,2004-2013,NA,NA,1.37,Percentage (area change due to land cover only),NA,Yes,"Yes (supported by consistent results across 6 modeling thresholds, here the magnitude is given based on equate entropy of thresholded and original distribution)",Yes,Yes,NA,Stated (numerically for area),These values represent shifts excluding the influence of temperature/precipitation changes.
Harsh,EN,E0949,Japan,"Japanese archipelago (Hokkaido, Honshu, Shikoku, Kyushu)",Animalia,Species,Bombus ignitus,Bombus ignitus,"Other: Terrestrial (Agricultural land, secondary forests, and coniferous forests)",Citizen Science and specimens,Horizontal (Area/Land Cover change),Unknown,Occurrence,1978-1987,2004-2013,NA,NA,4.17,Percentage (area change due to land cover only),NA,Yes,"Yes (supported by consistent results across 6 modeling thresholds, here the magnitude is given based on equate entropy of thresholded and original distribution)",Yes,Yes,NA,Stated (numerically for area),These values represent shifts excluding the influence of temperature/precipitation changes.
Harsh,EN,E0949,Japan,"Japanese archipelago (Hokkaido, Honshu, Shikoku, Kyushu)",Animalia,Species,Bombus honshuensis,Bombus honshuensis,"Other: Terrestrial (Agricultural land, secondary forests, and coniferous forests)",Citizen Science and specimens,Horizontal (Area/Land Cover change),Unknown,Occurrence,1978-1987,2004-2013,NA,NA,7.19,Percentage (area change due to land cover only),NA,Yes,"Yes (supported by consistent results across 6 modeling thresholds, here the magnitude is given based on equate entropy of thresholded and original distribution)",Yes,Yes,NA,Stated (numerically for area),These values represent shifts excluding the influence of temperature/precipitation changes.
Harsh,EN,E0949,Japan,"Japanese archipelago (Hokkaido, Honshu, Shikoku, Kyushu)",Animalia,Species,Bombus beaticola,Bombus beaticola,"Other: Terrestrial (Agricultural land, secondary forests, and coniferous forests)",Citizen Science and specimens,Horizontal (Area/Land Cover change),Unknown,Occurrence,1978-1987,2004-2013,NA,NA,4.27,Percentage (area change due to land cover only),NA,Yes,"Yes (supported by consistent results across 6 modeling thresholds, here the magnitude is given based on equate entropy of thresholded and original distribution)",Yes,Yes,NA,Stated (numerically for area),These values represent shifts excluding the influence of temperature/precipitation changes.
Harsh,EN,E0949,Japan,"Japanese archipelago (Hokkaido, Honshu, Shikoku, Kyushu)",Animalia,Species,Bombus ardens,Bombus ardens,"Other: Terrestrial (Agricultural land, secondary forests, and coniferous forests)",Citizen Science and specimens,Horizontal (Area/Land Cover change),Unknown,Occurrence,1978-1987,2004-2013,NA,NA,4.68,Percentage (area change due to land cover only),NA,Yes,"Yes (supported by consistent results across 6 modeling thresholds, here the magnitude is given based on equate entropy of thresholded and original distribution)",Yes,Yes,NA,Stated (numerically for area),These values represent shifts excluding the influence of temperature/precipitation changes.
Harsh,EN,E1034,Japan,Taisetsu Mountains (Daisetsuzan National Park),Plant,Species,Pinus pumila,Pinus pumila,Alpine,Geospatial Information Authority of Japan,Topographic,Unknown,Aerial photographs,1977,2009,NA,NA,14,Percentage (area expansion),NA,No,NA,Yes,No,NA,Stated (numerically for area),
Harsh,EN,E_har1,Japan,Six prefectures of Japan,Animalia,Species,Nezara viridula,Nezara viridula,Other: Multi,Resurvey,Latitude,Leading,Abundance,1960,2006-2007,NA,NA,19,km per decade,NA,No,NA,NA,No,NA,Stated,
Nonaka/Sasaki,JA,J0150,青森県、秋田県,白神岳,植物,種レベル,Fagus crenata,Fagus crenata,森林,著者が再調査を実施,標高,前縁、重心,在不在,1979-1986,NA,NA,NA,NA,メートル,NA,No,No analyses,No,Yes,NA,NA,"モデルと現地調査を両方実施。
文献から移動量を計算することが不可。
1979年から1986年のデータを用いてモデリングを行い将来予測を実施。"
Nonaka/Sasaki,JA,J0164,東京都,,動物、植物,科レベル、属レベル、種レベル,"・魚類
Tanakia lanceolata, Pungitius sp., Plecoglossus altivelis altivelis, Oncorhynchus masou masou, Kareius bicoloratus, Syngnathus schlegeli, Gambusia affinis affinis, Micropterus salmoides, Poecilia reticulata, Panaque spp., Oryzias latipes
・両生類
Hynobius tokyoensis, Rhacophorus arboreus, Bufo japonicus formosus, Rana ornativentris, 
・鳥類
Passer montanus, Streptopelia orientalis, Sturnus cineraceus, Motacilla alba, Acrocephalus arundinaceus orientalis, Cisticola juncidis, Alauda arvensis, Lanius bucephalus, Hypsipetes amaurotis, Streptopelia orientalis, Zosterops japonicas, Emberiza cioides, Cettia diphone, Picus awokera, Eophona personata, Periparus ater, Poecile montanus, Columba livia domestica, Delichon dasypus, Urosphena squameicepus, Emberiza spodocephala, Cyanopica cyana, Carduelis sinica, Parus varius, Garrulax canorus, Luscinia cyane, Cuculus saturates, Cuculus fugax hyperythrus, Sterna albifrons sinensis, Gallinula chloropus, Acrocephalus arundinaceus orientalis, Charadrius dubius, Phoenicurus auroreus, Turdus nau
manni, Bambusicola thoracica thoracica, Leiothrix lutea
・哺乳類
Nyctereutes procyonoides, Vulpes vulpes japonica, Mustela itatsi, Paguma larvata, Cervus nippon, Procyon lotor, Callosciurus erythraeus thaiwanensis, Ondatra zibethicus
・昆虫
Silphidae, Carabidae, Papilio memnon
・海産無脊椎動物
Marsupenaeus japonicas, Mytilus galloprovincialis, Balanus Amphitrite
・植物
Quercus myrsinifolia, Eurya japonica, Aucuba japonica, Pleioblastus chino, Phyllostachys edulis, Quercus acutissima, Quercus serrata, Aster kantoensis, Cerasus x yedoensis, Eragrostis curvula, Robinia pseudoacacia","・魚類
Tanakia lanceolata, Pungitius sp., Plecoglossus altivelis, Oncorhynchus masou, Kareius bicoloratus, Syngnathus schlegeli, Gambusia affinis, Micropterus salmoides, Poecilia reticulata, Panaque spp., Oryzias latipes
・両生類
Hynobius tokyoensis, Zhangixalus arboreus, Bufo formosus, Rana ornativentris
・鳥類
Passer montanus, Streptopelia orientalis, Sturnus cineraceus, Motacilla alba, Acrocephalus arundinaceus, Cisticola juncidis, Alauda arvensis, Lanius bucephalus, Hypsipetes amaurotis, Streptopelia orientalis, Zosterops japonicus, Emberiza cioides, Horornis diphone, Picus awokera, Eophona personata, Periparus ater, Poecile montanus, Columba livia f. domestica, Delichon dasypus, Urosphena squameiceps, Emberiza spodocephala, Cyanopica cyana, Chloris sinica, Sittiparus castaneoventris, Garrulax canorus, Luscinia cyane, Cuculus saturatus, Hierococcyx fugax, Sternula albifrons sinensis, Gallinula chloropus, Acrocephalus arundinaceus orientalis, Charadrius dubius, Phoenicurus auroreus, Turdus naumanni, Bambusicola thoracica, Leiothrix lutea
・哺乳類
Nyctereutes procyonoides, Vulpes vulpes japonica, Mustela itatsi, Paguma larvata, Cervus nippon, Procyon lotor, Callosciurus erythraeus thaiwanensis, Ondatra zibethicus
・昆虫
Silphidae, Carabidae, Papilio memnon
・海産無脊椎動物
Penaeus japonicus, Mytilus galloprovincialis, Amphibalanus amphitrite
・植物
Quercus myrsinifolia, Eurya japonica, Aucuba japonica, Pleioblastus chino, Phyllostachys edulis, Quercus acutissima, Quercus serrata, Aster kantoensis, Prunus × yedoensis, Eragrostis curvula, Robinia pseudoacacia",都市草地、都市森林、海洋、河川、湿地,文献レビュー、公開データの利用,NA,NA,生物量、在不在,1904-1979,1999-2011,NA,NA,NA,NA,NA,No,No analyses,NA,NA,土地利用変化、外来種侵入,NA,"都市化に伴う動物相変化のレビューであり、シフトに関する明確な内容や再調査はない。
公開データは、気象庁の生物季節データや、レッドリストなど"
Nonaka/Sasaki,JA,J0166,滋賀県,琵琶湖,動物,種レベル,Odonataのうち100種,NA,淡水域、草地,著者が再調査を実施,水平方向,NA,在不在,1990-1999,2012-2014,13-24,NA,NA,NA,NA,No,No analyses,No,No,土地利用変化、外来種侵入、農薬,NA,"分布のシフトではなく、増加縮小を扱う。
温暖化の影響はほとんど触れられておらず、土地利用変化による分布の増加縮小が見られている。"
Nonaka/Sasaki,JA,J0198,北海道,利尻岳,植物,NA,NA,NA,森林,著者が再調査を実施,標高,前縁,在不在,1977,2017,40,2,41.9,メートル,NA,No,No analyses,Yes,Yes,NA,stated,森林限界のシフトを調査。
Nonaka/Sasaki,JA,J0201,日本全域,,動物,種レベル,鳥類309種,NA,限定なし,データベースを利用,緯度・経度方向,前縁、重心、後縁,在不在,1984-1986,2016-2022,30-38,2,NA,LLI（緯度＋経度）,NA,Yes,Yes,Yes,No,土地利用変化、農地環境変化,stated,"LLI（緯度＋経度の指数）としては、stated。
サプリメントデータから、越冬期の全種の2017年と1977年のLLIの差は算出可能である。
参考：全種平均(0.54)、中央値(0.33)、最小値(-6.33)、最大値(9.42)
全国鳥類越冬分布調査と全国鳥類繁殖分布調査のデータを使用"
Nonaka/Sasaki,JA,J0202,本州、四国、九州,,動物,種レベル,Cervus nippon,Cervus nippon,森林、草地,データベースを利用,水平方向,NA,在不在,1978,2003,25,2,中央値（5.8）、平均（8.9）、外れ値を除く最大（19.8）、最大（56）,キロメートル,NA,No,No analyses,Yes,No,標高、広葉樹林面積、針葉樹林面積、草地面積、田んぼ面積、荒地面積、耕作放棄地面積、人口、道路延長距離、距離、積雪,stated,"安定メッシュから拡大メッシュへの移動距離で算出。
自然環境保全基礎調査のデータを使用。"
Iwachido/Sasaki,JA,J0207,Tohoku,Tohoku,Plant,Species-level,Pinus pumila,,Alpine,na,na,na,Occurrence,na,na,na,na,na,na,na,No,NA (not analized),No,No,NA,,No resurvey
Iwachido/Sasaki,JA,J0207,Tohoku,Tohoku,Plant,Species-level,Abies mariesii,,Alpine,na,na,na,Occurrence,na,na,na,na,na,na,na,No,NA (not analized),No,No,NA,,No resurvey
Iwachido/Sasaki,JA,J0207,Tohoku,Tohoku,Plant,Species-level,Tsuga diversifolia,,Alpine,na,na,na,Occurrence,na,na,na,na,na,na,na,No,NA (not analized),No,No,NA,,No resurvey
Iwachido/Sasaki,JA,J0207,Tohoku,Tohoku,Plant,Species-level,Betula ermanii,,Alpine,na,na,na,Occurrence,na,na,na,na,na,na,na,No,NA (not analized),No,No,NA,,No resurvey
Iwachido/Sasaki,JA,J0207,Tohoku,Tohoku,Plant,Species-level,Quercus mongolica var. undulatifolia,,Alpine,na,na,na,Occurrence,na,na,na,na,na,na,na,No,NA (not analized),No,No,NA,,No resurvey
Iwachido/Sasaki,JA,J0207,Tohoku,Tohoku,Plant,Species-level,Fagus crenata,,Alpine,na,na,na,Occurrence,na,na,na,na,na,na,na,No,NA (not analized),No,No,NA,,No resurvey
Iwachido/Sasaki,JA,J0208,Nagano,Asama mountain range,Animal,Species-level,Colias palaeno,,Alpine,na,na,na,Abundance,na,na,na,na,na,na,na,No,NA (not analized),No,No,NA,,No resurvey
Iwachido/Sasaki,JA,J0209,Hokkaido,Hokkaido,Plant,Vetetation-type-level,Alpine vegetation,,Alpine,na,na,na,Occurrence,na,na,na,na,na,na,na,No,NA (not analized),No,No,NA,,No resurvey
Iwachido/Sasaki,JA,J0216,Yamanashi Prefecture,Northern foot of Mt. Fuji,Animal,Species-level,Chrysozephyrus hisamatsusanus ,,Grassland,na,na,na,Occurrence,na,na,na,na,na,na,na,No,NA (not analized),No,No,NA,,No resurvey
Iwachido/Sasaki,JA,J0221,Japan,Japan,Animal,Species-level,309 species,,Other(all),The dataset of ”The Wintering Bird Atlas of Japan” (2016-2022),na,na,Occurrence,1984,2022,38,na,na,na,na,No,NA (not analized),No,No,NA,,raw data
Fatima,EN,E0549,"East Asia (China, Korea, northern Japan)","Mainland China, Korean Peninsula, Japanese Archipelago",Plant,Species-level,Glycine soja,Glycine soja Siebold & Zuccarini,Other – Agro-ecosystem / Terrestrial,NA,Latitude (northward),Centroid,Occurrence,1960–1990 (current climate baseline),NA,NA,1,NA,NA,NA,No,NA,No,Yes,Precipitation change; historical climatic change (glacial cycles); environmental heterogeneity (isolation by environment); human-induced environmental change,No,Shift calculation is based on modelled range positions from ecological niche models (ENM).
Fatima,EN,E0594,"Shikoku and Chugoku Districts, Japan","Shikoku District, Chugoku District, Yamaguchi Prefecture, Shimane Prefecture, Tottori Prefecture",Animal,Species-level,Nezara viridula,"Nezara viridula (Linnaeus, 1758)",Other – Terrestrial agricultural and coastal lowland ecosystems,NA,Latitude (northward),Leading edge,Occurrence,1979–2008,2007–2008,~29 years,Multiple field surveys,NA,NA,NA,No,NA,No,No,Interspecific interactions,No,"This is a field‑based observed distribution change study rather than modelling­based, so it provides direct observational evidence of a climate‑linked northward range expansion."
Fatima,EN,E0608,East Asia,"Taiwan, China mainland, Vietnam, Japan, South China Sea coast",Animal,Species-level,Platalea minor,"Platalea minor Temminck & Schlegel, 1849",Wetlands,NA,Latitude (poleward / northward),Centroid / multiple sites,Occurrence,Current climate conditions (baseline) (approx. 1960–1990),,NA,NA,"~240 km by 2020, ~450 km by 2050, ~600 km by 2080",km,NA,Not explicitly tested; AUC evaluation for model performance was conducted as part of SDM validation (typical in Maxent),,Yes,Yes (by projecting SDM outputs into future climate scenarios),"Precipitation, elevation, human influence index",Stated numerically in paper,
Haruka,En,E0677,Japan,38 prefectures  38都道府県（内陸県と沖縄県を除く）,animal,Groups of several species,Yellowtail,NA,marine,Fishery and Aquaculture Production Statistics 　国の漁獲統計,Latitude,Centroid,Abundance,1894,2021,127,128,2.825718821,degrees,,No,No analysis,Yes,Yes,"Coastal development, Deterioration of water quality",stated,"Shift tested, Shift significant列：Reconfirmation required 理解不足のためダブルチェックをお願いします"
Haruka,En,E0677,Japan,38 prefectures  38都道府県（内陸県と沖縄県を除く）,animal,Groups of several species,Yellowtail,NA,marine,Fishery and Aquaculture Production Statistics 　国の漁獲統計,Longitude,Centroid,Abundance,1894,2021,127,128,3.367911336,degrees,,No,No analysis,Yes,Yes,"Coastal development, Deterioration of water quality",stated,"Shift tested, Shift significant列：Reconfirmation required 理解不足のためダブルチェックをお願いします"
Haruka,En,E0677,Japan,38 prefectures  38都道府県（内陸県と沖縄県を除く）,animal,Groups of several species,Spanish mackerel,NA,marine,Fishery and Aquaculture Production Statistics 　国の漁獲統計,Latitude,Centroid,Abundance,1894,2021,127,118,0.474889978,degrees,,No,No analysis,Yes,Yes,"Coastal development, Deterioration of water quality",stated,"Shift tested, Shift significant列：Reconfirmation required 理解不足のためダブルチェックをお願いします"
Haruka,En,E0677,Japan,38 prefectures  38都道府県（内陸県と沖縄県を除く）,animal,Groups of several species,Spanish mackerel,NA,marine,Fishery and Aquaculture Production Statistics 　国の漁獲統計,Longitude,Centroid,Abundance,1894,2021,127,118,0.611763214,degrees,,No,No analysis,Yes,Yes,"Coastal development, Deterioration of water quality",stated,"Shift tested, Shift significant列：Reconfirmation required 理解不足のためダブルチェックをお願いします"
Haruka,En,E0677,Japan,38 prefectures  38都道府県（内陸県と沖縄県を除く）,animal,Species-level,mugil cephalus cephalus,Unconfirmed,marine,Fishery and Aquaculture Production Statistics 　国の漁獲統計,Latitude,Centroid,Abundance,1894,2006,112,110,-0.629765725,degrees,,No,No analysis,Yes,Yes,"Coastal development, Deterioration of water quality",stated,"Shift tested, Shift significant列：Reconfirmation required 理解不足のためダブルチェックをお願いします"
Haruka,En,E0677,Japan,38 prefectures  38都道府県（内陸県と沖縄県を除く）,animal,Species-level,mugil cephalus cephalus,Unconfirmed,marine,Fishery and Aquaculture Production Statistics 　国の漁獲統計,Longitude,Centroid,Abundance,1894,2006,112,110,-1.207239843,degrees,,No,No analysis,Yes,Yes,"Coastal development, Deterioration of water quality",stated,"Shift tested, Shift significant列：Reconfirmation required 理解不足のためダブルチェックをお願いします"
Haruka,En,E0677,Japan,38 prefectures  38都道府県（内陸県と沖縄県を除く）,animal,Species-level,panulirus japonicus,Unconfirmed,marine,Fishery and Aquaculture Production Statistics 　国の漁獲統計,Latitude,Centroid,Abundance,1905,2021,116,111,0.341193998,degrees,,No,No analysis,Yes,Yes,"Coastal development, Deterioration of water quality",stated,"Shift tested, Shift significant列：Reconfirmation required 理解不足のためダブルチェックをお願いします"
Haruka,En,E0677,Japan,38 prefectures  38都道府県（内陸県と沖縄県を除く）,animal,Species-level,panulirus japonicus,Unconfirmed,marine,Fishery and Aquaculture Production Statistics 　国の漁獲統計,Longitude,Centroid,Abundance,1905,2021,116,111,1.409803676,degrees,,No,No analysis,Yes,Yes,"Coastal development, Deterioration of water quality",stated,"Shift tested, Shift significant列：Reconfirmation required 理解不足のためダブルチェックをお願いします"
Haruka,En,E0677,Japan,38 prefectures  38都道府県（内陸県と沖縄県を除く）,animal,Groups of several species,Abalone,NA,marine,Fishery and Aquaculture Production Statistics 　国の漁獲統計,Latitude,Centroid,Abundance,1894,2021,127,125,0.228536916,degrees,,No,No analysis,Yes,Yes,"Coastal development, Deterioration of water quality",stated,"Shift tested, Shift significant列：Reconfirmation required 理解不足のためダブルチェックをお願いします"
Haruka,En,E0677,Japan,38 prefectures  38都道府県（内陸県と沖縄県を除く）,animal,Groups of several species,Abalone,NA,marine,Fishery and Aquaculture Production Statistics 　国の漁獲統計,Longitude,Centroid,Abundance,1894,2021,127,125,0.062140011,degrees,,No,No analysis,Yes,Yes,"Coastal development, Deterioration of water quality",stated,"Shift tested, Shift significant列：Reconfirmation required 理解不足のためダブルチェックをお願いします"
Haruka,En,E0677,Japan,38 prefectures  38都道府県（内陸県と沖縄県を除く）,animal,Species-level,turbo cornutus,Unconfirmed,marine,Fishery and Aquaculture Production Statistics 　国の漁獲統計,Latitude,Centroid,Abundance,1915,2021,106,104,0.134592439,degrees,,No,No analysis,Yes,Yes,"Coastal development, Deterioration of water quality",stated,"Shift tested, Shift significant列：Reconfirmation required 理解不足のためダブルチェックをお願いします"
Haruka,En,E0677,Japan,38 prefectures  38都道府県（内陸県と沖縄県を除く）,animal,Species-level,turbo cornutus,Unconfirmed,marine,Fishery and Aquaculture Production Statistics 　国の漁獲統計,Longitude,Centroid,Abundance,1915,2021,106,104,0.217990724,degrees,,No,No analysis,Yes,Yes,"Coastal development, Deterioration of water quality",stated,"Shift tested, Shift significant列：Reconfirmation required 理解不足のためダブルチェックをお願いします"
Haruka,En,E0677,Japan,38 prefectures  38都道府県（内陸県と沖縄県を除く）,animal,Groups of several species,Hard clam,NA,marine,Fishery and Aquaculture Production Statistics 　国の漁獲統計,Latitude,Centroid,Abundance,1894,2006,112,104,0.126193708,degrees,,No,No analysis,Yes,Yes,"Coastal development, Deterioration of water quality",stated,"Shift tested, Shift significant列：Reconfirmation required 理解不足のためダブルチェックをお願いします"
Haruka,En,E0677,Japan,38 prefectures  38都道府県（内陸県と沖縄県を除く）,animal,Groups of several species,Hard clam,NA,marine,Fishery and Aquaculture Production Statistics 　国の漁獲統計,Longitude,Centroid,Abundance,1894,2006,112,104,0.093469114,degrees,,No,No analysis,Yes,Yes,"Coastal development, Deterioration of water quality",stated,"Shift tested, Shift significant列：Reconfirmation required 理解不足のためダブルチェックをお願いします"
Haruka,En,E0677,Japan,38 prefectures  38都道府県（内陸県と沖縄県を除く）,animal,Groups of several species,Short-necked clam,NA,marine,Fishery and Aquaculture Production Statistics 　国の漁獲統計,Latitude,Centroid,Abundance,1909,2021,112,104,2.485992544,degrees,,No,No analysis,Yes,Yes,"Coastal development, Deterioration of water quality",stated,"Shift tested, Shift significant列：Reconfirmation required 理解不足のためダブルチェックをお願いします"
Haruka,En,E0677,Japan,38 prefectures  38都道府県（内陸県と沖縄県を除く）,animal,Groups of several species,Short-necked clam,NA,marine,Fishery and Aquaculture Production Statistics 　国の漁獲統計,Longitude,Centroid,Abundance,1909,2021,112,104,-0.568178554,degrees,,No,No analysis,Yes,Yes,"Coastal development, Deterioration of water quality",stated,"Shift tested, Shift significant列：Reconfirmation required 理解不足のためダブルチェックをお願いします"
Haruka,En,E0677,Japan,38 prefectures  38都道府県（内陸県と沖縄県を除く）,animal,Order-level,Octopoda,Unconfirmed,marine,Fishery and Aquaculture Production Statistics 　国の漁獲統計,Latitude,Centroid,Abundance,1894,2021,127,128,5.634197852,degrees,,No,No analysis,Yes,Yes,"Coastal development, Deterioration of water quality",stated,"Shift tested, Shift significant列：Reconfirmation required 理解不足のためダブルチェックをお願いします"
Haruka,En,E0677,Japan,38 prefectures  38都道府県（内陸県と沖縄県を除く）,animal,Order-level,Octopoda,Unconfirmed,marine,Fishery and Aquaculture Production Statistics 　国の漁獲統計,Longitude,Centroid,Abundance,1894,2021,127,128,3.071894429,degrees,,No,No analysis,Yes,Yes,"Coastal development, Deterioration of water quality",stated,"Shift tested, Shift significant列：Reconfirmation required 理解不足のためダブルチェックをお願いします"
Haruka,En,E0677,Japan,38 prefectures  38都道府県（内陸県と沖縄県を除く）,animal,Groups of several species,Sea cucumber,Unconfirmed,marine,Fishery and Aquaculture Production Statistics 　国の漁獲統計,Latitude,Centroid,Abundance,1894,2021,127,108,3.662776299,degrees,,No,No analysis,Yes,Yes,"Coastal development, Deterioration of water quality",stated,"Shift tested, Shift significant列：Reconfirmation required 理解不足のためダブルチェックをお願いします"
Haruka,En,E0677,Japan,38 prefectures  38都道府県（内陸県と沖縄県を除く）,animal,Groups of several species,Sea cucumber,Unconfirmed,marine,Fishery and Aquaculture Production Statistics 　国の漁獲統計,Longitude,Centroid,Abundance,1894,2021,127,108,3.013355479,degrees,,No,No analysis,Yes,Yes,"Coastal development, Deterioration of water quality",stated,"Shift tested, Shift significant列：Reconfirmation required 理解不足のためダブルチェックをお願いします"
Haruka,En,E0677,Japan,38 prefectures  38都道府県（内陸県と沖縄県を除く）,others,Groups of several species,Sea mustard,Unconfirmed,marine,Fishery and Aquaculture Production Statistics 　国の漁獲統計,Latitude,Centroid,Abundance,1922,2006,84,82,-1.584133907,degrees,,No,No analysis,Yes,Yes,"Coastal development, Deterioration of water quality",stated,"Shift tested, Shift significant列：Reconfirmation required 理解不足のためダブルチェックをお願いします"
Haruka,En,E0677,Japan,38 prefectures  38都道府県（内陸県と沖縄県を除く）,others,Groups of several species,Sea mustard,Unconfirmed,marine,Fishery and Aquaculture Production Statistics 　国の漁獲統計,Longitude,Centroid,Abundance,1922,2006,84,82,-0.792859861,degrees,,No,No analysis,Yes,Yes,"Coastal development, Deterioration of water quality",stated,"Shift tested, Shift significant列：Reconfirmation required 理解不足のためダブルチェックをお願いします"
Haruka,En,E0677,Japan,38 prefectures  38都道府県（内陸県と沖縄県を除く）,others,Groups of several species,Agar-agar,Unconfirmed,marine,Fishery and Aquaculture Production Statistics 　国の漁獲統計,Latitude,Centroid,Abundance,1894,2006,112,105,-0.271751798,degrees,,No,No analysis,Yes,Yes,"Coastal development, Deterioration of water quality",stated,"Shift tested, Shift significant列：Reconfirmation required 理解不足のためダブルチェックをお願いします"
Haruka,En,E0677,Japan,38 prefectures  38都道府県（内陸県と沖縄県を除く）,others,Groups of several species,Agar-agar,Unconfirmed,marine,Fishery and Aquaculture Production Statistics 　国の漁獲統計,Longitude,Centroid,Abundance,1894,2006,112,105,-0.476900665,degrees,,No,No analysis,Yes,Yes,"Coastal development, Deterioration of water quality",stated,"Shift tested, Shift significant列：Reconfirmation required 理解不足のためダブルチェックをお願いします"
Haruka,En,E0729,East Asia,,animal,Species-level,Nipponia nippon,Unconfirmed,"wetland, forest",Ecological niche model,,All of the distribution分布全体,Occurrence,1900-1950,1950-,,2,NA,NA,,No,No analysis,Yes,Yes,"Land use, Population density",NA,"Shift tested, Shift significant列：Reconfirmation required 理解不足のためダブルチェックをお願いします"
Nana,JA,J_ogawa1,Japan,"12prefectures:Kōchi, Muroto, Hiroshima, Tokushima, Takamatsu, Sumoto, Okayama, Himeji, Kōbe, Hamamatsu, Yokohama, Tokyo",animal,Species-level,"Papilio memnon thunbergii Siebold, 1824",Papilio memnon,Other – Urban fringe,published papers,Latitude, Leading edge,Occurrence,1940,2000,60,7,1.8,degrees,northeast,Yes,Yes,No,No,"Adult dispersal ability, larval feeding range, distribution of food resources",Estimated（図3から推定）,The calculation was performed using Google Gemini.
Nana,JA,J_ogawa2,Japan,"6prefectures: Amami Ōshima, Kagoshima, Wakayama, Osaka, Shizuoka, Kanagawa",animal,Species-level,Papilio memnon Linnaeus,Papilio memnon Linnaeus,Other – Urban fringe,published papers,Latitude, Leading edge,Occurrence,1940,2003,63,6,1.5~2.0,degrees,northeast,No,No analyses,No,No,NA,Estimated（図2-1から推定）,The calculation was performed using Google Gemini.
Dai,EN,E0400,Japan,Kii peninsula,Animal,Species-level,Nezara viridula,,"Forest, grassland",resurvey,Latitude (northward),Leading edge,Occurrence,1960-1962,1999-2007,42,2,85,km,NA,No,No analyses,No,No,Species interactions,stated,
Dai,EN,E0406,Japan,"Miyagi prefecture, Tohoku-region, Pacific Ocean side",Animal,Species-level,Etmopterus lucifer,,Marine,resurvey,Latitude (northward),Centroid,Density from catch data,2003,2019,16,17,0.792,degree N,North,Yes,Yes,Yes,Yes,"Fishery pressure, species interactions",No,"Centriod in deapth and temperature gradient were also provided. Length of the latitudinal shift was read from the figure showing 16 years regression line (trend analysis). Caution is needed since this trend analyses ignores time autocorrelation (e.g., correlation between latitude centroid and calender year)."
Dai,EN,E0406,Japan,"Miyagi prefecture, Tohoku-region, Pacific Ocean side",Animal,Species-level,Abyssicola macrochir,,Marine,resurvey,Latitude (northward),Centroid,Density from catch data,2003,2019,16,17,1.671,degree N,North,Yes,Yes,Yes,Yes,"Fishery pressure, species interactions",No,"Centriod in deapth and temperature gradient were also provided. Length of the latitudinal shift was read from the figure showing 16 years regression line (trend analysis). Caution is needed since this trend analyses ignores time autocorrelation (e.g., correlation between latitude centroid and calender year)."
Dai,EN,E0406,Japan,"Miyagi prefecture, Tohoku-region, Pacific Ocean side",Animal,Species-level,Pterothrissus gissu,,Marine,resurvey,Latitude (northward),Centroid,Density from catch data,2003,2019,16,17,0.268,degree N,North,Yes,No,Yes,Yes,"Fishery pressure, species interactions",No,"Centriod in deapth and temperature gradient were also provided. Length of the latitudinal shift was read from the figure showing 16 years regression line (trend analysis). Caution is needed since this trend analyses ignores time autocorrelation (e.g., correlation between latitude centroid and calender year)."
Dai,EN,E0406,Japan,"Miyagi prefecture, Tohoku-region, Pacific Ocean side",Animal,Species-level,Malacocottus zonurus,,Marine,resurvey,Latitude (northward),Centroid,Density from catch data,2003,2019,16,17,0.645,degree N,North,Yes,Yes,Yes,Yes,"Fishery pressure, species interactions",No,"Centriod in deapth and temperature gradient were also provided. Length of the latitudinal shift was read from the figure showing 16 years regression line (trend analysis). Caution is needed since this trend analyses ignores time autocorrelation (e.g., correlation between latitude centroid and calender year)."
Dai,EN,E0406,Japan,"Miyagi prefecture, Tohoku-region, Pacific Ocean side",Animal,Species-level,Bothrocara tanakae,,Marine,resurvey,Latitude (northward),Centroid,Density from catch data,2003,2019,16,17,0.924,degree N,North,Yes,Yes,Yes,Yes,"Fishery pressure, species interactions",No,"Centriod in deapth and temperature gradient were also provided. Length of the latitudinal shift was read from the figure showing 16 years regression line (trend analysis). Caution is needed since this trend analyses ignores time autocorrelation (e.g., correlation between latitude centroid and calender year)."
Dai,EN,E0407,Japan,Japan whole area,Animal,Species-level,Acanthopleura japonica,,Marine,resurvey,Latitude (northward),Average (population density weighted),Density from survey,1978,2006,28,7,0.593549325,degree N,North,No,No,Yes,Yes,"Sea current, species interaction, ultraviolet radiation, salinity stress",stated,The shift was stated in Fig. 5 and ESM4 for each species showing long term trend value.
Dai,EN,E0407,Japan,Japan whole area,Animal,Species-level,Acanthochitona achates,,Marine,resurvey,Latitude (northward),Average (population density weighted),Density from survey,1978,2006,28,7,-0.201479237,degree N,North,No,No,Yes,Yes,"Sea current, species interaction, ultraviolet radiation, salinity stress",stated,The shift was stated in Fig. 5 and ESM4 for each species showing long term trend value.
Dai,EN,E0407,Japan,Japan whole area,Animal,Species-level,Cellana grata,,Marine,resurvey,Latitude (northward),Average (population density weighted),Density from survey,1978,2006,28,7,1.834041987,degree N,North,No,No,Yes,Yes,"Sea current, species interaction, ultraviolet radiation, salinity stress",stated,The shift was stated in Fig. 5 and ESM4 for each species showing long term trend value.
Dai,EN,E0407,Japan,Japan whole area,Animal,Species-level,Cellana nigrolineata,,Marine,resurvey,Latitude (northward),Average (population density weighted),Density from survey,1978,2006,28,7,0.036176392,degree N,North,No,No,Yes,Yes,"Sea current, species interaction, ultraviolet radiation, salinity stress",stated,The shift was stated in Fig. 5 and ESM4 for each species showing long term trend value.
Dai,EN,E0407,Japan,Japan whole area,Animal,Species-level,Cellana toreuma,,Marine,resurvey,Latitude (northward),Average (population density weighted),Density from survey,1978,2006,28,7,0.349452378,degree N,North,No,No,Yes,Yes,"Sea current, species interaction, ultraviolet radiation, salinity stress",stated,The shift was stated in Fig. 5 and ESM4 for each species showing long term trend value.
Dai,EN,E0407,Japan,Japan whole area,Animal,Species-level,Patelloida saccharina form lanx,,Marine,resurvey,Latitude (northward),Average (population density weighted),Density from survey,1978,2006,28,7,-1.027129833,degree N,North,No,No,Yes,Yes,"Sea current, species interaction, ultraviolet radiation, salinity stress",stated,The shift was stated in Fig. 5 and ESM4 for each species showing long term trend value.
Dai,EN,E0407,Japan,Japan whole area,Animal,Species-level,Montfortula picta,,Marine,resurvey,Latitude (northward),Average (population density weighted),Density from survey,1978,2006,28,7,0.290782585,degree N,North,No,No,Yes,Yes,"Sea current, species interaction, ultraviolet radiation, salinity stress",stated,The shift was stated in Fig. 5 and ESM4 for each species showing long term trend value.
Dai,EN,E0407,Japan,Japan whole area,Animal,Species-level,Chlorostoma lischkei,,Marine,resurvey,Latitude (northward),Average (population density weighted),Density from survey,1978,2006,28,7,0.566749868,degree N,North,No,No,Yes,Yes,"Sea current, species interaction, ultraviolet radiation, salinity stress",stated,The shift was stated in Fig. 5 and ESM4 for each species showing long term trend value.
Dai,EN,E0407,Japan,Japan whole area,Animal,Species-level,Monodonta labio form confusa,,Marine,resurvey,Latitude (northward),Average (population density weighted),Density from survey,1978,2006,28,7,0.700774169,degree N,North,No,No,Yes,Yes,"Sea current, species interaction, ultraviolet radiation, salinity stress",stated,The shift was stated in Fig. 5 and ESM4 for each species showing long term trend value.
Dai,EN,E0407,Japan,Japan whole area,Animal,Species-level,Monodonta perplexa perplexa,,Marine,resurvey,Latitude (northward),Average (population density weighted),Density from survey,1978,2006,28,7,0,degree N,North,No,No,Yes,Yes,"Sea current, species interaction, ultraviolet radiation, salinity stress",stated,The shift was stated in Fig. 5 and ESM4 for each species showing long term trend value.
Dai,EN,E0407,Japan,Japan whole area,Animal,Species-level,Diloma suavis,,Marine,resurvey,Latitude (northward),Average (population density weighted),Density from survey,1978,2006,28,7,1.778779022,degree N,North,No,No,Yes,Yes,"Sea current, species interaction, ultraviolet radiation, salinity stress",stated,The shift was stated in Fig. 5 and ESM4 for each species showing long term trend value.
Dai,EN,E0407,Japan,Japan whole area,Animal,Species-level,Turbo (Marmarostoma) stenogyrus,,Marine,resurvey,Latitude (northward),Average (population density weighted),Density from survey,1978,2006,28,7,-0.0225,degree N,North,No,No,Yes,Yes,"Sea current, species interaction, ultraviolet radiation, salinity stress",stated,The shift was stated in Fig. 5 and ESM4 for each species showing long term trend value.
Dai,EN,E0407,Japan,Japan whole area,Animal,Species-level,Turbo (Lunella) coronatus coreensis,,Marine,resurvey,Latitude (northward),Average (population density weighted),Density from survey,1978,2006,28,7,0.594059701,degree N,North,No,No,Yes,Yes,"Sea current, species interaction, ultraviolet radiation, salinity stress",stated,The shift was stated in Fig. 5 and ESM4 for each species showing long term trend value.
Dai,EN,E0407,Japan,Japan whole area,Animal,Species-level,Nerita (Nerita) helicinoides,,Marine,resurvey,Latitude (northward),Average (population density weighted),Density from survey,1978,2006,28,7,0,degree N,North,No,No,Yes,Yes,"Sea current, species interaction, ultraviolet radiation, salinity stress",stated,The shift was stated in Fig. 5 and ESM4 for each species showing long term trend value.
Dai,EN,E0407,Japan,Japan whole area,Animal,Species-level,Nerita (Theliostyla) albicilla,,Marine,resurvey,Latitude (northward),Average (population density weighted),Density from survey,1978,2006,28,7,0.529373393,degree N,North,No,No,Yes,Yes,"Sea current, species interaction, ultraviolet radiation, salinity stress",stated,The shift was stated in Fig. 5 and ESM4 for each species showing long term trend value.
Dai,EN,E0407,Japan,Japan whole area,Animal,Species-level,Batillaria cumingii,,Marine,resurvey,Latitude (northward),Average (population density weighted),Density from survey,1978,2006,28,7,2.91766851,degree N,North,No,No,Yes,Yes,"Sea current, species interaction, ultraviolet radiation, salinity stress",stated,The shift was stated in Fig. 5 and ESM4 for each species showing long term trend value.
Dai,EN,E0407,Japan,Japan whole area,Animal,Species-level,Echininus cumingii spinulosus,,Marine,resurvey,Latitude (northward),Average (population density weighted),Density from survey,1978,2006,28,7,0,degree N,North,No,No,Yes,Yes,"Sea current, species interaction, ultraviolet radiation, salinity stress",stated,The shift was stated in Fig. 5 and ESM4 for each species showing long term trend value.
Dai,EN,E0407,Japan,Japan whole area,Animal,Species-level,Nodilittorina radiata,,Marine,resurvey,Latitude (northward),Average (population density weighted),Density from survey,1978,2006,28,7,0.405221741,degree N,North,No,No,Yes,Yes,"Sea current, species interaction, ultraviolet radiation, salinity stress",stated,The shift was stated in Fig. 5 and ESM4 for each species showing long term trend value.
Dai,EN,E0407,Japan,Japan whole area,Animal,Species-level,Nodilittorina trochoides,,Marine,resurvey,Latitude (northward),Average (population density weighted),Density from survey,1978,2006,28,7,1.280203948,degree N,North,No,No,Yes,Yes,"Sea current, species interaction, ultraviolet radiation, salinity stress",stated,The shift was stated in Fig. 5 and ESM4 for each species showing long term trend value.
Dai,EN,E0407,Japan,Japan whole area,Animal,Species-level,Littorina (Neritrema) sitkana,,Marine,resurvey,Latitude (northward),Average (population density weighted),Density from survey,1978,2006,28,7,-0.946817037,degree N,North,No,No,Yes,Yes,"Sea current, species interaction, ultraviolet radiation, salinity stress",stated,The shift was stated in Fig. 5 and ESM4 for each species showing long term trend value.
Dai,EN,E0407,Japan,Japan whole area,Animal,Species-level,Littorina (Littorina) brevicula,,Marine,resurvey,Latitude (northward),Average (population density weighted),Density from survey,1978,2006,28,7,-0.688200239,degree N,North,No,No,Yes,Yes,"Sea current, species interaction, ultraviolet radiation, salinity stress",stated,The shift was stated in Fig. 5 and ESM4 for each species showing long term trend value.
Dai,EN,E0407,Japan,Japan whole area,Animal,Species-level,Serpulorbis imbricatus,,Marine,resurvey,Latitude (northward),Average (population density weighted),Density from survey,1978,2006,28,7,-0.870371923,degree N,North,No,No,Yes,Yes,"Sea current, species interaction, ultraviolet radiation, salinity stress",stated,The shift was stated in Fig. 5 and ESM4 for each species showing long term trend value.
Dai,EN,E0407,Japan,Japan whole area,Animal,Species-level,Morula granulata,,Marine,resurvey,Latitude (northward),Average (population density weighted),Density from survey,1978,2006,28,7,0,degree N,North,No,No,Yes,Yes,"Sea current, species interaction, ultraviolet radiation, salinity stress",stated,The shift was stated in Fig. 5 and ESM4 for each species showing long term trend value.
Dai,EN,E0407,Japan,Japan whole area,Animal,Species-level,Thais (Reishia) clavigera,,Marine,resurvey,Latitude (northward),Average (population density weighted),Density from survey,1978,2006,28,7,0.449832158,degree N,North,No,No,Yes,Yes,"Sea current, species interaction, ultraviolet radiation, salinity stress",stated,The shift was stated in Fig. 5 and ESM4 for each species showing long term trend value.
Dai,EN,E0407,Japan,Japan whole area,Animal,Species-level,Thais (Reishia) bronni,,Marine,resurvey,Latitude (northward),Average (population density weighted),Density from survey,1978,2006,28,7,4.774924503,degree N,North,No,No,Yes,Yes,"Sea current, species interaction, ultraviolet radiation, salinity stress",stated,The shift was stated in Fig. 5 and ESM4 for each species showing long term trend value.
Dai,EN,E0407,Japan,Japan whole area,Animal,Species-level,Eugina mendicaria,,Marine,resurvey,Latitude (northward),Average (population density weighted),Density from survey,1978,2006,28,7,0,degree N,North,No,No,Yes,Yes,"Sea current, species interaction, ultraviolet radiation, salinity stress",stated,The shift was stated in Fig. 5 and ESM4 for each species showing long term trend value.
Dai,EN,E0407,Japan,Japan whole area,Animal,Species-level,Strigatella retusa,,Marine,resurvey,Latitude (northward),Average (population density weighted),Density from survey,1978,2006,28,7,-3.55271E-15,degree N,North,No,No,Yes,Yes,"Sea current, species interaction, ultraviolet radiation, salinity stress",stated,The shift was stated in Fig. 5 and ESM4 for each species showing long term trend value.
Dai,EN,E0407,Japan,Japan whole area,Animal,Species-level,Strigatella paupercula,,Marine,resurvey,Latitude (northward),Average (population density weighted),Density from survey,1978,2006,28,7,3.55271E-15,degree N,North,No,No,Yes,Yes,"Sea current, species interaction, ultraviolet radiation, salinity stress",stated,The shift was stated in Fig. 5 and ESM4 for each species showing long term trend value.
Dai,EN,E0407,Japan,Japan whole area,Animal,Species-level,Strigatella litterata,,Marine,resurvey,Latitude (northward),Average (population density weighted),Density from survey,1978,2006,28,7,3.55271E-15,degree N,North,No,No,Yes,Yes,"Sea current, species interaction, ultraviolet radiation, salinity stress",stated,The shift was stated in Fig. 5 and ESM4 for each species showing long term trend value.
Dai,EN,E0407,Japan,Japan whole area,Animal,Species-level,Conus (Virroconus) ebraeus,,Marine,resurvey,Latitude (northward),Average (population density weighted),Density from survey,1978,2006,28,7,-3.55271E-15,degree N,North,No,No,Yes,Yes,"Sea current, species interaction, ultraviolet radiation, salinity stress",stated,The shift was stated in Fig. 5 and ESM4 for each species showing long term trend value.
Dai,EN,E0407,Japan,Japan whole area,Animal,Species-level,Siphonaria laciniosa,,Marine,resurvey,Latitude (northward),Average (population density weighted),Density from survey,1978,2006,28,7,0,degree N,North,No,No,Yes,Yes,"Sea current, species interaction, ultraviolet radiation, salinity stress",stated,The shift was stated in Fig. 5 and ESM4 for each species showing long term trend value.
Dai,EN,E0407,Japan,Japan whole area,Animal,Species-level,Siphonaria (Sacculosiphonaria) japonica,,Marine,resurvey,Latitude (northward),Average (population density weighted),Density from survey,1978,2006,28,7,0.495126333,degree N,North,No,No,Yes,Yes,"Sea current, species interaction, ultraviolet radiation, salinity stress",stated,The shift was stated in Fig. 5 and ESM4 for each species showing long term trend value.
Dai,EN,E0407,Japan,Japan whole area,Animal,Species-level,Siphonaria (Anthosiphonaria) sirius,,Marine,resurvey,Latitude (northward),Average (population density weighted),Density from survey,1978,2006,28,7,-0.654172977,degree N,North,No,No,Yes,Yes,"Sea current, species interaction, ultraviolet radiation, salinity stress",stated,The shift was stated in Fig. 5 and ESM4 for each species showing long term trend value.
Dai,EN,E0407,Japan,Japan whole area,Animal,Species-level,Barbatia (Savignyarca) virescens,,Marine,resurvey,Latitude (northward),Average (population density weighted),Density from survey,1978,2006,28,7,-0.287548971,degree N,North,No,No,Yes,Yes,"Sea current, species interaction, ultraviolet radiation, salinity stress",stated,The shift was stated in Fig. 5 and ESM4 for each species showing long term trend value.
Dai,EN,E0407,Japan,Japan whole area,Animal,Species-level,Mytilus galloprovincialis,,Marine,resurvey,Latitude (northward),Average (population density weighted),Density from survey,1978,2006,28,7,6.930021475,degree N,North,No,No,Yes,Yes,"Sea current, species interaction, ultraviolet radiation, salinity stress",stated,The shift was stated in Fig. 5 and ESM4 for each species showing long term trend value.
Dai,EN,E0407,Japan,Japan whole area,Animal,Species-level,Septifer bilocularis,,Marine,resurvey,Latitude (northward),Average (population density weighted),Density from survey,1978,2006,28,7,-1.105705023,degree N,North,No,No,Yes,Yes,"Sea current, species interaction, ultraviolet radiation, salinity stress",stated,The shift was stated in Fig. 5 and ESM4 for each species showing long term trend value.
Dai,EN,E0407,Japan,Japan whole area,Animal,Species-level,Hormomya mutabilis,,Marine,resurvey,Latitude (northward),Average (population density weighted),Density from survey,1978,2006,28,7,-0.834837576,degree N,North,No,No,Yes,Yes,"Sea current, species interaction, ultraviolet radiation, salinity stress",stated,The shift was stated in Fig. 5 and ESM4 for each species showing long term trend value.
Dai,EN,E0407,Japan,Japan whole area,Animal,Species-level,Septifer virgatus,,Marine,resurvey,Latitude (northward),Average (population density weighted),Density from survey,1978,2006,28,7,2.217599211,degree N,North,No,No,Yes,Yes,"Sea current, species interaction, ultraviolet radiation, salinity stress",stated,The shift was stated in Fig. 5 and ESM4 for each species showing long term trend value.
Dai,EN,E0407,Japan,Japan whole area,Animal,Species-level,Modiolus auriculatus,,Marine,resurvey,Latitude (northward),Average (population density weighted),Density from survey,1978,2006,28,7,0,degree N,North,No,No,Yes,Yes,"Sea current, species interaction, ultraviolet radiation, salinity stress",stated,The shift was stated in Fig. 5 and ESM4 for each species showing long term trend value.
Dai,EN,E0407,Japan,Japan whole area,Animal,Species-level,Musculista senhousia,,Marine,resurvey,Latitude (northward),Average (population density weighted),Density from survey,1978,2006,28,7,0.647222222,degree N,North,No,No,Yes,Yes,"Sea current, species interaction, ultraviolet radiation, salinity stress",stated,The shift was stated in Fig. 5 and ESM4 for each species showing long term trend value.
Dai,EN,E0407,Japan,Japan whole area,Animal,Species-level,Saccostrea kegaki,,Marine,resurvey,Latitude (northward),Average (population density weighted),Density from survey,1978,2006,28,7,1.259656222,degree N,North,No,No,Yes,Yes,"Sea current, species interaction, ultraviolet radiation, salinity stress",stated,The shift was stated in Fig. 5 and ESM4 for each species showing long term trend value.
Dai,EN,E0407,Japan,Japan whole area,Animal,Species-level,Cardita leana,,Marine,resurvey,Latitude (northward),Average (population density weighted),Density from survey,1978,2006,28,7,2.780665349,degree N,North,No,No,Yes,Yes,"Sea current, species interaction, ultraviolet radiation, salinity stress",stated,The shift was stated in Fig. 5 and ESM4 for each species showing long term trend value.
Dai,EN,E0407,Japan,Japan whole area,Animal,Species-level,Irus mitis,,Marine,resurvey,Latitude (northward),Average (population density weighted),Density from survey,1978,2006,28,7,-2.24450363,degree N,North,No,No,Yes,Yes,"Sea current, species interaction, ultraviolet radiation, salinity stress",stated,The shift was stated in Fig. 5 and ESM4 for each species showing long term trend value.
Dai,EN,E0407,Japan,Japan whole area,Animal,Species-level,Cellana nigrolineata,,Marine,resurvey,Latitude (northward),Northern limit,Density from survey,1978,2006,28,7,-0.21875,degree N,North,No,No,Yes,Yes,"Sea current, species interaction, ultraviolet radiation, salinity stress",stated,The shift was stated in Fig. 5 and ESM4 for each species showing long term trend value.
Dai,EN,E0407,Japan,Japan whole area,Animal,Species-level,Patelloida saccharina form lanx,,Marine,resurvey,Latitude (northward),Northern limit,Density from survey,1978,2006,28,7,0,degree N,North,No,No,Yes,Yes,"Sea current, species interaction, ultraviolet radiation, salinity stress",stated,The shift was stated in Fig. 5 and ESM4 for each species showing long term trend value.
Dai,EN,E0407,Japan,Japan whole area,Animal,Species-level,Montfortula picta,,Marine,resurvey,Latitude (northward),Northern limit,Density from survey,1978,2006,28,7,0.569166667,degree N,North,No,No,Yes,Yes,"Sea current, species interaction, ultraviolet radiation, salinity stress",stated,The shift was stated in Fig. 5 and ESM4 for each species showing long term trend value.
Dai,EN,E0407,Japan,Japan whole area,Animal,Species-level,Diloma suavis,,Marine,resurvey,Latitude (northward),Northern limit,Density from survey,1978,2006,28,7,2.551527778,degree N,North,No,No,Yes,Yes,"Sea current, species interaction, ultraviolet radiation, salinity stress",stated,The shift was stated in Fig. 5 and ESM4 for each species showing long term trend value.
Dai,EN,E0407,Japan,Japan whole area,Animal,Species-level,Turbo (Marmarostoma) stenogyrus,,Marine,resurvey,Latitude (northward),Northern limit,Density from survey,1978,2006,28,7,3.332222222,degree N,North,No,No,Yes,Yes,"Sea current, species interaction, ultraviolet radiation, salinity stress",stated,The shift was stated in Fig. 5 and ESM4 for each species showing long term trend value.
Dai,EN,E0407,Japan,Japan whole area,Animal,Species-level,Nerita (Nerita) helicinoides,,Marine,resurvey,Latitude (northward),Northern limit,Density from survey,1978,2006,28,7,0,degree N,North,No,No,Yes,Yes,"Sea current, species interaction, ultraviolet radiation, salinity stress",stated,The shift was stated in Fig. 5 and ESM4 for each species showing long term trend value.
Dai,EN,E0407,Japan,Japan whole area,Animal,Species-level,Nerita (Theliostyla) albicilla,,Marine,resurvey,Latitude (northward),Northern limit,Density from survey,1978,2006,28,7,0.875277778,degree N,North,No,No,Yes,Yes,"Sea current, species interaction, ultraviolet radiation, salinity stress",stated,The shift was stated in Fig. 5 and ESM4 for each species showing long term trend value.
Dai,EN,E0407,Japan,Japan whole area,Animal,Species-level,Echininus cumingii spinulosus,,Marine,resurvey,Latitude (northward),Northern limit,Density from survey,1978,2006,28,7,0,degree N,North,No,No,Yes,Yes,"Sea current, species interaction, ultraviolet radiation, salinity stress",stated,The shift was stated in Fig. 5 and ESM4 for each species showing long term trend value.
Dai,EN,E0407,Japan,Japan whole area,Animal,Species-level,Nodilittorina trochoides,,Marine,resurvey,Latitude (northward),Northern limit,Density from survey,1978,2006,28,7,0.569166667,degree N,North,No,No,Yes,Yes,"Sea current, species interaction, ultraviolet radiation, salinity stress",stated,The shift was stated in Fig. 5 and ESM4 for each species showing long term trend value.
Dai,EN,E0407,Japan,Japan whole area,Animal,Species-level,Serpulorbis imbricatus,,Marine,resurvey,Latitude (northward),Northern limit,Density from survey,1978,2006,28,7,-1.989722222,degree N,North,No,No,Yes,Yes,"Sea current, species interaction, ultraviolet radiation, salinity stress",stated,The shift was stated in Fig. 5 and ESM4 for each species showing long term trend value.
Dai,EN,E0407,Japan,Japan whole area,Animal,Species-level,Morula granulata,,Marine,resurvey,Latitude (northward),Northern limit,Density from survey,1978,2006,28,7,0,degree N,North,No,No,Yes,Yes,"Sea current, species interaction, ultraviolet radiation, salinity stress",stated,The shift was stated in Fig. 5 and ESM4 for each species showing long term trend value.
Dai,EN,E0407,Japan,Japan whole area,Animal,Species-level,Eugina mendicaria,,Marine,resurvey,Latitude (northward),Northern limit,Density from survey,1978,2006,28,7,0,degree N,North,No,No,Yes,Yes,"Sea current, species interaction, ultraviolet radiation, salinity stress",stated,The shift was stated in Fig. 5 and ESM4 for each species showing long term trend value.
Dai,EN,E0407,Japan,Japan whole area,Animal,Species-level,Strigatella retusa,,Marine,resurvey,Latitude (northward),Northern limit,Density from survey,1978,2006,28,7,0,degree N,North,No,No,Yes,Yes,"Sea current, species interaction, ultraviolet radiation, salinity stress",stated,The shift was stated in Fig. 5 and ESM4 for each species showing long term trend value.
Dai,EN,E0407,Japan,Japan whole area,Animal,Species-level,Strigatella paupercula,,Marine,resurvey,Latitude (northward),Northern limit,Density from survey,1978,2006,28,7,0,degree N,North,No,No,Yes,Yes,"Sea current, species interaction, ultraviolet radiation, salinity stress",stated,The shift was stated in Fig. 5 and ESM4 for each species showing long term trend value.
Dai,EN,E0407,Japan,Japan whole area,Animal,Species-level,Strigatella litterata,,Marine,resurvey,Latitude (northward),Northern limit,Density from survey,1978,2006,28,7,0,degree N,North,No,No,Yes,Yes,"Sea current, species interaction, ultraviolet radiation, salinity stress",stated,The shift was stated in Fig. 5 and ESM4 for each species showing long term trend value.
Dai,EN,E0407,Japan,Japan whole area,Animal,Species-level,Conus (Virroconus) ebraeus,,Marine,resurvey,Latitude (northward),Northern limit,Density from survey,1978,2006,28,7,0,degree N,North,No,No,Yes,Yes,"Sea current, species interaction, ultraviolet radiation, salinity stress",stated,The shift was stated in Fig. 5 and ESM4 for each species showing long term trend value.
Dai,EN,E0407,Japan,Japan whole area,Animal,Species-level,Siphonaria laciniosa,,Marine,resurvey,Latitude (northward),Northern limit,Density from survey,1978,2006,28,7,0,degree N,North,No,No,Yes,Yes,"Sea current, species interaction, ultraviolet radiation, salinity stress",stated,The shift was stated in Fig. 5 and ESM4 for each species showing long term trend value.
Dai,EN,E0407,Japan,Japan whole area,Animal,Species-level,Septifer bilocularis,,Marine,resurvey,Latitude (northward),Northern limit,Density from survey,1978,2006,28,7,0,degree N,North,No,No,Yes,Yes,"Sea current, species interaction, ultraviolet radiation, salinity stress",stated,The shift was stated in Fig. 5 and ESM4 for each species showing long term trend value.
Dai,EN,E0407,Japan,Japan whole area,Animal,Species-level,Hormomya mutabilis,,Marine,resurvey,Latitude (northward),Northern limit,Density from survey,1978,2006,28,7,-1.770833333,degree N,North,No,No,Yes,Yes,"Sea current, species interaction, ultraviolet radiation, salinity stress",stated,The shift was stated in Fig. 5 and ESM4 for each species showing long term trend value.
Dai,EN,E0407,Japan,Japan whole area,Animal,Species-level,Modiolus auriculatus,,Marine,resurvey,Latitude (northward),Northern limit,Density from survey,1978,2006,28,7,0,degree N,North,No,No,Yes,Yes,"Sea current, species interaction, ultraviolet radiation, salinity stress",stated,The shift was stated in Fig. 5 and ESM4 for each species showing long term trend value.
Dai,EN,E0434,Japan,Hokkaido,Animal,Species-level,Ochotona hyperborea,,Alpine,resurvey,Elevation,Average,Occurrence,1960-2010,2021-2023,37,2,170,m,NA,yes,no,No,Yes,"Human activities, species interactions, landuse",Yes,Resurvey of the past elevational plots
Dai,EN,E0338,Japan,Japan whole area,Plant,Species-level,Cryptomeria japonica,,Forest,NA,Latitude (northward),Leading edge,Potential distribution,LGM (21000 years BP),1960,21010,1,NA,NA,NA,No,NA,No,Yes,Precipitation,No,SDM based model projection map was provided in current and LGM time
Dai,EN,E0352,Japan,Central part of Honshu,Animal,Species-level,Grylloblattodea: Grylloblattidae,,Forest,NA,Elevation,Trailing edge,Potential distribution,18000 years BP,1970-2000,18035,1,NA,NA,NA,No,NA,No,Yes,"Precipitation, isothermality",No,SDM based model projection map was provided in current and LGM time. Fig. 5 also provides shift map constructed from phylogeny but the time range is not described.
Dai,EN,E0390,Japan,Japan whole area,Plant,Species-level,Cypripedium japonicum,,Forest,NA,Latitude (northward),Leading edge,Potential distribution,LGM (21000 years BP),1950-2000,21025,1,NA,NA,NA,No,NA,Yes,Yes,"Precipitation, isothermality",No,SDM based model projection map was provided in current and LGM time
Dai,EN,E0402,"East Asia (China, Korea, Japan, Russia)","Mainland China, Korean Peninsula, Japanese Archipelago, East Russia",Plant,Species-level,Sargassum horneri,,Marine,NA,Latitude (northward),Leading edge,Potential distribution,20000,2010?,20060,1,2.386,degree N,North,No,NA,Yes,Yes,Mean primary productivity,Estimated,SDM based model projection map was provided in current and LGM time. Leading and trailing edge shift was read from Fig. 4 that showed northern and southern latitudinal boundaries of each time slice.
Dai,EN,E0402,"East Asia (China, Korea, Japan, Russia)","Mainland China, Korean Peninsula, Japanese Archipelago, East Russia",Plant,Species-level,Sargassum horneri,,Marine,NA,Latitude (northward),Trailing edge,Potential distribution,20000,2010?,20060,1,-9.315,degree N,North,No,NA,Yes,Yes,Mean primary productivity,Estimated,SDM based model projection map was provided in current and LGM time. Leading and trailing edge shift was read from Fig. 4 that showed northern and southern latitudinal boundaries of each time slice.
Dai,EN,E0414,Japan,Japan whole area,Plant,Species-level,Pterocarya rhoifolia,,Forest,NA,Latitude (northward),Leading edge,Potential distribution,LGM (21000 years BP),1970-2000?,21035,1,NA,NA,NA,No,NA,Yes,Yes,Precipitation,No,SDM based model projection map was provided in current and LGM time
Dai,EN,E0416,Japan,Kyushu island,Animal,Species-level,Nezara viridula,,"Forest, grassland",NA,Latitude (northward) or Elevation,Leading edge,Potential distribution,1960s,2001-2005,38,1,NA,NA,NA,No,NA,No,Yes,NA,No,Distribution projection based on temperature threshold
Dai,EN,E0424,Japan,Japan whole area,Plant,Species-level,Rubus palmatus,,Forest,NA,Latitude (northward),Leading edge,Potential distribution,LGM (21000 years BP),1960-1990,21025,1,NA,NA,NA,No,NA,No,Yes,"Precipitation, diurnal range, isothermality",No,SDM based model projection map was provided in current and LGM time
Dai,EN,E0424,Japan,Japan whole area,Plant,Species-level,Rubus grayanus,,Forest,NA,Latitude (northward),Leading edge,Potential distribution,LGM (21000 years BP),1960-1990,21025,1,NA,NA,NA,No,NA,No,Yes,"Precipitation, diurnal range, isothermality",No,SDM based model projection map was provided in current and LGM time
Hitomi,EN,E0267,"Japan, Aomori prefecture",Hakkoda Mountains (八甲田山),Plant,Species-level,Abies mariesii,,"Forest, Alpine",aerial photograph by Forest Agency,Elevation,Average,Abundance,1967,2003,36,1,20,m,NA,No,NA,No,No,Distance from moorland,stated,
